/*! \file  pm_config_target_pbs_ram.h 
 *   
 *  \brief  File Contains the PMIC Set Mode Driver Implementation 
 *  \details Set Mode Driver implementation is responsible for setting and getting 
 *  all mode settings such as Register values, memory values, etc. 
 *   
 *    PMIC code generation Version: 1.0.0.0 
 *    Date: 10/17/2023 
 *    PMIC PSI Version: Clarence-SBL-b0x20_v0x31 - Approved 
 *    PBS RAM Version: Tokei_PBS2_RAM_b0x20_v0x20_p0x00 
 *    PBS RAM Version: Tokei_PBS1_RAM_b0x20_v0x14_p0x00 
 *    PBS RAM Version: Tokei_PBS3_RAM_b0x20_v0x03_p0x00 
 *    PBS RAM Version: Puhi_RAM_b0x00_v0x0D_p0x00 
 *    PBS RAM Version: Cortes_RAM_b0x00_v0x02_p0x00 
 *    PBS RAM Version: Tioman_RAM_b0x06_v0x24 
 *    PBS RAM Version: Nebula_RAM_b0x20_v0x02_p0x00 
 *    This file contains code for Target specific settings and modes. 
 *   
 *  Copyright (c) 2018,2023 Qualcomm Technologies, Inc. All rights reserved. 
 *  Confidential and Proprietary - Qualcomm Technologies, Inc. 
 */ 
 
/*=========================================================================== 
 
                        EDIT HISTORY FOR MODULE 
 
  This document is created by a code generator, therefore this section will 
  not contain comments describing changes made to the module. 
 
$Header: $  
$DateTime: $  $Author: $ 
 
when       who     what, where, why 
--------   ---     ----------------------------------------------------------  
 
===========================================================================*/ 
 
/*=========================================================================== 
 
                     INCLUDE FILES  
 
===========================================================================*/ 
 
#include "pm_target_information.h" 
#include "pm_config_sbl.h" 
 
 
/*========================== PBS RAM LUT =============================*/ 
 
// To handle multiple PBS RAM configuration for different rev of the same PMIC or for multiple PMICs,
// a double dimension array of PBS RAM data is used. The data field of the specific command (in pm_config_target_sbl_sequence.c)
// to program PBS RAM will hold the index to the PBS RAM that needs to be used. during programming.
// Example:
// 1.sid; 2.data; 3.base_address; 4.offset;  5.reg_operation; 6.rev_id_operation; 7.rev_id;
// {0, 0x00, 0x0000, 0x000, PM_SBL_PBS_RAM, EQUAL, REV_ID_2_0},  //data = 0:  Use the 1st set of PBS RAM data if PMIC Rev ID = REV_ID_2_0
// {0, 0x01, 0x0000, 0x000, PM_SBL_PBS_RAM, EQUAL, REV_ID_1_0},  //data = 1:  Use the 2nd set of PBS RAM data if PMIC Rev ID = REV_ID_1_0


#define PM_PBS_RAM_A_ACTIVE_CODE_SIZE 0x0C22
#define PM_PBS_RAM_B_ACTIVE_CODE_SIZE 0x1FC2
#define PM_PBS_RAM_C_ACTIVE_CODE_SIZE 0x0296
#define PM_PBS_RAM_D_ACTIVE_CODE_SIZE 0x01F2
#define PM_PBS_RAM_E_ACTIVE_CODE_SIZE 0x01F2
#define PM_PBS_RAM_F_ACTIVE_CODE_SIZE 0x01F2
#define PM_PBS_RAM_G_ACTIVE_CODE_SIZE 0x01CB

#define PM_PBS_RAM_A_SIZE 0x1000
#define PM_PBS_RAM_B_SIZE 0x2000
#define PM_PBS_RAM_C_SIZE 0x1000
#define PM_PBS_RAM_D_SIZE 0x200
#define PM_PBS_RAM_E_SIZE 0x200
#define PM_PBS_RAM_F_SIZE 0x200
#define PM_PBS_RAM_G_SIZE 0x200
#define PM_PBS_RAM_Z_SIZE 0x11E5
/* Tokei_PBS2_RAM_b0x20_v0x20_p0x00 */
#define PM_PBS_RAM_A_DATA  { \
 /* data, offset, baseaddr, sid */ \
  { 0x00, 0x00, 0xD4, 0x2F }, \
  { 0x20, 0x20, 0x01, 0x18 }, \
  { 0x34, 0x40, 0xFF, 0x83 }, \
  { 0x34, 0x40, 0xFF, 0x83 }, \
  { 0xD0, 0x41, 0xFF, 0x83 }, \
  { 0x00, 0x00, 0x00, 0x00 }, \
  { 0x00, 0x00, 0x00, 0x00 }, \
  { 0x00, 0x00, 0x00, 0x00 }, \
  { 0x00, 0x00, 0x00, 0x00 }, \
  { 0x1C, 0x00, 0x00, 0x00 }, \
  { 0x07, 0x00, 0x00, 0x00 }, \
  { 0x76, 0x00, 0x00, 0x00 }, \
  { 0xA0, 0xFF, 0x00, 0x00 }, \
  { 0xFF, 0xFF, 0xFF, 0xFB }, \
  { 0xFF, 0xFF, 0xFF, 0xFB }, \
  { 0xFF, 0xFF, 0xFF, 0xFB }, \
  { 0x00, 0x00, 0x72, 0x29 }, \
  { 0x24, 0x40, 0x74, 0x29 }, \
  { 0xF4, 0xFF, 0x7E, 0xA3 }, \
  { 0x40, 0x6E, 0x70, 0x29 }, \
  { 0xF2, 0x0A, 0xFF, 0x44 }, \
  { 0x3C, 0x00, 0xFF, 0x9B }, \
  { 0xF6, 0x48, 0xFF, 0x0C }, \
  { 0xFF, 0xF6, 0x79, 0x2A }, \
  { 0xF4, 0xFF, 0xFF, 0x9F }, \
  { 0xFF, 0xFF, 0xFF, 0xFB }, \
  { 0xFF, 0xFF, 0xFF, 0xFB }, \
  { 0xFF, 0xFF, 0xFF, 0xFB }, \
  { 0xFF, 0xFF, 0xFF, 0xFB }, \
  { 0xFF, 0xFF, 0xFF, 0xFB }, \
  { 0xFF, 0xFF, 0xFF, 0xFB }, \
  { 0x18, 0x40, 0x7C, 0x29 }, \
  { 0x28, 0x40, 0x76, 0x29 }, \
  { 0x44, 0x00, 0xFF, 0x9B }, \
  { 0x0E, 0x34, 0xFF, 0x93 }, \
  { 0x18, 0x41, 0xFF, 0x83 }, \
  { 0xFF, 0xFF, 0xFF, 0xFB }, \
  { 0xFF, 0xFF, 0xFF, 0xFB }, \
  { 0xFF, 0xFF, 0xFF, 0xFB }, \
  { 0xFF, 0xFF, 0xFF, 0xFC }, \
  { 0xFF, 0xFF, 0xFF, 0xFB }, \
  { 0xFF, 0xFF, 0xFF, 0xFB }, \
  { 0xFF, 0xFF, 0xFF, 0xFB }, \
  { 0x14, 0x40, 0x7C, 0x29 }, \
  { 0x28, 0x40, 0x76, 0x29 }, \
  { 0x4C, 0x00, 0xFF, 0x9B }, \
  { 0x0E, 0x34, 0xFF, 0x93 }, \
  { 0x18, 0x41, 0xFF, 0x83 }, \
  { 0xFF, 0xFF, 0xFF, 0xFB }, \
  { 0xFF, 0xFF, 0xFF, 0xFB }, \
  { 0xFF, 0xFF, 0xFF, 0xFB }, \
  { 0xFF, 0xFF, 0xFF, 0xFC }, \
  { 0xFF, 0xFF, 0xFF, 0xFB }, \
  { 0xFF, 0xFF, 0xFF, 0xFB }, \
  { 0xFF, 0xFF, 0xFF, 0xFB }, \
  { 0x20, 0x40, 0x7C, 0x29 }, \
  { 0x48, 0x00, 0xFF, 0x9B }, \
  { 0x18, 0x41, 0xFF, 0x83 }, \
  { 0xFF, 0xFF, 0xFF, 0xFB }, \
  { 0xFF, 0xFF, 0xFF, 0xFB }, \
  { 0xFF, 0xFF, 0xFF, 0xFB }, \
  { 0xFF, 0xFF, 0xFF, 0xFB }, \
  { 0xFF, 0xFF, 0xFF, 0xFB }, \
  { 0xFF, 0xFF, 0xFF, 0xFB }, \
  { 0x1C, 0x40, 0x7C, 0x29 }, \
  { 0x50, 0x00, 0xFF, 0x9B }, \
  { 0x18, 0x41, 0xFF, 0x83 }, \
  { 0xFF, 0xFF, 0xFF, 0xFB }, \
  { 0xFF, 0xFF, 0xFF, 0xFB }, \
  { 0xFF, 0xFF, 0xFF, 0xFB }, \
  { 0xFF, 0xFF, 0xFF, 0xFB }, \
  { 0xFF, 0xFF, 0xFF, 0xFB }, \
  { 0xFF, 0xFF, 0xFF, 0xFB }, \
  { 0x03, 0x00, 0xFF, 0xD9 }, \
  { 0x30, 0x6F, 0x70, 0x29 }, \
  { 0x40, 0x00, 0xFF, 0x9B }, \
  { 0x03, 0x00, 0xFF, 0xDB }, \
  { 0xF4, 0xFF, 0xFF, 0x9F }, \
  { 0xFF, 0xFF, 0xFF, 0xFB }, \
  { 0xFF, 0xFF, 0xFF, 0xFB }, \
  { 0xFF, 0xFF, 0xFF, 0xFB }, \
  { 0x54, 0x00, 0xFF, 0x9B }, \
  { 0x24, 0x40, 0x74, 0x29 }, \
  { 0x58, 0x00, 0xFF, 0x9B }, \
  { 0x60, 0x00, 0x05, 0x60 }, \
  { 0x80, 0x6E, 0x70, 0x29 }, \
  { 0x38, 0x00, 0xFF, 0x9B }, \
  { 0x64, 0x00, 0xFF, 0x9B }, \
  { 0x08, 0x9D, 0x70, 0x4F }, \
  { 0x00, 0x81, 0x01, 0x91 }, \
  { 0x2C, 0x40, 0x78, 0x29 }, \
  { 0x20, 0x49, 0xFF, 0x9B }, \
  { 0xF4, 0xFF, 0xFF, 0x9F }, \
  { 0xFF, 0xFF, 0xFF, 0xFB }, \
  { 0xFF, 0xFF, 0xFF, 0xFB }, \
  { 0xFF, 0xFF, 0xFF, 0xFB }, \
  { 0xFF, 0xFF, 0xFF, 0xFC }, \
  { 0xFF, 0xFF, 0xFF, 0xFB }, \
  { 0xFF, 0xFF, 0xFF, 0xFB }, \
  { 0xFF, 0xFF, 0xFF, 0xFB }, \
  { 0x54, 0x00, 0xFF, 0x9B }, \
  { 0x24, 0x40, 0x74, 0x29 }, \
  { 0x5C, 0x00, 0xFF, 0x9B }, \
  { 0x60, 0x00, 0x05, 0x60 }, \
  { 0x80, 0x6E, 0x70, 0x29 }, \
  { 0x38, 0x00, 0xFF, 0x9B }, \
  { 0x64, 0x00, 0xFF, 0x9B }, \
  { 0x08, 0x9D, 0x70, 0x4F }, \
  { 0x00, 0x81, 0x01, 0x91 }, \
  { 0x2C, 0x40, 0x78, 0x29 }, \
  { 0x20, 0x49, 0xFF, 0x9B }, \
  { 0xF4, 0xFF, 0xFF, 0x9F }, \
  { 0xFF, 0xFF, 0xFF, 0xFB }, \
  { 0xFF, 0xFF, 0xFF, 0xFB }, \
  { 0xFF, 0xFF, 0xFF, 0xFB }, \
  { 0xFF, 0xFF, 0xFF, 0xFC }, \
  { 0xFF, 0xFF, 0xFF, 0xFB }, \
  { 0xFF, 0xFF, 0xFF, 0xFB }, \
  { 0xFF, 0xFF, 0xFF, 0xFB }, \
  { 0x24, 0x40, 0x74, 0x29 }, \
  { 0x00, 0x6F, 0x70, 0x29 }, \
  { 0x83, 0x00, 0x7A, 0x29 }, \
  { 0xFF, 0xFF, 0xFF, 0xFB }, \
  { 0x68, 0x00, 0xFF, 0x83 }, \
  { 0xFF, 0xFF, 0xFF, 0xFC }, \
  { 0xFF, 0xFF, 0xFF, 0xFC }, \
  { 0xFF, 0xFF, 0xFF, 0xFC }, \
  { 0xFF, 0xFF, 0xFF, 0xFB }, \
  { 0x00, 0x91, 0x08, 0x50 }, \
  { 0xFF, 0xFF, 0xFF, 0xFC }, \
  { 0xFF, 0xFF, 0xFF, 0xFB }, \
  { 0xFF, 0xFF, 0xFF, 0xFB }, \
  { 0xFF, 0xFF, 0xFF, 0xFB }, \
  { 0x03, 0x33, 0x1A, 0x50 }, \
  { 0x80, 0x32, 0x1A, 0x50 }, \
  { 0x05, 0x09, 0x08, 0x5E }, \
  { 0xE8, 0x49, 0xFF, 0x9B }, \
  { 0x30, 0x40, 0x76, 0xA1 }, \
  { 0x40, 0x4A, 0xFF, 0x9B }, \
  { 0x78, 0x4A, 0xFF, 0x9B }, \
  { 0x00, 0x52, 0xFF, 0x9B }, \
  { 0xA8, 0x4A, 0xFF, 0x9B }, \
  { 0x01, 0x48, 0x70, 0x4F }, \
  { 0x00, 0x47, 0x70, 0x4F }, \
  { 0x01, 0x10, 0x01, 0x92 }, \
  { 0xFC, 0x4F, 0xFF, 0x9B }, \
  { 0x00, 0x68, 0x74, 0x29 }, \
  { 0x80, 0x42, 0xFF, 0x83 }, \
  { 0x04, 0x00, 0x04, 0x91 }, \
  { 0x24, 0x68, 0x74, 0x29 }, \
  { 0x80, 0x42, 0xFF, 0x83 }, \
  { 0x08, 0x00, 0x08, 0x91 }, \
  { 0xF0, 0x48, 0x74, 0x29 }, \
  { 0x80, 0x42, 0xFF, 0x83 }, \
  { 0x00, 0x97, 0x70, 0x50 }, \
  { 0x01, 0x42, 0x8F, 0x51 }, \
  { 0x00, 0xDA, 0x8F, 0x51 }, \
  { 0x01, 0x41, 0x8F, 0x51 }, \
  { 0x0A, 0x00, 0xFF, 0xC1 }, \
  { 0x48, 0x68, 0x74, 0x29 }, \
  { 0xC4, 0x4B, 0xFF, 0x9B }, \
  { 0xF0, 0x4C, 0xFF, 0x9B }, \
  { 0x28, 0x4D, 0xFF, 0x9B }, \
  { 0x60, 0x4D, 0xFF, 0x9B }, \
  { 0x7C, 0x52, 0xFF, 0x9B }, \
  { 0x80, 0x31, 0x1A, 0x50 }, \
  { 0x80, 0x32, 0x1A, 0x50 }, \
  { 0x0A, 0x00, 0xFF, 0xC1 }, \
  { 0x00, 0x33, 0x1A, 0x50 }, \
  { 0x00, 0x9C, 0x70, 0x50 }, \
  { 0xFF, 0xFF, 0xFF, 0xFC }, \
  { 0xFF, 0xFF, 0xFF, 0xFB }, \
  { 0xFF, 0xFF, 0xFF, 0xFB }, \
  { 0xFF, 0xFF, 0xFF, 0xFB }, \
  { 0x03, 0x33, 0x1A, 0x50 }, \
  { 0x80, 0x32, 0x1A, 0x50 }, \
  { 0x0C, 0x82, 0x72, 0x73 }, \
  { 0x0A, 0x9C, 0x70, 0x4F }, \
  { 0x00, 0xA1, 0xFF, 0x96 }, \
  { 0x03, 0x00, 0x70, 0x28 }, \
  { 0xF8, 0x4D, 0xFF, 0x9B }, \
  { 0x01, 0x00, 0x70, 0x28 }, \
  { 0x03, 0x00, 0x73, 0x28 }, \
  { 0x0C, 0x4E, 0xFF, 0x9B }, \
  { 0xB0, 0x68, 0x76, 0x29 }, \
  { 0x10, 0x43, 0xFF, 0x83 }, \
  { 0x00, 0x45, 0x16, 0x58 }, \
  { 0x00, 0x45, 0x16, 0x52 }, \
  { 0x00, 0x40, 0x2C, 0x53 }, \
  { 0x03, 0x00, 0x70, 0x28 }, \
  { 0x00, 0x98, 0x08, 0x73 }, \
  { 0x01, 0x00, 0xFF, 0xC1 }, \
  { 0x07, 0x98, 0x08, 0x50 }, \
  { 0x00, 0x79, 0x05, 0x5E }, \
  { 0x00, 0x91, 0x05, 0x5E }, \
  { 0x90, 0x68, 0x76, 0x29 }, \
  { 0x07, 0x09, 0x08, 0x5E }, \
  { 0x01, 0x9B, 0x70, 0x50 }, \
  { 0xD8, 0x52, 0xFF, 0x9B }, \
  { 0x00, 0x9C, 0x70, 0x4F }, \
  { 0x01, 0x00, 0x70, 0x20 }, \
  { 0x00, 0x9C, 0x70, 0x73 }, \
  { 0x70, 0x4E, 0xFF, 0x9B }, \
  { 0x80, 0x4E, 0xFF, 0x9B }, \
  { 0x80, 0x31, 0x16, 0x50 }, \
  { 0x40, 0x83, 0x72, 0x50 }, \
  { 0xB4, 0x43, 0xFF, 0x83 }, \
  { 0xFF, 0xFF, 0xFF, 0xFB }, \
  { 0xFF, 0xFF, 0xFF, 0xFB }, \
  { 0xFF, 0xFF, 0xFF, 0xFB }, \
  { 0x0C, 0x84, 0x72, 0x73 }, \
  { 0x03, 0x33, 0x1A, 0x50 }, \
  { 0x80, 0x32, 0x1A, 0x50 }, \
  { 0x02, 0x09, 0x08, 0x5E }, \
  { 0x04, 0x00, 0x70, 0x28 }, \
  { 0x05, 0x00, 0x73, 0x28 }, \
  { 0x1C, 0x4E, 0xFF, 0x9B }, \
  { 0x00, 0x47, 0x09, 0x52 }, \
  { 0x04, 0x00, 0x70, 0x28 }, \
  { 0x05, 0x00, 0x73, 0x28 }, \
  { 0x40, 0x4E, 0xFF, 0x9B }, \
  { 0x04, 0x00, 0x70, 0x28 }, \
  { 0x05, 0x00, 0x73, 0x28 }, \
  { 0x64, 0x4E, 0xFF, 0x9B }, \
  { 0xE8, 0x56, 0xFF, 0x9B }, \
  { 0x03, 0x00, 0x70, 0x28 }, \
  { 0xF8, 0x4D, 0xFF, 0x9B }, \
  { 0x00, 0x9B, 0x70, 0x50 }, \
  { 0xF0, 0x56, 0xFF, 0x9B }, \
  { 0x40, 0x91, 0x08, 0x58 }, \
  { 0x40, 0x91, 0x08, 0x52 }, \
  { 0x80, 0x31, 0x1A, 0x50 }, \
  { 0x80, 0x85, 0x72, 0x50 }, \
  { 0x00, 0x82, 0x72, 0x50 }, \
  { 0x06, 0x00, 0x70, 0x28 }, \
  { 0xF8, 0x4D, 0xFF, 0x9B }, \
  { 0x08, 0x42, 0xFF, 0x83 }, \
  { 0xFF, 0xFF, 0xFF, 0xFB }, \
  { 0xFF, 0xFF, 0xFF, 0xFB }, \
  { 0xFF, 0xFF, 0xFF, 0xFB }, \
  { 0x03, 0x33, 0x1A, 0x50 }, \
  { 0x80, 0x32, 0x1A, 0x50 }, \
  { 0xE8, 0x4E, 0xFF, 0x9B }, \
  { 0x30, 0x4F, 0xFF, 0x9B }, \
  { 0x80, 0x31, 0x1A, 0x50 }, \
  { 0x80, 0x32, 0x1A, 0x50 }, \
  { 0x00, 0x00, 0xFF, 0xC1 }, \
  { 0x00, 0x33, 0x16, 0x50 }, \
  { 0x0A, 0x15, 0x08, 0x4F }, \
  { 0x10, 0x00, 0xFA, 0x30 }, \
  { 0x0A, 0x16, 0x08, 0x73 }, \
  { 0x0A, 0x15, 0x08, 0x73 }, \
  { 0x80, 0x79, 0x05, 0x5E }, \
  { 0x80, 0x91, 0x05, 0x5E }, \
  { 0xFF, 0xFF, 0xFF, 0xFC }, \
  { 0xFF, 0xFF, 0xFF, 0xFC }, \
  { 0xFF, 0xFF, 0xFF, 0xFC }, \
  { 0xFF, 0xFF, 0xFF, 0xFB }, \
  { 0xFF, 0xFF, 0xFF, 0xFB }, \
  { 0xFF, 0xFF, 0xFF, 0xFB }, \
  { 0x01, 0x8D, 0x08, 0x50 }, \
  { 0x8C, 0x4F, 0xFF, 0x9B }, \
  { 0x04, 0x09, 0x08, 0x5E }, \
  { 0x10, 0x16, 0x08, 0x50 }, \
  { 0x00, 0x46, 0x12, 0x50 }, \
  { 0x34, 0x00, 0xFF, 0x9B }, \
  { 0x00, 0x76, 0x2D, 0x50 }, \
  { 0xA0, 0x4F, 0xFF, 0x9B }, \
  { 0x00, 0x70, 0x70, 0x29 }, \
  { 0x38, 0x00, 0xFF, 0x9B }, \
  { 0x00, 0x8D, 0x08, 0x50 }, \
  { 0xF4, 0xFF, 0xFF, 0x9F }, \
  { 0xFF, 0xFF, 0xFF, 0xFB }, \
  { 0xFF, 0xFF, 0xFF, 0xFB }, \
  { 0x00, 0x00, 0x72, 0x29 }, \
  { 0x02, 0x50, 0x29, 0x4F }, \
  { 0x00, 0x21, 0xFF, 0x92 }, \
  { 0x80, 0x6F, 0x70, 0x29 }, \
  { 0x38, 0x00, 0xFF, 0x9B }, \
  { 0xF4, 0xFF, 0xFF, 0x9F }, \
  { 0xFF, 0xFF, 0xFF, 0xFC }, \
  { 0x00, 0x76, 0x70, 0x4F }, \
  { 0x05, 0x00, 0xFF, 0x92 }, \
  { 0x80, 0x46, 0x90, 0x51 }, \
  { 0x01, 0x40, 0x90, 0x51 }, \
  { 0x80, 0x44, 0x90, 0x51 }, \
  { 0x05, 0x52, 0x70, 0x50 }, \
  { 0xC0, 0x49, 0xB3, 0x51 }, \
  { 0x07, 0x44, 0xB0, 0x51 }, \
  { 0x80, 0x56, 0x2C, 0x50 }, \
  { 0x01, 0x51, 0x29, 0x50 }, \
  { 0x00, 0x76, 0x70, 0x4F }, \
  { 0x05, 0x00, 0xFF, 0x90 }, \
  { 0x00, 0x44, 0x90, 0x51 }, \
  { 0xFF, 0xFF, 0xFF, 0xFC }, \
  { 0x00, 0x76, 0x70, 0x4F }, \
  { 0x05, 0x00, 0xFF, 0x92 }, \
  { 0x80, 0x46, 0x90, 0x51 }, \
  { 0x01, 0x40, 0x90, 0x51 }, \
  { 0x80, 0x44, 0x90, 0x51 }, \
  { 0x00, 0x49, 0xB3, 0x51 }, \
  { 0x06, 0x44, 0xB0, 0x51 }, \
  { 0x00, 0x56, 0x2C, 0x50 }, \
  { 0x00, 0x76, 0x70, 0x4F }, \
  { 0x05, 0x00, 0xFF, 0x90 }, \
  { 0x00, 0x44, 0x90, 0x51 }, \
  { 0xFF, 0xFF, 0xFF, 0xFC }, \
  { 0x00, 0x56, 0x2C, 0x50 }, \
  { 0x01, 0x51, 0x29, 0x50 }, \
  { 0xFF, 0xFF, 0xFF, 0xFC }, \
  { 0x0A, 0x00, 0xFF, 0xC1 }, \
  { 0xFF, 0xFF, 0xFF, 0xFC }, \
  { 0x00, 0x31, 0x1A, 0x50 }, \
  { 0xA5, 0x00, 0x70, 0x28 }, \
  { 0x80, 0x30, 0x1A, 0x50 }, \
  { 0x00, 0xBE, 0x71, 0x73 }, \
  { 0x01, 0xBF, 0x71, 0x4F }, \
  { 0xA5, 0x11, 0xFF, 0x93 }, \
  { 0x80, 0xE0, 0x2D, 0x50 }, \
  { 0x00, 0xE1, 0x2D, 0x50 }, \
  { 0x01, 0xE1, 0x2D, 0x50 }, \
  { 0x00, 0x30, 0x1A, 0x50 }, \
  { 0x00, 0x30, 0x1A, 0x50 }, \
  { 0x00, 0xBE, 0x71, 0x50 }, \
  { 0x80, 0x31, 0x1A, 0x50 }, \
  { 0xFF, 0xFF, 0xFF, 0xFC }, \
  { 0x00, 0x76, 0x70, 0x4F }, \
  { 0x03, 0x00, 0xFF, 0x90 }, \
  { 0x80, 0x44, 0x90, 0x51 }, \
  { 0xFF, 0xFF, 0xFF, 0xFB }, \
  { 0x00, 0x83, 0x70, 0x4F }, \
  { 0x01, 0x00, 0x70, 0x20 }, \
  { 0x00, 0x83, 0x70, 0x73 }, \
  { 0x01, 0x52, 0x70, 0x50 }, \
  { 0x01, 0x51, 0x29, 0x50 }, \
  { 0x40, 0x46, 0x40, 0x4F }, \
  { 0x00, 0x01, 0xFF, 0x90 }, \
  { 0x74, 0x45, 0xFF, 0x83 }, \
  { 0x12, 0x40, 0xAA, 0x4F }, \
  { 0x13, 0x41, 0xAA, 0x4F }, \
  { 0x02, 0x77, 0x70, 0x73 }, \
  { 0x03, 0x78, 0x70, 0x73 }, \
  { 0x10, 0x40, 0xC2, 0x4F }, \
  { 0x11, 0x41, 0xC2, 0x4F }, \
  { 0x00, 0x75, 0x70, 0x73 }, \
  { 0x01, 0x76, 0x70, 0x73 }, \
  { 0x10, 0x40, 0xAA, 0x73 }, \
  { 0x11, 0x41, 0xAA, 0x73 }, \
  { 0x02, 0x45, 0xC2, 0x51 }, \
  { 0x03, 0x45, 0xAA, 0x51 }, \
  { 0x01, 0x46, 0x0A, 0x5E }, \
  { 0x01, 0x46, 0x24, 0x54 }, \
  { 0x00, 0x4A, 0x51, 0x5E }, \
  { 0x04, 0x45, 0x0D, 0x51 }, \
  { 0x22, 0x45, 0x14, 0x51 }, \
  { 0x40, 0x41, 0x0E, 0x5E }, \
  { 0x00, 0x41, 0x0E, 0x53 }, \
  { 0x04, 0x45, 0xD1, 0x51 }, \
  { 0x4C, 0x48, 0xD1, 0x61 }, \
  { 0x4C, 0x48, 0xD3, 0x61 }, \
  { 0x4C, 0x48, 0xD5, 0x61 }, \
  { 0x4C, 0x48, 0xD6, 0x61 }, \
  { 0x00, 0x72, 0x9F, 0x51 }, \
  { 0x00, 0x73, 0x9F, 0x51 }, \
  { 0x26, 0x00, 0xFE, 0xC1 }, \
  { 0xBC, 0x48, 0x9E, 0x61 }, \
  { 0xC0, 0x00, 0xFE, 0xC1 }, \
  { 0x02, 0xA9, 0x9E, 0x51 }, \
  { 0x00, 0xAD, 0x9F, 0x51 }, \
  { 0x00, 0x46, 0x47, 0x53 }, \
  { 0x03, 0x44, 0xB0, 0x51 }, \
  { 0x00, 0x76, 0x70, 0x4F }, \
  { 0x03, 0x00, 0xFF, 0x90 }, \
  { 0x00, 0x44, 0x90, 0x51 }, \
  { 0xFF, 0xFF, 0xFF, 0xFC }, \
  { 0x00, 0x76, 0x70, 0x4F }, \
  { 0x04, 0x00, 0xFF, 0x90 }, \
  { 0x80, 0x44, 0x90, 0x51 }, \
  { 0xFF, 0xFF, 0xFF, 0xFB }, \
  { 0x00, 0x84, 0x70, 0x4F }, \
  { 0x01, 0x00, 0x70, 0x20 }, \
  { 0x00, 0x84, 0x70, 0x73 }, \
  { 0x02, 0x52, 0x70, 0x50 }, \
  { 0x07, 0x44, 0xB0, 0x51 }, \
  { 0x80, 0x46, 0x47, 0x53 }, \
  { 0x07, 0x45, 0xAA, 0x51 }, \
  { 0x33, 0x72, 0x9F, 0x51 }, \
  { 0x33, 0x73, 0x9F, 0x51 }, \
  { 0x40, 0x49, 0x9E, 0x51 }, \
  { 0x00, 0xA9, 0x9E, 0x51 }, \
  { 0x88, 0xEC, 0x9E, 0x51 }, \
  { 0x40, 0xAD, 0x9F, 0x51 }, \
  { 0xC0, 0x00, 0xFE, 0xC1 }, \
  { 0x08, 0xEC, 0x9E, 0x51 }, \
  { 0x88, 0xEC, 0x9E, 0x51 }, \
  { 0xC0, 0x00, 0xFE, 0xC1 }, \
  { 0x08, 0xEC, 0x9E, 0x51 }, \
  { 0xAC, 0x48, 0xD1, 0x61 }, \
  { 0xAC, 0x48, 0xD3, 0x61 }, \
  { 0xAC, 0x48, 0xD5, 0x61 }, \
  { 0xAC, 0x48, 0xD6, 0x61 }, \
  { 0x07, 0x45, 0xD1, 0x51 }, \
  { 0x80, 0x41, 0x0E, 0x5E }, \
  { 0xA2, 0x45, 0x14, 0x51 }, \
  { 0x07, 0x45, 0x0D, 0x51 }, \
  { 0x80, 0x4A, 0x51, 0x5E }, \
  { 0x81, 0x46, 0x24, 0x54 }, \
  { 0x81, 0x46, 0x0A, 0x5E }, \
  { 0x40, 0x46, 0x40, 0x4F }, \
  { 0x00, 0x01, 0xFF, 0x90 }, \
  { 0x90, 0x46, 0xFF, 0x83 }, \
  { 0x02, 0x77, 0x70, 0x4F }, \
  { 0x03, 0x78, 0x70, 0x4F }, \
  { 0x12, 0x40, 0xAA, 0x73 }, \
  { 0x13, 0x41, 0xAA, 0x73 }, \
  { 0x07, 0x45, 0xC2, 0x51 }, \
  { 0x00, 0x75, 0x70, 0x4F }, \
  { 0x01, 0x76, 0x70, 0x4F }, \
  { 0x10, 0x40, 0xC2, 0x73 }, \
  { 0x11, 0x41, 0xC2, 0x73 }, \
  { 0x01, 0x51, 0x29, 0x50 }, \
  { 0x00, 0x76, 0x70, 0x4F }, \
  { 0x04, 0x00, 0xFF, 0x90 }, \
  { 0x00, 0x44, 0x90, 0x51 }, \
  { 0xFF, 0xFF, 0xFF, 0xFC }, \
  { 0x00, 0x76, 0x70, 0x4F }, \
  { 0x01, 0x00, 0xFF, 0x90 }, \
  { 0x80, 0x44, 0x90, 0x51 }, \
  { 0xFF, 0xFF, 0xFF, 0xFB }, \
  { 0x00, 0x65, 0x70, 0x4F }, \
  { 0x01, 0x00, 0x70, 0x20 }, \
  { 0x00, 0x65, 0x70, 0x73 }, \
  { 0x03, 0x52, 0x70, 0x50 }, \
  { 0x00, 0x48, 0x2C, 0x53 }, \
  { 0x00, 0x4A, 0x59, 0x58 }, \
  { 0x00, 0x4A, 0x59, 0x52 }, \
  { 0x00, 0xE4, 0x31, 0x58 }, \
  { 0x00, 0xE4, 0x31, 0x52 }, \
  { 0x00, 0x4A, 0x59, 0x52 }, \
  { 0x00, 0x56, 0x2C, 0x4F }, \
  { 0x00, 0x00, 0xFF, 0x91 }, \
  { 0x03, 0x44, 0xB3, 0x51 }, \
  { 0x03, 0x44, 0xB0, 0x51 }, \
  { 0x01, 0x51, 0x29, 0x50 }, \
  { 0x00, 0x76, 0x70, 0x4F }, \
  { 0x01, 0x00, 0xFF, 0x90 }, \
  { 0x00, 0x44, 0x90, 0x51 }, \
  { 0xFF, 0xFF, 0xFF, 0xFC }, \
  { 0x00, 0x76, 0x70, 0x4F }, \
  { 0x02, 0x00, 0xFF, 0x90 }, \
  { 0x80, 0x44, 0x90, 0x51 }, \
  { 0xFF, 0xFF, 0xFF, 0xFB }, \
  { 0x00, 0x66, 0x70, 0x4F }, \
  { 0x01, 0x00, 0x70, 0x20 }, \
  { 0x00, 0x66, 0x70, 0x73 }, \
  { 0x04, 0x52, 0x70, 0x50 }, \
  { 0x01, 0x4A, 0x59, 0x58 }, \
  { 0x06, 0xE4, 0x31, 0x58 }, \
  { 0x01, 0x4A, 0x59, 0x52 }, \
  { 0x06, 0xE4, 0x31, 0x52 }, \
  { 0x06, 0x48, 0x2C, 0x53 }, \
  { 0x00, 0x56, 0x2C, 0x4F }, \
  { 0x00, 0x00, 0xFF, 0x90 }, \
  { 0x06, 0x44, 0xB3, 0x51 }, \
  { 0x01, 0x51, 0x29, 0x50 }, \
  { 0x00, 0x76, 0x70, 0x4F }, \
  { 0x02, 0x00, 0xFF, 0x90 }, \
  { 0x00, 0x44, 0x90, 0x51 }, \
  { 0xFF, 0xFF, 0xFF, 0xFC }, \
  { 0x07, 0x52, 0x70, 0x50 }, \
  { 0x00, 0x47, 0xD8, 0x51 }, \
  { 0x0C, 0x00, 0xFF, 0xC1 }, \
  { 0x00, 0x46, 0xD8, 0x51 }, \
  { 0x01, 0x51, 0x29, 0x50 }, \
  { 0xFF, 0xFF, 0xFF, 0xFC }, \
  { 0x08, 0x52, 0x70, 0x50 }, \
  { 0x00, 0x47, 0xDC, 0x51 }, \
  { 0x0C, 0x00, 0xFF, 0xC1 }, \
  { 0x00, 0x46, 0xDC, 0x51 }, \
  { 0x01, 0x51, 0x29, 0x50 }, \
  { 0xFF, 0xFF, 0xFF, 0xFC }, \
  { 0x09, 0x52, 0x70, 0x50 }, \
  { 0x10, 0x88, 0xD8, 0x4F }, \
  { 0x02, 0x00, 0xF0, 0x30 }, \
  { 0x10, 0x88, 0xD8, 0x73 }, \
  { 0xBF, 0x00, 0xFE, 0xC1 }, \
  { 0x10, 0x88, 0xD8, 0x4F }, \
  { 0xFD, 0x00, 0xF0, 0x2C }, \
  { 0x10, 0x88, 0xD8, 0x73 }, \
  { 0xBF, 0x00, 0xFE, 0xC1 }, \
  { 0x00, 0x46, 0xD8, 0x51 }, \
  { 0x00, 0x47, 0xD8, 0x51 }, \
  { 0xBF, 0x00, 0xFE, 0xC1 }, \
  { 0x80, 0x46, 0xD8, 0x51 }, \
  { 0x0A, 0x00, 0xFF, 0xC1 }, \
  { 0x01, 0x47, 0xD8, 0x51 }, \
  { 0xBF, 0x00, 0xFE, 0xC1 }, \
  { 0x00, 0x46, 0xD8, 0x51 }, \
  { 0x01, 0x51, 0x29, 0x50 }, \
  { 0x0A, 0xA1, 0x9E, 0x4F }, \
  { 0x01, 0x00, 0x7A, 0x20 }, \
  { 0x0A, 0xA1, 0x9E, 0x73 }, \
  { 0xFF, 0xFF, 0xFF, 0xFC }, \
  { 0x0A, 0x52, 0x70, 0x50 }, \
  { 0x10, 0x88, 0xDC, 0x4F }, \
  { 0x02, 0x00, 0xF0, 0x30 }, \
  { 0x10, 0x88, 0xDC, 0x73 }, \
  { 0xBF, 0x00, 0xFE, 0xC1 }, \
  { 0x10, 0x88, 0xDC, 0x4F }, \
  { 0xFD, 0x00, 0xF0, 0x2C }, \
  { 0x10, 0x88, 0xDC, 0x73 }, \
  { 0xBF, 0x00, 0xFE, 0xC1 }, \
  { 0x00, 0x46, 0xDC, 0x51 }, \
  { 0x00, 0x47, 0xDC, 0x51 }, \
  { 0xBF, 0x00, 0xFE, 0xC1 }, \
  { 0x80, 0x46, 0xDC, 0x51 }, \
  { 0x0A, 0x00, 0xFF, 0xC1 }, \
  { 0x01, 0x47, 0xDC, 0x51 }, \
  { 0xBF, 0x00, 0xFE, 0xC1 }, \
  { 0x00, 0x46, 0xDC, 0x51 }, \
  { 0x01, 0x51, 0x29, 0x50 }, \
  { 0x0A, 0xA3, 0x9E, 0x4F }, \
  { 0x01, 0x00, 0x7A, 0x20 }, \
  { 0x0A, 0xA3, 0x9E, 0x73 }, \
  { 0xFF, 0xFF, 0xFF, 0xFC }, \
  { 0x00, 0x46, 0x59, 0x4F }, \
  { 0x80, 0x01, 0x80, 0x91 }, \
  { 0x00, 0x49, 0xD7, 0x51 }, \
  { 0xFF, 0xFF, 0xFF, 0xFC }, \
  { 0x80, 0x49, 0xD7, 0x51 }, \
  { 0xFF, 0xFF, 0xFF, 0xFC }, \
  { 0xF0, 0x08, 0xFF, 0x44 }, \
  { 0x03, 0x01, 0x03, 0xB7 }, \
  { 0xF0, 0x60, 0xFF, 0x44 }, \
  { 0x7F, 0x00, 0xF0, 0x2C }, \
  { 0xF0, 0x60, 0xFF, 0x0C }, \
  { 0xFF, 0xFF, 0xFF, 0x8F }, \
  { 0xF0, 0x3F, 0xFF, 0x44 }, \
  { 0x7F, 0x00, 0xF0, 0x2C }, \
  { 0xF0, 0x3F, 0xFF, 0x0C }, \
  { 0xFF, 0xFF, 0xFF, 0x8F }, \
  { 0xF0, 0x40, 0xFF, 0x44 }, \
  { 0xF1, 0x41, 0xFF, 0x44 }, \
  { 0xF6, 0xFF, 0x70, 0xA7 }, \
  { 0x02, 0x00, 0x76, 0x21 }, \
  { 0xFF, 0xFF, 0xFF, 0x8F }, \
  { 0xF6, 0xFF, 0x70, 0xA3 }, \
  { 0xF0, 0x40, 0xFF, 0x0C }, \
  { 0xF1, 0x41, 0xFF, 0x0C }, \
  { 0x02, 0x00, 0x76, 0x21 }, \
  { 0xFF, 0xFF, 0xFF, 0x8F }, \
  { 0xF0, 0x3F, 0xFF, 0x44 }, \
  { 0x80, 0x00, 0xF0, 0x30 }, \
  { 0xF0, 0x3F, 0xFF, 0x0C }, \
  { 0xFF, 0xFF, 0xFF, 0x8F }, \
  { 0xF0, 0x60, 0xFF, 0x44 }, \
  { 0x80, 0x00, 0xF0, 0x30 }, \
  { 0xF0, 0x60, 0xFF, 0x0C }, \
  { 0xFF, 0xFF, 0xFF, 0x8F }, \
  { 0xF0, 0x45, 0xFF, 0x44 }, \
  { 0x03, 0x00, 0xFF, 0x90 }, \
  { 0x00, 0x49, 0xFF, 0x04 }, \
  { 0xFF, 0xFF, 0xFF, 0x8F }, \
  { 0x30, 0x05, 0x01, 0x4F }, \
  { 0x3C, 0x00, 0x71, 0x28 }, \
  { 0x00, 0x66, 0x7A, 0x29 }, \
  { 0x10, 0xA1, 0xFF, 0xAE }, \
  { 0xFF, 0xFF, 0xFF, 0xFC }, \
  { 0xFF, 0xFF, 0xFF, 0xFC }, \
  { 0xFF, 0xFF, 0xFF, 0xFC }, \
  { 0x3C, 0x66, 0xFF, 0x9B }, \
  { 0xFF, 0xFF, 0xFF, 0xFC }, \
  { 0x08, 0x00, 0x00, 0xA0 }, \
  { 0x00, 0xA0, 0x00, 0x00 }, \
  { 0x64, 0x00, 0x00, 0x01 }, \
  { 0x00, 0x01, 0x00, 0x00 }, \
  { 0x1C, 0x03, 0x04, 0x04 }, \
  { 0x00, 0x04, 0x00, 0x00 }, \
  { 0x62, 0x00, 0x00, 0x02 }, \
  { 0x00, 0x02, 0x00, 0x00 }, \
  { 0xFF, 0xFF, 0xFF, 0xFF }, \
  { 0xFF, 0xFF, 0xFF, 0xFF }, \
  { 0xFF, 0xFF, 0xFF, 0xFF }, \
  { 0xFF, 0xFF, 0xFF, 0xFF }, \
  { 0x00, 0xC0, 0xFF, 0xD9 }, \
  { 0xF8, 0xFF, 0x7E, 0xA3 }, \
  { 0xFF, 0xF2, 0x70, 0x2A }, \
  { 0x02, 0x4A, 0xFF, 0x04 }, \
  { 0x54, 0x49, 0xFF, 0x9B }, \
  { 0xFF, 0xF3, 0x70, 0x2A }, \
  { 0x02, 0x4A, 0xFF, 0x04 }, \
  { 0x54, 0x49, 0xFF, 0x9B }, \
  { 0x00, 0x54, 0x51, 0x4F }, \
  { 0x02, 0x4A, 0xFF, 0x04 }, \
  { 0x54, 0x49, 0xFF, 0x9B }, \
  { 0x00, 0xC0, 0xFF, 0xDB }, \
  { 0xFF, 0xFF, 0xFF, 0x8F }, \
  { 0xFE, 0x3F, 0xFF, 0xD9 }, \
  { 0xF1, 0x45, 0xFF, 0x44 }, \
  { 0xF2, 0x46, 0xFF, 0x44 }, \
  { 0xF3, 0x47, 0xFF, 0x44 }, \
  { 0xF4, 0x48, 0xFF, 0x44 }, \
  { 0xF5, 0x49, 0xFF, 0x44 }, \
  { 0xF6, 0x4A, 0xFF, 0x44 }, \
  { 0x01, 0x61, 0x01, 0xB7 }, \
  { 0xFF, 0xFE, 0x77, 0x2A }, \
  { 0xFE, 0xF3, 0x7E, 0x22 }, \
  { 0xF0, 0xF2, 0xFF, 0x0E }, \
  { 0x01, 0x00, 0x72, 0x20 }, \
  { 0xC0, 0x00, 0x7C, 0x28 }, \
  { 0xCC, 0x49, 0x7A, 0x29 }, \
  { 0xC2, 0xA1, 0xFF, 0xAE }, \
  { 0xFF, 0xF7, 0x7E, 0x2A }, \
  { 0xF2, 0x46, 0xFF, 0x0C }, \
  { 0xF3, 0x47, 0xFF, 0x0C }, \
  { 0x01, 0x00, 0x78, 0x28 }, \
  { 0xB8, 0x49, 0x7A, 0x29 }, \
  { 0x53, 0xA1, 0xFF, 0xAE }, \
  { 0x01, 0x00, 0xF6, 0x2C }, \
  { 0xF6, 0x4A, 0xFF, 0x0C }, \
  { 0xFE, 0x3F, 0xFF, 0xDB }, \
  { 0xFF, 0xFF, 0xFF, 0x8F }, \
  { 0xC4, 0x49, 0x7A, 0x29 }, \
  { 0x42, 0xA1, 0xFF, 0xAE }, \
  { 0xFF, 0xFF, 0xFF, 0x8F }, \
  { 0xF6, 0xF8, 0xF6, 0x32 }, \
  { 0xFF, 0xFF, 0xFF, 0x8F }, \
  { 0x4B, 0x00, 0x72, 0x28 }, \
  { 0x01, 0x00, 0x73, 0x20 }, \
  { 0xE0, 0x49, 0x7A, 0x29 }, \
  { 0x13, 0xA5, 0xFF, 0xAE }, \
  { 0xFF, 0xFF, 0xFF, 0x8F }, \
  { 0x00, 0x00, 0x73, 0x28 }, \
  { 0xFF, 0xFF, 0xFF, 0x8F }, \
  { 0xFF, 0xFF, 0xFF, 0xFB }, \
  { 0x0B, 0x00, 0xFF, 0xC1 }, \
  { 0x52, 0x84, 0x08, 0x5E }, \
  { 0x31, 0x86, 0x08, 0x5E }, \
  { 0xFF, 0xFF, 0xFF, 0x8F }, \
  { 0xFF, 0xFF, 0xFF, 0xFB }, \
  { 0x01, 0xC0, 0xFF, 0xD9 }, \
  { 0x00, 0x09, 0x08, 0x4F }, \
  { 0x74, 0x00, 0x7E, 0x29 }, \
  { 0x02, 0x4A, 0xFF, 0x04 }, \
  { 0x54, 0x49, 0xFF, 0x9B }, \
  { 0xFF, 0xF1, 0x70, 0x2A }, \
  { 0x02, 0x4A, 0xFF, 0x04 }, \
  { 0x54, 0x49, 0xFF, 0x9B }, \
  { 0xFF, 0xF3, 0x70, 0x2A }, \
  { 0x02, 0x4A, 0xFF, 0x04 }, \
  { 0x54, 0x49, 0xFF, 0x9B }, \
  { 0xFF, 0xF2, 0x70, 0x2A }, \
  { 0x02, 0x4A, 0xFF, 0x04 }, \
  { 0x54, 0x49, 0xFF, 0x9B }, \
  { 0x01, 0xC0, 0xFF, 0xDB }, \
  { 0xFF, 0xFF, 0xFF, 0x8F }, \
  { 0xFF, 0xFF, 0xFF, 0xFB }, \
  { 0x00, 0x00, 0x7F, 0x28 }, \
  { 0x80, 0x41, 0x0E, 0x5E }, \
  { 0x01, 0xE3, 0xFF, 0x5E }, \
  { 0x0C, 0x00, 0xFF, 0x9B }, \
  { 0x1E, 0x00, 0xFF, 0xC1 }, \
  { 0x00, 0x41, 0x0E, 0x5E }, \
  { 0xFF, 0xF0, 0x74, 0x2B }, \
  { 0xFF, 0xFF, 0xFF, 0xFB }, \
  { 0xFF, 0xFF, 0xFF, 0xFB }, \
  { 0xFF, 0xF4, 0x72, 0x2B }, \
  { 0x03, 0x00, 0x71, 0x28 }, \
  { 0xFC, 0x49, 0xFF, 0x9B }, \
  { 0xFF, 0xFF, 0xFF, 0x8F }, \
  { 0xFF, 0xFF, 0xFF, 0xFB }, \
  { 0x01, 0x00, 0x70, 0x29 }, \
  { 0x2C, 0x00, 0xFF, 0x9B }, \
  { 0x01, 0x21, 0x01, 0x90 }, \
  { 0x78, 0x4A, 0xFF, 0x83 }, \
  { 0xFF, 0xFF, 0xFF, 0xFB }, \
  { 0x0A, 0x57, 0x70, 0x73 }, \
  { 0x0B, 0x58, 0x70, 0x73 }, \
  { 0xFF, 0xF4, 0x72, 0x2B }, \
  { 0x05, 0x00, 0x71, 0x28 }, \
  { 0xFC, 0x49, 0xFF, 0x9B }, \
  { 0xFF, 0xFF, 0xFF, 0x8F }, \
  { 0xFF, 0xFF, 0xFF, 0xFB }, \
  { 0x08, 0x41, 0x39, 0x00 }, \
  { 0x00, 0xA0, 0xD1, 0x51 }, \
  { 0x70, 0x4B, 0x0B, 0x60 }, \
  { 0xE4, 0x44, 0x0B, 0x50 }, \
  { 0x1E, 0x00, 0xFF, 0xC1 }, \
  { 0x05, 0x42, 0xB3, 0x50 }, \
  { 0x00, 0x42, 0x36, 0x50 }, \
  { 0x00, 0x44, 0x36, 0x50 }, \
  { 0x80, 0x46, 0x36, 0x50 }, \
  { 0x80, 0x47, 0x36, 0x50 }, \
  { 0x60, 0x4B, 0xFF, 0x9B }, \
  { 0x01, 0x51, 0x36, 0x4F }, \
  { 0x01, 0x59, 0x36, 0x73 }, \
  { 0x00, 0x50, 0x36, 0x4F }, \
  { 0x00, 0x58, 0x36, 0x73 }, \
  { 0x01, 0x44, 0x36, 0x50 }, \
  { 0x80, 0x47, 0x36, 0x50 }, \
  { 0x60, 0x4B, 0xFF, 0x9B }, \
  { 0x03, 0x51, 0x36, 0x4F }, \
  { 0x02, 0x50, 0x36, 0x4F }, \
  { 0xF2, 0xF0, 0x74, 0x27 }, \
  { 0x05, 0x5D, 0x36, 0x73 }, \
  { 0x04, 0x5C, 0x36, 0x73 }, \
  { 0x02, 0x44, 0x36, 0x50 }, \
  { 0x80, 0x47, 0x36, 0x50 }, \
  { 0x60, 0x4B, 0xFF, 0x9B }, \
  { 0x07, 0x51, 0x36, 0x4F }, \
  { 0x06, 0x50, 0x36, 0x4F }, \
  { 0xF6, 0xF0, 0x78, 0x27 }, \
  { 0x09, 0x5B, 0x36, 0x73 }, \
  { 0x08, 0x5A, 0x36, 0x73 }, \
  { 0x80, 0x57, 0x36, 0x50 }, \
  { 0x10, 0x42, 0x36, 0x50 }, \
  { 0x48, 0x44, 0x36, 0x50 }, \
  { 0x80, 0x47, 0x36, 0x50 }, \
  { 0x60, 0x4B, 0xFF, 0x9B }, \
  { 0x0B, 0x50, 0x36, 0x4F }, \
  { 0x0C, 0x51, 0x36, 0x4F }, \
  { 0x0B, 0x4D, 0x70, 0x73 }, \
  { 0x0C, 0x4E, 0x70, 0x73 }, \
  { 0x00, 0x46, 0x0B, 0x50 }, \
  { 0xE0, 0x44, 0x0B, 0x50 }, \
  { 0x80, 0xA0, 0xD1, 0x51 }, \
  { 0x02, 0x45, 0x39, 0x50 }, \
  { 0xFF, 0xFF, 0xFF, 0x8F }, \
  { 0x03, 0x00, 0xFF, 0xC1 }, \
  { 0x0A, 0x08, 0x36, 0x4F }, \
  { 0x01, 0xA1, 0x01, 0xB7 }, \
  { 0x60, 0x4B, 0xFF, 0x83 }, \
  { 0x05, 0xDA, 0xFF, 0x04 }, \
  { 0x01, 0xD8, 0xFF, 0x04 }, \
  { 0x80, 0x46, 0xFF, 0x04 }, \
  { 0x00, 0x4B, 0x70, 0x4F }, \
  { 0x00, 0x01, 0x01, 0x90 }, \
  { 0xBC, 0x4B, 0xFF, 0x83 }, \
  { 0x02, 0x47, 0x70, 0x4F }, \
  { 0x03, 0x48, 0x70, 0x4F }, \
  { 0x02, 0x01, 0x02, 0x90 }, \
  { 0xFF, 0xFF, 0xFF, 0xFB }, \
  { 0x01, 0x00, 0x70, 0x29 }, \
  { 0xFF, 0xFF, 0x70, 0x3B }, \
  { 0xF0, 0xF2, 0xF2, 0x2F }, \
  { 0xF3, 0xF2, 0xF2, 0x32 }, \
  { 0x00, 0x21, 0xFF, 0x93 }, \
  { 0xF0, 0x08, 0xFF, 0x44 }, \
  { 0x80, 0x01, 0x80, 0x92 }, \
  { 0xBF, 0x00, 0xFE, 0xC1 }, \
  { 0xAC, 0x4B, 0xFF, 0x83 }, \
  { 0x05, 0x00, 0xFF, 0xC1 }, \
  { 0xFF, 0xFF, 0xFF, 0x8F }, \
  { 0xFF, 0xFF, 0xFF, 0xFB }, \
  { 0x80, 0x46, 0x05, 0x50 }, \
  { 0x80, 0x46, 0x05, 0x51 }, \
  { 0x80, 0x46, 0x05, 0x53 }, \
  { 0x80, 0x46, 0x05, 0x58 }, \
  { 0x80, 0x46, 0x05, 0x52 }, \
  { 0x80, 0x46, 0x05, 0x54 }, \
  { 0x80, 0x46, 0x05, 0x56 }, \
  { 0x80, 0x46, 0x05, 0x57 }, \
  { 0x80, 0x46, 0x05, 0x5A }, \
  { 0xF4, 0x4B, 0xFF, 0x9B }, \
  { 0xFF, 0xFF, 0xFF, 0x8F }, \
  { 0xFF, 0xFF, 0xFF, 0xFB }, \
  { 0x4C, 0x4C, 0x9F, 0x60 }, \
  { 0xBF, 0xD5, 0xFF, 0x91 }, \
  { 0x48, 0xD1, 0xFF, 0x90 }, \
  { 0xFF, 0xFF, 0xFF, 0x8F }, \
  { 0x10, 0x4C, 0x9F, 0x60 }, \
  { 0xF4, 0x4B, 0xFF, 0x83 }, \
  { 0xFF, 0xFF, 0xFF, 0xFB }, \
  { 0x01, 0x45, 0xFF, 0x04 }, \
  { 0x01, 0x46, 0xFF, 0x04 }, \
  { 0x48, 0x00, 0x76, 0x28 }, \
  { 0x2C, 0x4C, 0xFF, 0x9B }, \
  { 0x02, 0x46, 0xFF, 0x04 }, \
  { 0xFF, 0xFF, 0xFF, 0x8F }, \
  { 0xF4, 0xFF, 0xF0, 0xA3 }, \
  { 0xF0, 0xF6, 0xFF, 0x0F }, \
  { 0xFF, 0x11, 0xFF, 0xB7 }, \
  { 0x02, 0x00, 0x76, 0x20 }, \
  { 0xF2, 0xF6, 0xFF, 0x0F }, \
  { 0x02, 0x00, 0x76, 0x20 }, \
  { 0x04, 0x00, 0x74, 0x21 }, \
  { 0x2C, 0x4C, 0xFF, 0x83 }, \
  { 0xFF, 0xFF, 0xFF, 0xFB }, \
  { 0x48, 0x00, 0x7D, 0x28 }, \
  { 0xFF, 0xFF, 0xFF, 0xFB }, \
  { 0xF0, 0x46, 0xFF, 0x44 }, \
  { 0x02, 0x01, 0xFF, 0x90 }, \
  { 0xFF, 0xFF, 0xFF, 0x8F }, \
  { 0xFF, 0xFF, 0xFF, 0xFB }, \
  { 0xF6, 0xFD, 0xFF, 0x47 }, \
  { 0xFF, 0x70, 0xFF, 0x90 }, \
  { 0xFF, 0xFF, 0xFF, 0x8F }, \
  { 0xBF, 0xD2, 0xFF, 0x90 }, \
  { 0xFF, 0xFF, 0xFF, 0x8F }, \
  { 0x02, 0x00, 0x7D, 0x20 }, \
  { 0xF0, 0xFD, 0xFF, 0x47 }, \
  { 0x02, 0x00, 0x7D, 0x20 }, \
  { 0xF2, 0xFD, 0xFF, 0x47 }, \
  { 0x04, 0x00, 0x7D, 0x20 }, \
  { 0xFF, 0xFF, 0xFF, 0xD9 }, \
  { 0xFF, 0xF6, 0x7E, 0x2B }, \
  { 0xA4, 0x4C, 0xFF, 0x9B }, \
  { 0xFF, 0xFF, 0xFF, 0xDB }, \
  { 0x64, 0x4C, 0xFF, 0x83 }, \
  { 0xFF, 0xFF, 0xFF, 0xFB }, \
  { 0x02, 0x00, 0x74, 0x29 }, \
  { 0x00, 0xF0, 0xFF, 0x90 }, \
  { 0x03, 0x00, 0x74, 0x29 }, \
  { 0xFF, 0xFF, 0xFF, 0xFB }, \
  { 0xF3, 0x16, 0xFF, 0x0C }, \
  { 0xF4, 0x1A, 0xFF, 0x0D }, \
  { 0xF8, 0x11, 0xFF, 0x44 }, \
  { 0xF8, 0xF0, 0xF0, 0x32 }, \
  { 0xF0, 0x11, 0xFF, 0x0C }, \
  { 0xF8, 0x12, 0xFF, 0x44 }, \
  { 0xF8, 0xF1, 0xF1, 0x32 }, \
  { 0xF1, 0x12, 0xFF, 0x0C }, \
  { 0xF8, 0x13, 0xFF, 0x44 }, \
  { 0xF8, 0xF2, 0xF2, 0x32 }, \
  { 0xF2, 0x13, 0xFF, 0x0C }, \
  { 0xF3, 0x14, 0xFF, 0x0C }, \
  { 0xF3, 0x15, 0xFF, 0x0C }, \
  { 0xFF, 0xFF, 0xFF, 0x8F }, \
  { 0x00, 0x46, 0x70, 0x4F }, \
  { 0x07, 0x00, 0x71, 0x28 }, \
  { 0x04, 0x4D, 0x72, 0x29 }, \
  { 0x01, 0x21, 0xFF, 0xAE }, \
  { 0xFF, 0xFF, 0xFF, 0x8F }, \
  { 0xA5, 0x57, 0x08, 0x50 }, \
  { 0x00, 0x03, 0x01, 0x4F }, \
  { 0x01, 0x05, 0xFF, 0xB7 }, \
  { 0x80, 0xE0, 0x08, 0x50 }, \
  { 0x20, 0xE1, 0x08, 0x50 }, \
  { 0x01, 0x00, 0xFF, 0xC1 }, \
  { 0x00, 0xE0, 0x08, 0x50 }, \
  { 0x00, 0xE1, 0x08, 0x50 }, \
  { 0xFF, 0xFF, 0xFF, 0x8F }, \
  { 0x00, 0x4A, 0x08, 0x4F }, \
  { 0x08, 0x00, 0xFF, 0xB7 }, \
  { 0x04, 0x16, 0x08, 0x50 }, \
  { 0x00, 0x11, 0x08, 0x4F }, \
  { 0x04, 0x00, 0xF0, 0x30 }, \
  { 0x00, 0x11, 0x08, 0x73 }, \
  { 0x00, 0x12, 0x08, 0x4F }, \
  { 0x04, 0x00, 0xF0, 0x30 }, \
  { 0x00, 0x12, 0x08, 0x73 }, \
  { 0x04, 0x14, 0x08, 0x50 }, \
  { 0x04, 0x15, 0x08, 0x50 }, \
  { 0x01, 0x8D, 0x08, 0x53 }, \
  { 0x01, 0x8D, 0x08, 0x58 }, \
  { 0xFF, 0xFF, 0xFF, 0x8F }, \
  { 0xFF, 0xFF, 0xFF, 0xFB }, \
  { 0x30, 0x05, 0x01, 0x4F }, \
  { 0x3C, 0x01, 0xFF, 0x94 }, \
  { 0x80, 0x05, 0x01, 0x4F }, \
  { 0x2E, 0x01, 0xFF, 0x92 }, \
  { 0x20, 0x05, 0x01, 0x4F }, \
  { 0x25, 0x01, 0xFF, 0x96 }, \
  { 0xFF, 0xFF, 0xFF, 0x8F }, \
  { 0xB0, 0x4D, 0xFF, 0x9B }, \
  { 0x00, 0x01, 0x04, 0xB7 }, \
  { 0x00, 0x9F, 0x71, 0x4F }, \
  { 0x01, 0x01, 0x01, 0xB7 }, \
  { 0xC0, 0x4D, 0xFF, 0x9B }, \
  { 0xFF, 0xFF, 0xFF, 0x8F }, \
  { 0x20, 0x10, 0x76, 0x4F }, \
  { 0x00, 0x01, 0x08, 0xB7 }, \
  { 0x00, 0x9F, 0x71, 0x4F }, \
  { 0x01, 0x01, 0x01, 0xB7 }, \
  { 0xC0, 0x4D, 0xFF, 0x9B }, \
  { 0xFF, 0xFF, 0xFF, 0x8F }, \
  { 0x30, 0x10, 0x1C, 0x4F }, \
  { 0x81, 0x10, 0x73, 0x4F }, \
  { 0xF1, 0xF0, 0xF0, 0x32 }, \
  { 0xFF, 0xFF, 0xFF, 0x8F }, \
  { 0x80, 0xE0, 0x1C, 0x53 }, \
  { 0x04, 0xE1, 0x1C, 0x53 }, \
  { 0x80, 0xE0, 0x73, 0x58 }, \
  { 0x04, 0xE1, 0x73, 0x58 }, \
  { 0x80, 0xE0, 0x76, 0x52 }, \
  { 0x08, 0xE1, 0x76, 0x52 }, \
  { 0x01, 0x00, 0xFF, 0xC1 }, \
  { 0x00, 0xE0, 0x1C, 0x53 }, \
  { 0x00, 0xE1, 0x1C, 0x53 }, \
  { 0x00, 0xE0, 0x73, 0x58 }, \
  { 0x00, 0xE1, 0x73, 0x58 }, \
  { 0x00, 0xE0, 0x76, 0x52 }, \
  { 0x00, 0xE1, 0x76, 0x52 }, \
  { 0xFF, 0xFF, 0xFF, 0x8F }, \
  { 0xFF, 0xFF, 0xFF, 0xFB }, \
  { 0xE0, 0x98, 0x08, 0x73 }, \
  { 0x01, 0x00, 0xFF, 0xC1 }, \
  { 0x07, 0x98, 0x08, 0x5E }, \
  { 0xFF, 0xFF, 0xFF, 0x8F }, \
  { 0x1C, 0x4E, 0xFF, 0x9B }, \
  { 0x40, 0x4E, 0xFF, 0x9B }, \
  { 0x64, 0x4E, 0xFF, 0x9B }, \
  { 0xFF, 0xFF, 0xFF, 0x8F }, \
  { 0x00, 0x63, 0x08, 0x58 }, \
  { 0x05, 0x00, 0xFF, 0xC1 }, \
  { 0x80, 0x62, 0x08, 0x73 }, \
  { 0x80, 0x63, 0x08, 0x58 }, \
  { 0xA5, 0x64, 0x08, 0x58 }, \
  { 0x83, 0x98, 0x08, 0x73 }, \
  { 0x01, 0x00, 0xFF, 0xC1 }, \
  { 0x07, 0x98, 0x08, 0x58 }, \
  { 0xFF, 0xFF, 0xFF, 0x8F }, \
  { 0x00, 0x63, 0x08, 0x52 }, \
  { 0x05, 0x00, 0xFF, 0xC1 }, \
  { 0x20, 0x62, 0x08, 0x73 }, \
  { 0x80, 0x63, 0x08, 0x52 }, \
  { 0xA5, 0x64, 0x08, 0x52 }, \
  { 0x23, 0x98, 0x08, 0x73 }, \
  { 0x01, 0x00, 0xFF, 0xC1 }, \
  { 0x07, 0x98, 0x08, 0x52 }, \
  { 0xFF, 0xFF, 0xFF, 0x8F }, \
  { 0xFF, 0xFF, 0xFF, 0xFB }, \
  { 0xFF, 0xFF, 0xFF, 0xFB }, \
  { 0xFF, 0xFF, 0xFF, 0x8F }, \
  { 0xFF, 0xFF, 0xFF, 0xFB }, \
  { 0x10, 0x03, 0xFF, 0xB7 }, \
  { 0x00, 0x91, 0x08, 0x50 }, \
  { 0xFF, 0xFF, 0xFF, 0xFC }, \
  { 0xFF, 0xFF, 0xFF, 0xFB }, \
  { 0x0F, 0x00, 0x71, 0x28 }, \
  { 0xFC, 0x49, 0xFF, 0x9B }, \
  { 0x94, 0x4E, 0xFF, 0x9B }, \
  { 0xFF, 0xFF, 0xFF, 0x8F }, \
  { 0x40, 0x91, 0x08, 0x58 }, \
  { 0x40, 0x91, 0x08, 0x52 }, \
  { 0xFF, 0xFF, 0xFF, 0xFB }, \
  { 0xFF, 0xFF, 0xFF, 0xFB }, \
  { 0x9B, 0x19, 0x76, 0x29 }, \
  { 0x99, 0x00, 0x7D, 0x28 }, \
  { 0x01, 0x4B, 0x70, 0x4F }, \
  { 0x02, 0x11, 0x02, 0x90 }, \
  { 0x80, 0x30, 0x16, 0x50 }, \
  { 0xFF, 0xFF, 0xFF, 0xFB }, \
  { 0x03, 0xE5, 0x07, 0x50 }, \
  { 0x08, 0x0E, 0x7E, 0x29 }, \
  { 0x80, 0x99, 0xFF, 0x05 }, \
  { 0x02, 0xE5, 0x07, 0x50 }, \
  { 0x24, 0x00, 0x08, 0x60 }, \
  { 0x00, 0x30, 0x16, 0x50 }, \
  { 0x08, 0x00, 0x71, 0x28 }, \
  { 0x02, 0x9C, 0x70, 0x4F }, \
  { 0xFC, 0x49, 0xFF, 0x9B }, \
  { 0x01, 0x00, 0x72, 0x20 }, \
  { 0xFF, 0xFF, 0xFF, 0x8F }, \
  { 0xFF, 0xFF, 0xFF, 0xFB }, \
  { 0x02, 0x4C, 0x70, 0x4F }, \
  { 0x02, 0x4F, 0x70, 0x73 }, \
  { 0x00, 0x4C, 0x70, 0x50 }, \
  { 0x80, 0x46, 0x05, 0x50 }, \
  { 0x03, 0x09, 0x08, 0x50 }, \
  { 0x03, 0x09, 0x08, 0x5E }, \
  { 0x00, 0x00, 0x72, 0x29 }, \
  { 0x0E, 0x00, 0x71, 0x28 }, \
  { 0xFC, 0x49, 0xFF, 0x9B }, \
  { 0x00, 0x9C, 0x70, 0x4F }, \
  { 0x00, 0x05, 0xFF, 0x90 }, \
  { 0x04, 0x52, 0x08, 0x50 }, \
  { 0x17, 0x07, 0x70, 0x29 }, \
  { 0x10, 0x17, 0x72, 0x29 }, \
  { 0x08, 0x00, 0x7E, 0x29 }, \
  { 0xA4, 0x4C, 0xFF, 0x9B }, \
  { 0xFF, 0xFF, 0xFF, 0x8F }, \
  { 0x72, 0x00, 0x7E, 0x29 }, \
  { 0x78, 0x00, 0x72, 0x28 }, \
  { 0x80, 0x00, 0x73, 0x28 }, \
  { 0x69, 0x23, 0xFF, 0x94 }, \
  { 0xF0, 0xF2, 0xFF, 0x46 }, \
  { 0xF0, 0xF3, 0xFF, 0x0E }, \
  { 0x01, 0x00, 0x72, 0x24 }, \
  { 0x01, 0x00, 0x73, 0x24 }, \
  { 0x3C, 0x4F, 0xFF, 0x83 }, \
  { 0x00, 0xC7, 0x08, 0x4F }, \
  { 0x00, 0x86, 0x72, 0x73 }, \
  { 0x00, 0xC8, 0x08, 0x4F }, \
  { 0x00, 0x87, 0x72, 0x73 }, \
  { 0x00, 0xCA, 0x08, 0x4F }, \
  { 0x00, 0x88, 0x72, 0x73 }, \
  { 0x88, 0x00, 0x72, 0x28 }, \
  { 0x70, 0x00, 0x73, 0x28 }, \
  { 0x81, 0x23, 0xFF, 0xB7 }, \
  { 0xF0, 0xF2, 0xFF, 0x46 }, \
  { 0xF0, 0xF3, 0xFF, 0x0E }, \
  { 0x01, 0x00, 0x72, 0x24 }, \
  { 0x01, 0x00, 0x73, 0x24 }, \
  { 0x74, 0x4F, 0xFF, 0x83 }, \
  { 0xFF, 0xFF, 0xFF, 0xFB }, \
  { 0x00, 0x48, 0x64, 0x4F }, \
  { 0x7F, 0x00, 0xF0, 0x2C }, \
  { 0x00, 0x48, 0x64, 0x73 }, \
  { 0xFF, 0xFF, 0xFF, 0x8F }, \
  { 0xFF, 0xFF, 0xFF, 0xFB }, \
  { 0x04, 0x09, 0x08, 0x50 }, \
  { 0x06, 0x00, 0x71, 0x28 }, \
  { 0xFC, 0x49, 0xFF, 0x9B }, \
  { 0x02, 0x8D, 0x72, 0x4F }, \
  { 0x08, 0xE0, 0xFF, 0x96 }, \
  { 0xFC, 0xFF, 0x70, 0xBF }, \
  { 0xF2, 0xFF, 0x71, 0x38 }, \
  { 0x42, 0x00, 0x71, 0x20 }, \
  { 0xF2, 0xF1, 0xFF, 0x46 }, \
  { 0x02, 0x46, 0x70, 0x73 }, \
  { 0x07, 0x00, 0x71, 0x28 }, \
  { 0xFC, 0x49, 0xFF, 0x9B }, \
  { 0x00, 0x00, 0x73, 0x28 }, \
  { 0xFF, 0xFF, 0xFF, 0xFB }, \
  { 0xFF, 0xFF, 0xFF, 0x8F }, \
  { 0xFF, 0xFF, 0x78, 0x29 }, \
  { 0xFF, 0xFF, 0x7A, 0x29 }, \
  { 0xF4, 0xF0, 0x72, 0x27 }, \
  { 0xFF, 0x06, 0xFF, 0xB7 }, \
  { 0xF0, 0xFF, 0xF8, 0xA7 }, \
  { 0x04, 0x00, 0x70, 0x21 }, \
  { 0xE8, 0x4F, 0xFF, 0x83 }, \
  { 0x80, 0x05, 0x01, 0x4F }, \
  { 0x2E, 0x00, 0xFF, 0xB7 }, \
  { 0x80, 0x94, 0x16, 0x4F }, \
  { 0xFB, 0x00, 0xF0, 0x2C }, \
  { 0x80, 0x94, 0x16, 0x73 }, \
  { 0x03, 0x00, 0xFF, 0xC1 }, \
  { 0xFF, 0xFF, 0xFF, 0x8F }, \
  { 0xFF, 0xFF, 0xFF, 0xFF }, \
  { 0xFF, 0xFF, 0xFF, 0xFF }, \
  { 0xFF, 0xFF, 0xFF, 0xFF }, \
  { 0xFF, 0xFF, 0xFF, 0xFF }, \
  { 0xFF, 0xFF, 0xFF, 0xFF }, \
  { 0xFF, 0xFF, 0xFF, 0xFF }, \
  { 0xFF, 0xFF, 0xFF, 0xFF }, \
  { 0xFF, 0xFF, 0xFF, 0xFF }, \
  { 0xFF, 0xFF, 0xFF, 0xFF }, \
  { 0xFF, 0xFF, 0xFF, 0xFF }, \
  { 0xFF, 0xFF, 0xFF, 0xFF }, \
  { 0xFF, 0xFF, 0xFF, 0xFF }, \
  { 0xFF, 0xFF, 0xFF, 0xFF }, \
  { 0xFF, 0xFF, 0xFF, 0xFF }, \
  { 0xFF, 0xFF, 0xFF, 0xFF }, \
  { 0xFF, 0xFF, 0xFF, 0xFF }, \
  { 0xFF, 0xFF, 0xFF, 0xFF }, \
  { 0xFF, 0xFF, 0xFF, 0xFF }, \
  { 0xFF, 0xFF, 0xFF, 0xFF }, \
  { 0xFF, 0xFF, 0xFF, 0xFF }, \
  { 0xFF, 0xFF, 0xFF, 0xFF }, \
  { 0xFF, 0xFF, 0xFF, 0xFF }, \
  { 0xFF, 0xFF, 0xFF, 0xFF }, \
  { 0xFF, 0xFF, 0xFF, 0xFF }, \
  { 0xFF, 0xFF, 0xFF, 0xFF }, \
  { 0xFF, 0xFF, 0xFF, 0xFF }, \
  { 0xFF, 0xFF, 0xFF, 0xFF }, \
  { 0xFF, 0xFF, 0xFF, 0xFF }, \
  { 0xFF, 0xFF, 0xFF, 0xFF }, \
  { 0xFF, 0xFF, 0xFF, 0xFF }, \
  { 0xFF, 0xFF, 0xFF, 0xFF }, \
  { 0xFF, 0xFF, 0xFF, 0xFF }, \
  { 0xFF, 0xFF, 0xFF, 0xFF }, \
  { 0xFF, 0xFF, 0xFF, 0xFF }, \
  { 0xFF, 0xFF, 0xFF, 0xFF }, \
  { 0xFF, 0xFF, 0xFF, 0xFF }, \
  { 0xFF, 0xFF, 0xFF, 0xFF }, \
  { 0xFF, 0xFF, 0xFF, 0xFF }, \
  { 0xFF, 0xFF, 0xFF, 0xFF }, \
  { 0xFF, 0xFF, 0xFF, 0xFF }, \
  { 0xFF, 0xFF, 0xFF, 0xFF }, \
  { 0xFF, 0xFF, 0xFF, 0xFF }, \
  { 0xFF, 0xFF, 0xFF, 0xFF }, \
  { 0xFF, 0xFF, 0xFF, 0xFF }, \
  { 0xFF, 0xFF, 0xFF, 0xFF }, \
  { 0xFF, 0xFF, 0xFF, 0xFF }, \
  { 0xFF, 0xFF, 0xFF, 0xFF }, \
  { 0xFF, 0xFF, 0xFF, 0xFF }, \
  { 0xFF, 0xFF, 0xFF, 0xFF }, \
  { 0xFF, 0xFF, 0xFF, 0xFF }, \
  { 0xFF, 0xFF, 0xFF, 0xFF }, \
  { 0xFF, 0xFF, 0xFF, 0xFF }, \
  { 0xFF, 0xFF, 0xFF, 0xFF }, \
  { 0xFF, 0xFF, 0xFF, 0xFF }, \
  { 0xFF, 0xFF, 0xFF, 0xFF }, \
  { 0xFF, 0xFF, 0xFF, 0xFF }, \
  { 0xFF, 0xFF, 0xFF, 0xFF }, \
  { 0xFF, 0xFF, 0xFF, 0xFF }, \
  { 0xFF, 0xFF, 0xFF, 0xFF }, \
  { 0xFF, 0xFF, 0xFF, 0xFF }, \
  { 0xFF, 0xFF, 0xFF, 0xFF }, \
  { 0xFF, 0xFF, 0xFF, 0xFF }, \
  { 0xFF, 0xFF, 0xFF, 0xFF }, \
  { 0xFF, 0xFF, 0xFF, 0xFF }, \
  { 0xFF, 0xFF, 0xFF, 0xFF }, \
  { 0xFF, 0xFF, 0xFF, 0xFF }, \
  { 0xFF, 0xFF, 0xFF, 0xFF }, \
  { 0xFF, 0xFF, 0xFF, 0xFF }, \
  { 0xFF, 0xFF, 0xFF, 0xFF }, \
  { 0xFF, 0xFF, 0xFF, 0xFF }, \
  { 0xFF, 0xFF, 0xFF, 0xFF }, \
  { 0xFF, 0xFF, 0xFF, 0xFF }, \
  { 0xFF, 0xFF, 0xFF, 0xFF }, \
  { 0xFF, 0xFF, 0xFF, 0xFF }, \
  { 0xFF, 0xFF, 0xFF, 0xFF }, \
  { 0xFF, 0xFF, 0xFF, 0xFF }, \
  { 0xFF, 0xFF, 0xFF, 0xFF }, \
  { 0xFF, 0xFF, 0xFF, 0xFF }, \
  { 0xFF, 0xFF, 0xFF, 0xFF }, \
  { 0xFF, 0xFF, 0xFF, 0xFF }, \
  { 0xFF, 0xFF, 0xFF, 0xFF }, \
  { 0xFF, 0xFF, 0xFF, 0xFF }, \
  { 0xFF, 0xFF, 0xFF, 0xFF }, \
  { 0xFF, 0xFF, 0xFF, 0xFF }, \
  { 0xFF, 0xFF, 0xFF, 0xFF }, \
  { 0xFF, 0xFF, 0xFF, 0xFF }, \
  { 0xFF, 0xFF, 0xFF, 0xFF }, \
  { 0xFF, 0xFF, 0xFF, 0xFF }, \
  { 0xFF, 0xFF, 0xFF, 0xFF }, \
  { 0xFF, 0xFF, 0xFF, 0xFF }, \
  { 0xFF, 0xFF, 0xFF, 0xFF }, \
  { 0xFF, 0xFF, 0xFF, 0xFF }, \
  { 0xFF, 0xFF, 0xFF, 0xFF }, \
  { 0xFF, 0xFF, 0xFF, 0xFF }, \
  { 0xFF, 0xFF, 0xFF, 0xFF }, \
  { 0xFF, 0xFF, 0xFF, 0xFF }, \
  { 0xFF, 0xFF, 0xFF, 0xFF }, \
  { 0xFF, 0xFF, 0xFF, 0xFF }, \
  { 0xFF, 0xFF, 0xFF, 0xFF }, \
  { 0xFF, 0xFF, 0xFF, 0xFF }, \
  { 0xFF, 0xFF, 0xFF, 0xFF }, \
  { 0xFF, 0xFF, 0xFF, 0xFF }, \
  { 0xFF, 0xFF, 0xFF, 0xFF }, \
  { 0xFF, 0xFF, 0xFF, 0xFF }, \
  { 0xFF, 0xFF, 0xFF, 0xFF }, \
  { 0xFF, 0xFF, 0xFF, 0xFF }, \
  { 0xFF, 0xFF, 0xFF, 0xFF }, \
  { 0xFF, 0xFF, 0xFF, 0xFF }, \
  { 0xFF, 0xFF, 0xFF, 0xFF }, \
  { 0xFF, 0xFF, 0xFF, 0xFF }, \
  { 0xFF, 0xFF, 0xFF, 0xFF }, \
  { 0xFF, 0xFF, 0xFF, 0xFF }, \
  { 0xFF, 0xFF, 0xFF, 0xFF }, \
  { 0xFF, 0xFF, 0xFF, 0xFF }, \
  { 0xFF, 0xFF, 0xFF, 0xFF }, \
  { 0xFF, 0xFF, 0xFF, 0xFF }, \
  { 0xFF, 0xFF, 0xFF, 0xFF }, \
  { 0xFF, 0xFF, 0xFF, 0xFF }, \
  { 0xFF, 0xFF, 0xFF, 0xFF }, \
  { 0xFF, 0xFF, 0xFF, 0xFF }, \
  { 0xFF, 0xFF, 0xFF, 0xFF }, \
  { 0xFF, 0xFF, 0xFF, 0xFF }, \
  { 0x00, 0x03, 0x01, 0x4F }, \
  { 0x02, 0x03, 0xFF, 0x90 }, \
  { 0xFF, 0xFF, 0xFF, 0x8F }, \
  { 0x00, 0x40, 0x88, 0x51 }, \
  { 0x80, 0x46, 0x88, 0x51 }, \
  { 0x10, 0x08, 0x88, 0x4F }, \
  { 0x00, 0x01, 0x01, 0x90 }, \
  { 0x40, 0x52, 0xFF, 0x83 }, \
  { 0x01, 0xDA, 0x50, 0x50 }, \
  { 0x01, 0xDA, 0x51, 0x50 }, \
  { 0x80, 0x46, 0x50, 0x50 }, \
  { 0x70, 0x00, 0xFF, 0xC1 }, \
  { 0x00, 0x08, 0x50, 0x4F }, \
  { 0x80, 0x01, 0x80, 0x90 }, \
  { 0x2C, 0x52, 0xFF, 0x83 }, \
  { 0xAA, 0x40, 0x51, 0x50 }, \
  { 0x00, 0x00, 0x7F, 0x28 }, \
  { 0x01, 0x00, 0x7E, 0x28 }, \
  { 0x00, 0x47, 0x70, 0x4F }, \
  { 0x01, 0x48, 0x70, 0x4F }, \
  { 0x01, 0x01, 0x01, 0x90 }, \
  { 0x6C, 0x52, 0xFF, 0x83 }, \
  { 0xF5, 0x03, 0xFF, 0x44 }, \
  { 0xF4, 0x02, 0xFF, 0x44 }, \
  { 0xF4, 0xFF, 0x75, 0x38 }, \
  { 0xF5, 0xF4, 0xF6, 0x32 }, \
  { 0xF6, 0x00, 0xFF, 0x0C }, \
  { 0x01, 0x00, 0x7F, 0x20 }, \
  { 0xF1, 0xFF, 0x70, 0x3D }, \
  { 0x0D, 0xF5, 0xFF, 0xB7 }, \
  { 0x50, 0x52, 0xFF, 0x83 }, \
  { 0xFF, 0xFF, 0xFF, 0xFB }, \
  { 0xFF, 0xFF, 0xFF, 0xFB }, \
  { 0x00, 0xE9, 0x0E, 0x5E }, \
  { 0x00, 0x46, 0x0E, 0x50 }, \
  { 0x00, 0x4B, 0x70, 0x4F }, \
  { 0x02, 0x01, 0x02, 0xB7 }, \
  { 0x21, 0x45, 0x14, 0x53 }, \
  { 0x00, 0x49, 0x09, 0x53 }, \
  { 0x30, 0x05, 0x01, 0x4F }, \
  { 0x3C, 0x01, 0xFF, 0x91 }, \
  { 0x04, 0x42, 0x27, 0x53 }, \
  { 0xB0, 0x52, 0xFF, 0x83 }, \
  { 0x00, 0x42, 0x27, 0x53 }, \
  { 0x80, 0x44, 0x29, 0x53 }, \
  { 0xFF, 0x44, 0x28, 0x53 }, \
  { 0x5D, 0x45, 0x28, 0x53 }, \
  { 0x00, 0x42, 0x10, 0x58 }, \
  { 0x52, 0x84, 0x08, 0x58 }, \
  { 0x31, 0x86, 0x08, 0x58 }, \
  { 0x00, 0x42, 0x10, 0x52 }, \
  { 0x52, 0x84, 0x08, 0x52 }, \
  { 0x31, 0x86, 0x08, 0x52 }, \
  { 0xFF, 0xFF, 0xFF, 0x8F }, \
  { 0xFF, 0xFF, 0xFF, 0xFB }, \
  { 0x00, 0x40, 0x2C, 0x53 }, \
  { 0x00, 0x45, 0x16, 0x58 }, \
  { 0x00, 0x45, 0x16, 0x52 }, \
  { 0x00, 0x96, 0x70, 0x4F }, \
  { 0x00, 0x01, 0x01, 0x90 }, \
  { 0x2C, 0x53, 0xFF, 0x83 }, \
  { 0x90, 0x40, 0xDC, 0x51 }, \
  { 0x0B, 0x41, 0xDC, 0x51 }, \
  { 0x07, 0x45, 0xDC, 0x51 }, \
  { 0xB4, 0x56, 0xDC, 0x61 }, \
  { 0x80, 0x46, 0xDC, 0x51 }, \
  { 0x11, 0x00, 0xFF, 0xC1 }, \
  { 0x00, 0x47, 0xDC, 0x51 }, \
  { 0x90, 0x40, 0xD8, 0x51 }, \
  { 0x0B, 0x41, 0xD8, 0x51 }, \
  { 0x07, 0x45, 0xD8, 0x51 }, \
  { 0xB4, 0x56, 0xD8, 0x61 }, \
  { 0x80, 0x46, 0xD8, 0x51 }, \
  { 0x11, 0x00, 0xFF, 0xC1 }, \
  { 0x00, 0x47, 0xD8, 0x51 }, \
  { 0x00, 0x95, 0x70, 0x4F }, \
  { 0x00, 0x01, 0x01, 0x92 }, \
  { 0x58, 0x40, 0xC1, 0x51 }, \
  { 0x02, 0x41, 0xC1, 0x51 }, \
  { 0x48, 0x53, 0xFF, 0x83 }, \
  { 0xF8, 0x40, 0xC1, 0x51 }, \
  { 0x01, 0x41, 0xC1, 0x51 }, \
  { 0x3A, 0x40, 0x0D, 0x51 }, \
  { 0x07, 0x41, 0x0D, 0x51 }, \
  { 0x01, 0x44, 0x14, 0x51 }, \
  { 0x01, 0x00, 0xFF, 0xC1 }, \
  { 0x08, 0x40, 0x0D, 0x51 }, \
  { 0x07, 0x41, 0x0D, 0x51 }, \
  { 0x14, 0x44, 0x59, 0x50 }, \
  { 0x14, 0x4D, 0x59, 0x50 }, \
  { 0xB4, 0x56, 0xB3, 0x61 }, \
  { 0x01, 0x48, 0x70, 0x4F }, \
  { 0x00, 0x11, 0x04, 0x90 }, \
  { 0xB4, 0x56, 0xAD, 0x61 }, \
  { 0xB4, 0x56, 0xB0, 0x61 }, \
  { 0xB4, 0x56, 0xD1, 0x61 }, \
  { 0x00, 0x47, 0x70, 0x4F }, \
  { 0x40, 0x01, 0x40, 0x91 }, \
  { 0xB4, 0x56, 0x9E, 0x61 }, \
  { 0x94, 0x53, 0xFF, 0x83 }, \
  { 0xB4, 0x56, 0x9B, 0x66 }, \
  { 0x01, 0x48, 0x70, 0x4F }, \
  { 0x04, 0x11, 0x04, 0x91 }, \
  { 0xB4, 0x56, 0xC8, 0x61 }, \
  { 0xA8, 0x53, 0xFF, 0x83 }, \
  { 0xB4, 0x56, 0xC9, 0x61 }, \
  { 0xB4, 0x56, 0xAA, 0x61 }, \
  { 0xB4, 0x56, 0xA7, 0x61 }, \
  { 0xB4, 0x56, 0xC2, 0x61 }, \
  { 0xB4, 0x56, 0xD5, 0x61 }, \
  { 0x01, 0x48, 0x70, 0x4F }, \
  { 0x04, 0x11, 0x04, 0x91 }, \
  { 0xB4, 0x56, 0xAD, 0x61 }, \
  { 0xCC, 0x53, 0xFF, 0x83 }, \
  { 0xB4, 0x56, 0x9B, 0x6A }, \
  { 0xB4, 0x56, 0xCB, 0x61 }, \
  { 0xB4, 0x56, 0xD6, 0x61 }, \
  { 0xB4, 0x56, 0xD0, 0x61 }, \
  { 0xB4, 0x56, 0xC5, 0x61 }, \
  { 0xB4, 0x56, 0xC7, 0x61 }, \
  { 0xB4, 0x56, 0xD7, 0x61 }, \
  { 0xB4, 0x56, 0xC3, 0x61 }, \
  { 0xB4, 0x56, 0xC1, 0x61 }, \
  { 0xB4, 0x56, 0xD9, 0x61 }, \
  { 0xB4, 0x56, 0x44, 0x64 }, \
  { 0xB4, 0x56, 0xD3, 0x61 }, \
  { 0xB4, 0x56, 0xCD, 0x61 }, \
  { 0xB4, 0x56, 0xDC, 0x61 }, \
  { 0xB4, 0x56, 0xD8, 0x61 }, \
  { 0xB4, 0x56, 0xA1, 0x61 }, \
  { 0x00, 0x95, 0x70, 0x4F }, \
  { 0x01, 0x01, 0x01, 0x90 }, \
  { 0x30, 0x54, 0xFF, 0x83 }, \
  { 0x58, 0x40, 0xAD, 0x51 }, \
  { 0x04, 0x41, 0xAD, 0x51 }, \
  { 0x58, 0x40, 0x9B, 0x5A }, \
  { 0x04, 0x41, 0x9B, 0x5A }, \
  { 0x58, 0x40, 0xC1, 0x51 }, \
  { 0x02, 0x41, 0xC1, 0x51 }, \
  { 0x50, 0x54, 0xFF, 0x83 }, \
  { 0x1C, 0x40, 0xAD, 0x51 }, \
  { 0x04, 0x41, 0xAD, 0x51 }, \
  { 0x1C, 0x40, 0x9B, 0x5A }, \
  { 0x04, 0x41, 0x9B, 0x5A }, \
  { 0x88, 0x40, 0xC3, 0x51 }, \
  { 0x03, 0x41, 0xC3, 0x51 }, \
  { 0xF8, 0x40, 0xC1, 0x51 }, \
  { 0x01, 0x41, 0xC1, 0x51 }, \
  { 0x07, 0x45, 0x9B, 0x51 }, \
  { 0x06, 0x45, 0xAD, 0x51 }, \
  { 0x01, 0x48, 0x70, 0x4F }, \
  { 0x04, 0x11, 0x04, 0x91 }, \
  { 0xFF, 0xFF, 0xFF, 0xFB }, \
  { 0x70, 0x54, 0xFF, 0x83 }, \
  { 0xB8, 0x40, 0xAD, 0x51 }, \
  { 0x03, 0x41, 0xAD, 0x51 }, \
  { 0x06, 0x45, 0xB3, 0x51 }, \
  { 0x50, 0x40, 0xB3, 0x51 }, \
  { 0x07, 0x41, 0xB3, 0x51 }, \
  { 0x08, 0x56, 0xB3, 0x61 }, \
  { 0x01, 0x48, 0x70, 0x4F }, \
  { 0x00, 0x11, 0x04, 0x91 }, \
  { 0x06, 0x45, 0xAD, 0x51 }, \
  { 0x08, 0x56, 0xAD, 0x61 }, \
  { 0x06, 0x45, 0xB0, 0x51 }, \
  { 0x48, 0x40, 0xB0, 0x51 }, \
  { 0x05, 0x41, 0xB0, 0x51 }, \
  { 0x08, 0x56, 0xB0, 0x61 }, \
  { 0x07, 0x45, 0xD1, 0x51 }, \
  { 0x08, 0x56, 0xD1, 0x61 }, \
  { 0x07, 0x45, 0x9B, 0x56 }, \
  { 0x07, 0x45, 0x9E, 0x51 }, \
  { 0x07, 0x45, 0xC8, 0x51 }, \
  { 0x07, 0x45, 0xC9, 0x51 }, \
  { 0x07, 0x45, 0xAA, 0x51 }, \
  { 0x07, 0x45, 0xA7, 0x51 }, \
  { 0x07, 0x45, 0xC2, 0x51 }, \
  { 0x06, 0x45, 0xD5, 0x51 }, \
  { 0x08, 0x40, 0xD5, 0x51 }, \
  { 0x07, 0x41, 0xD5, 0x51 }, \
  { 0x08, 0x56, 0xD5, 0x61 }, \
  { 0x07, 0x45, 0xAD, 0x51 }, \
  { 0x08, 0x56, 0xAD, 0x61 }, \
  { 0x07, 0x45, 0xCB, 0x51 }, \
  { 0xF0, 0x40, 0xCB, 0x51 }, \
  { 0x02, 0x41, 0xCB, 0x51 }, \
  { 0x08, 0x56, 0xCB, 0x61 }, \
  { 0x07, 0x45, 0xD6, 0x51 }, \
  { 0x08, 0x40, 0xD6, 0x51 }, \
  { 0x07, 0x41, 0xD6, 0x51 }, \
  { 0x08, 0x56, 0xD6, 0x61 }, \
  { 0x07, 0x45, 0xD0, 0x51 }, \
  { 0x08, 0x56, 0xD0, 0x61 }, \
  { 0x07, 0x45, 0xC5, 0x51 }, \
  { 0x08, 0x56, 0xC5, 0x61 }, \
  { 0x07, 0x45, 0xC7, 0x51 }, \
  { 0x90, 0x40, 0xC7, 0x51 }, \
  { 0x03, 0x41, 0xC7, 0x51 }, \
  { 0x08, 0x56, 0xC7, 0x61 }, \
  { 0x07, 0x45, 0xD7, 0x51 }, \
  { 0x08, 0x56, 0xD7, 0x61 }, \
  { 0x00, 0x95, 0x70, 0x4F }, \
  { 0x00, 0x01, 0x01, 0x90 }, \
  { 0x40, 0x55, 0xFF, 0x83 }, \
  { 0x07, 0x45, 0xC3, 0x51 }, \
  { 0x88, 0x40, 0xC3, 0x51 }, \
  { 0x03, 0x41, 0xC3, 0x51 }, \
  { 0x08, 0x56, 0xC3, 0x61 }, \
  { 0x80, 0x45, 0x50, 0x50 }, \
  { 0xC1, 0x00, 0x7E, 0x28 }, \
  { 0xF0, 0x40, 0xFF, 0x45 }, \
  { 0x64, 0x00, 0x70, 0x21 }, \
  { 0xAA, 0x00, 0x7E, 0x28 }, \
  { 0xF2, 0x40, 0xFF, 0x45 }, \
  { 0xF0, 0xF2, 0x7A, 0x27 }, \
  { 0x00, 0xA6, 0xFF, 0x91 }, \
  { 0xF0, 0x40, 0xFF, 0x0D }, \
  { 0x80, 0x01, 0xFE, 0xC1 }, \
  { 0x07, 0x45, 0xC1, 0x51 }, \
  { 0x08, 0x56, 0xC1, 0x61 }, \
  { 0x07, 0x45, 0xD9, 0x51 }, \
  { 0x08, 0x56, 0xD9, 0x61 }, \
  { 0x01, 0xD8, 0xD9, 0x51 }, \
  { 0xC4, 0x56, 0xFF, 0x9B }, \
  { 0x07, 0x45, 0x44, 0x54 }, \
  { 0x00, 0x94, 0x70, 0x4F }, \
  { 0x01, 0x01, 0x01, 0x93 }, \
  { 0x88, 0x40, 0x44, 0x54 }, \
  { 0x0B, 0x41, 0x44, 0x54 }, \
  { 0x08, 0x56, 0x44, 0x64 }, \
  { 0xA8, 0x55, 0xFF, 0x83 }, \
  { 0xC8, 0x40, 0x44, 0x54 }, \
  { 0x09, 0x41, 0x44, 0x54 }, \
  { 0x08, 0x56, 0x44, 0x64 }, \
  { 0x07, 0x45, 0xD3, 0x51 }, \
  { 0x08, 0x56, 0xD3, 0x61 }, \
  { 0x07, 0x45, 0xCD, 0x51 }, \
  { 0x08, 0x56, 0xCD, 0x61 }, \
  { 0x07, 0x45, 0xA1, 0x51 }, \
  { 0xC0, 0x55, 0xFF, 0x83 }, \
  { 0x0C, 0x9C, 0x70, 0x4F }, \
  { 0x00, 0x47, 0x70, 0x4F }, \
  { 0x00, 0x01, 0x40, 0x91 }, \
  { 0x64, 0x56, 0x9B, 0x66 }, \
  { 0xD8, 0x55, 0xFF, 0x83 }, \
  { 0x64, 0x56, 0x9E, 0x61 }, \
  { 0x01, 0x48, 0x70, 0x4F }, \
  { 0x04, 0x11, 0x04, 0x91 }, \
  { 0x64, 0x56, 0xC8, 0x61 }, \
  { 0xEC, 0x55, 0xFF, 0x83 }, \
  { 0x64, 0x56, 0xC9, 0x61 }, \
  { 0x64, 0x56, 0xAA, 0x61 }, \
  { 0x64, 0x56, 0xA7, 0x61 }, \
  { 0x64, 0x56, 0xC2, 0x61 }, \
  { 0x64, 0x56, 0xA1, 0x61 }, \
  { 0x64, 0x56, 0x9B, 0x61 }, \
  { 0x80, 0x46, 0x4F, 0x53 }, \
  { 0xFF, 0xFF, 0xFF, 0x8F }, \
  { 0x01, 0xDA, 0xFF, 0x04 }, \
  { 0x00, 0xD9, 0xFF, 0x04 }, \
  { 0x14, 0x56, 0xFF, 0x83 }, \
  { 0x01, 0xD8, 0xFF, 0x04 }, \
  { 0x80, 0x46, 0xFF, 0x04 }, \
  { 0x00, 0x4B, 0x70, 0x4F }, \
  { 0x00, 0x01, 0x02, 0x90 }, \
  { 0x5C, 0x56, 0xFF, 0x83 }, \
  { 0x02, 0x47, 0x70, 0x4F }, \
  { 0x03, 0x48, 0x70, 0x4F }, \
  { 0x02, 0x01, 0x02, 0x90 }, \
  { 0xFF, 0xFF, 0xFF, 0xFB }, \
  { 0x01, 0x00, 0x70, 0x29 }, \
  { 0xFF, 0xFF, 0x70, 0x3B }, \
  { 0xF0, 0xF2, 0xF2, 0x2F }, \
  { 0xF3, 0xF2, 0xF2, 0x32 }, \
  { 0x00, 0x21, 0xFF, 0x93 }, \
  { 0xF0, 0x08, 0xFF, 0x44 }, \
  { 0x80, 0x01, 0x80, 0x92 }, \
  { 0xBF, 0x00, 0xFE, 0xC1 }, \
  { 0x4C, 0x56, 0xFF, 0x83 }, \
  { 0x05, 0x00, 0xFF, 0xC1 }, \
  { 0xFF, 0xFF, 0xFF, 0x8F }, \
  { 0x07, 0x45, 0xFF, 0x04 }, \
  { 0xF0, 0x42, 0xFF, 0x45 }, \
  { 0xF6, 0xFF, 0x74, 0xA3 }, \
  { 0x00, 0xC5, 0xFF, 0x96 }, \
  { 0xF1, 0xF5, 0x7B, 0x26 }, \
  { 0x00, 0xB6, 0xFF, 0x94 }, \
  { 0x00, 0xB1, 0xFF, 0x90 }, \
  { 0xA8, 0x56, 0xFF, 0x83 }, \
  { 0xF0, 0xF4, 0x7A, 0x26 }, \
  { 0x00, 0xA6, 0xFF, 0x90 }, \
  { 0xA8, 0x56, 0xFF, 0x83 }, \
  { 0x02, 0x00, 0x76, 0x21 }, \
  { 0xF6, 0xFF, 0x74, 0xA3 }, \
  { 0xF4, 0x40, 0xFF, 0x0D }, \
  { 0x02, 0x00, 0x76, 0x21 }, \
  { 0x80, 0x46, 0xFF, 0x04 }, \
  { 0xFF, 0xFF, 0xFF, 0x8F }, \
  { 0x04, 0x00, 0x76, 0x21 }, \
  { 0x80, 0x46, 0xFF, 0x04 }, \
  { 0xFF, 0xFF, 0xFF, 0x8F }, \
  { 0xF0, 0x08, 0xFF, 0x44 }, \
  { 0x80, 0x01, 0x80, 0xB7 }, \
  { 0x00, 0x46, 0xFF, 0x04 }, \
  { 0xFF, 0xFF, 0xFF, 0x8F }, \
  { 0x00, 0x46, 0xB2, 0x50 }, \
  { 0x01, 0x40, 0xB2, 0x50 }, \
  { 0x80, 0x44, 0xB2, 0x50 }, \
  { 0x01, 0xDA, 0xB2, 0x50 }, \
  { 0x03, 0x45, 0xB2, 0x50 }, \
  { 0x80, 0x46, 0xB2, 0x50 }, \
  { 0x21, 0x00, 0xFF, 0xC1 }, \
  { 0x44, 0xF1, 0x06, 0x5C }, \
  { 0xFF, 0xFF, 0xFF, 0x8F }, \
  { 0x01, 0xDA, 0x59, 0x50 }, \
  { 0xFF, 0xFF, 0xFF, 0x8F }, \
  { 0xFF, 0xFF, 0xFF, 0xFB }, \
  { 0x00, 0x5F, 0x7F, 0x4F }, \
  { 0x01, 0x00, 0x01, 0x92 }, \
  { 0x30, 0x4A, 0x29, 0x4F }, \
  { 0x02, 0x00, 0xF0, 0x30 }, \
  { 0x30, 0x4A, 0x29, 0x73 }, \
  { 0x00, 0x5F, 0x7F, 0x4F }, \
  { 0x02, 0x01, 0x02, 0x90 }, \
  { 0x64, 0x57, 0xFF, 0x83 }, \
  { 0x30, 0x52, 0x28, 0x4F }, \
  { 0x81, 0x40, 0x12, 0x4F }, \
  { 0xF0, 0xF1, 0xF0, 0x32 }, \
  { 0x01, 0x01, 0x01, 0xB7 }, \
  { 0x01, 0x46, 0x2D, 0x53 }, \
  { 0x30, 0x44, 0x2D, 0x4F }, \
  { 0x02, 0x00, 0xF0, 0x30 }, \
  { 0x30, 0x44, 0x2D, 0x73 }, \
  { 0x00, 0x03, 0xFF, 0xC1 }, \
  { 0x30, 0x44, 0x2D, 0x4F }, \
  { 0xFD, 0x00, 0xF0, 0x2C }, \
  { 0x30, 0x44, 0x2D, 0x73 }, \
  { 0x00, 0x46, 0x2D, 0x53 }, \
  { 0x30, 0x44, 0x2B, 0x4F }, \
  { 0x01, 0x00, 0xF0, 0x30 }, \
  { 0x30, 0x44, 0x2B, 0x73 }, \
  { 0x0F, 0x5C, 0x15, 0x58 }, \
  { 0x08, 0x43, 0x13, 0x58 }, \
  { 0x0F, 0x5C, 0x15, 0x52 }, \
  { 0x08, 0x43, 0x13, 0x52 }, \
  { 0x00, 0x46, 0x37, 0x50 }, \
  { 0x80, 0x47, 0x37, 0x50 }, \
  { 0x00, 0x46, 0x5B, 0x50 }, \
  { 0x00, 0x46, 0x58, 0x50 }, \
  { 0x00, 0x46, 0xCE, 0x51 }, \
  { 0x00, 0x46, 0x40, 0x54 }, \
  { 0x00, 0x46, 0x42, 0x54 }, \
  { 0x00, 0x46, 0x43, 0x54 }, \
  { 0x00, 0x46, 0x45, 0x54 }, \
  { 0x00, 0x46, 0x46, 0x54 }, \
  { 0x00, 0x46, 0x9B, 0x51 }, \
  { 0x88, 0xA0, 0xA1, 0x51 }, \
  { 0x88, 0xA0, 0xAA, 0x51 }, \
  { 0x88, 0xA0, 0xA7, 0x51 }, \
  { 0x88, 0xA0, 0xAD, 0x51 }, \
  { 0x88, 0xA0, 0xAD, 0x51 }, \
  { 0x80, 0xA0, 0xB3, 0x51 }, \
  { 0x80, 0xA0, 0xB0, 0x51 }, \
  { 0x88, 0xA0, 0x9B, 0x51 }, \
  { 0x88, 0xA0, 0xA7, 0x51 }, \
  { 0x88, 0xA0, 0x9E, 0x51 }, \
  { 0x80, 0x45, 0x50, 0x50 }, \
  { 0x00, 0x49, 0x59, 0x50 }, \
  { 0x18, 0x00, 0x59, 0x60 }, \
  { 0x18, 0x00, 0x60, 0x60 }, \
  { 0x18, 0x00, 0xA1, 0x61 }, \
  { 0x00, 0x49, 0xD8, 0x51 }, \
  { 0x18, 0x00, 0xD8, 0x61 }, \
  { 0x21, 0x00, 0xFF, 0xC1 }, \
  { 0x00, 0x47, 0xD8, 0x51 }, \
  { 0x21, 0x00, 0xFF, 0xC1 }, \
  { 0x00, 0x49, 0xDC, 0x51 }, \
  { 0x18, 0x00, 0xDC, 0x61 }, \
  { 0x21, 0x00, 0xFF, 0xC1 }, \
  { 0x00, 0x47, 0xDC, 0x51 }, \
  { 0x21, 0x00, 0xFF, 0xC1 }, \
  { 0x18, 0x00, 0xCD, 0x61 }, \
  { 0x18, 0x00, 0xD3, 0x61 }, \
  { 0x18, 0x00, 0x44, 0x64 }, \
  { 0x24, 0x59, 0xFF, 0x9B }, \
  { 0x18, 0x00, 0xD9, 0x61 }, \
  { 0x18, 0x00, 0xC1, 0x61 }, \
  { 0x00, 0x45, 0x50, 0x50 }, \
  { 0x1E, 0x00, 0xFF, 0xC1 }, \
  { 0x18, 0x00, 0xC3, 0x61 }, \
  { 0x18, 0x00, 0xD7, 0x61 }, \
  { 0x18, 0x00, 0xC7, 0x61 }, \
  { 0x18, 0x00, 0xC5, 0x61 }, \
  { 0x00, 0x49, 0xD0, 0x51 }, \
  { 0x18, 0x00, 0xD0, 0x61 }, \
  { 0x18, 0x00, 0xD6, 0x61 }, \
  { 0x18, 0x00, 0xCB, 0x61 }, \
  { 0x01, 0x48, 0x70, 0x4F }, \
  { 0x04, 0x11, 0x04, 0x91 }, \
  { 0x00, 0x49, 0xAD, 0x51 }, \
  { 0x18, 0x00, 0xAD, 0x61 }, \
  { 0x18, 0x00, 0x9B, 0x6A }, \
  { 0x84, 0x00, 0xFF, 0xC1 }, \
  { 0x3C, 0x00, 0xFF, 0xC1 }, \
  { 0x00, 0x46, 0x07, 0x00 }, \
  { 0x01, 0x00, 0xFF, 0xC1 }, \
  { 0x00, 0x4B, 0x70, 0x4F }, \
  { 0x02, 0x01, 0x02, 0x91 }, \
  { 0x80, 0x46, 0x07, 0x00 }, \
  { 0x01, 0x00, 0xFF, 0xC1 }, \
  { 0x02, 0x09, 0x08, 0x5E }, \
  { 0x18, 0x00, 0xD5, 0x61 }, \
  { 0x18, 0x00, 0xC2, 0x61 }, \
  { 0x18, 0x00, 0xA7, 0x61 }, \
  { 0x18, 0x00, 0xAA, 0x61 }, \
  { 0x18, 0x00, 0xC8, 0x61 }, \
  { 0x18, 0x00, 0xC9, 0x61 }, \
  { 0x00, 0x47, 0x70, 0x4F }, \
  { 0x40, 0x01, 0x40, 0x91 }, \
  { 0x18, 0x00, 0x9E, 0x61 }, \
  { 0x98, 0x58, 0xFF, 0x83 }, \
  { 0x18, 0x00, 0x9B, 0x66 }, \
  { 0x18, 0x00, 0x0B, 0x60 }, \
  { 0x18, 0x00, 0xD1, 0x61 }, \
  { 0x00, 0x49, 0xB0, 0x51 }, \
  { 0x18, 0x00, 0xB0, 0x61 }, \
  { 0x00, 0x49, 0xAD, 0x51 }, \
  { 0x18, 0x00, 0xAD, 0x61 }, \
  { 0x00, 0x44, 0x14, 0x51 }, \
  { 0x01, 0x00, 0xFF, 0xC1 }, \
  { 0x18, 0x00, 0x0D, 0x61 }, \
  { 0x00, 0x49, 0xB3, 0x51 }, \
  { 0x18, 0x00, 0xB3, 0x61 }, \
  { 0x00, 0x46, 0x37, 0x50 }, \
  { 0x03, 0x00, 0xFF, 0xC1 }, \
  { 0x00, 0x5F, 0x7F, 0x4F }, \
  { 0x02, 0x00, 0x02, 0x95 }, \
  { 0x30, 0x44, 0x2B, 0x4F }, \
  { 0xFE, 0x00, 0xF0, 0x2C }, \
  { 0x30, 0x44, 0x2B, 0x73 }, \
  { 0x30, 0x44, 0x2B, 0x4F }, \
  { 0x02, 0x00, 0xF0, 0x30 }, \
  { 0x30, 0x44, 0x2B, 0x73 }, \
  { 0x00, 0x5C, 0x15, 0x58 }, \
  { 0x02, 0x44, 0x15, 0x58 }, \
  { 0x00, 0x5C, 0x15, 0x52 }, \
  { 0x02, 0x44, 0x15, 0x52 }, \
  { 0x00, 0x48, 0x64, 0x4F }, \
  { 0x7F, 0x00, 0xF0, 0x2C }, \
  { 0x00, 0x48, 0x64, 0x73 }, \
  { 0x00, 0x46, 0x12, 0x4F }, \
  { 0x80, 0x01, 0xFF, 0x90 }, \
  { 0xFF, 0xFF, 0xFF, 0x8F }, \
  { 0x03, 0x71, 0x83, 0x50 }, \
  { 0x02, 0x42, 0x21, 0x50 }, \
  { 0x96, 0x00, 0xFF, 0xC1 }, \
  { 0xFF, 0xFF, 0xFF, 0x8F }, \
  { 0x00, 0x44, 0xB2, 0x50 }, \
  { 0x11, 0x00, 0xFF, 0xC1 }, \
  { 0xFF, 0xFF, 0xFF, 0x8F }, \
  { 0xFF, 0xFF, 0xFF, 0xFF }, \
  { 0xFF, 0xFF, 0xFF, 0xFF }, \
  { 0xFF, 0xFF, 0xFF, 0xFF }, \
  { 0xFF, 0xFF, 0xFF, 0xFF }, \
  { 0xFF, 0xFF, 0xFF, 0xFF }, \
  { 0xFF, 0xFF, 0xFF, 0xFF }, \
  { 0xFF, 0xFF, 0xFF, 0xFF }, \
  { 0xFF, 0xFF, 0xFF, 0xFF }, \
  { 0xFF, 0xFF, 0xFF, 0xFF }, \
  { 0xFF, 0xFF, 0xFF, 0xFF }, \
  { 0xFF, 0xFF, 0xFF, 0xFF }, \
  { 0xFF, 0xFF, 0xFF, 0xFF }, \
  { 0xFF, 0xFF, 0xFF, 0xFF }, \
  { 0xFF, 0xFF, 0xFF, 0xFF }, \
  { 0xFF, 0xFF, 0xFF, 0xFF }, \
  { 0xFF, 0xFF, 0xFF, 0xFF }, \
  { 0xFF, 0xFF, 0xFF, 0xFF }, \
  { 0xFF, 0xFF, 0xFF, 0xFF }, \
  { 0xFF, 0xFF, 0xFF, 0xFF }, \
  { 0xFF, 0xFF, 0xFF, 0xFF }, \
  { 0xFF, 0xFF, 0xFF, 0xFF }, \
  { 0xFF, 0xFF, 0xFF, 0xFF }, \
  { 0xFF, 0xFF, 0xFF, 0xFF }, \
  { 0xFF, 0xFF, 0xFF, 0xFF }, \
  { 0xFF, 0xFF, 0xFF, 0xFF }, \
  { 0xFF, 0xFF, 0xFF, 0xFF }, \
  { 0xFF, 0xFF, 0xFF, 0xFF }, \
  { 0xFF, 0xFF, 0xFF, 0xFF }, \
  { 0xFF, 0xFF, 0xFF, 0xFF }, \
  { 0xFF, 0xFF, 0xFF, 0xFF }, \
  { 0xFF, 0xFF, 0xFF, 0xFF }, \
  { 0xFF, 0xFF, 0xFF, 0xFF }, \
  { 0xFF, 0xFF, 0xFF, 0xFF }, \
  { 0xFF, 0xFF, 0xFF, 0xFF }, \
  { 0xFF, 0xFF, 0xFF, 0xFF }, \
  { 0xFF, 0xFF, 0xFF, 0xFF }, \
  { 0xFF, 0xFF, 0xFF, 0xFF }, \
  { 0xFF, 0xFF, 0xFF, 0xFF }, \
  { 0xFF, 0xFF, 0xFF, 0xFF }, \
  { 0xFF, 0xFF, 0xFF, 0xFF }, \
  { 0xFF, 0xFF, 0xFF, 0xFF }, \
  { 0xFF, 0xFF, 0xFF, 0xFF }, \
  { 0xFF, 0xFF, 0xFF, 0xFF }, \
  { 0xFF, 0xFF, 0xFF, 0xFF }, \
  { 0xFF, 0xFF, 0xFF, 0xFF }, \
  { 0xFF, 0xFF, 0xFF, 0xFF }, \
  { 0xFF, 0xFF, 0xFF, 0xFF }, \
  { 0xFF, 0xFF, 0xFF, 0xFF }, \
  { 0xFF, 0xFF, 0xFF, 0xFF }, \
  { 0xFF, 0xFF, 0xFF, 0xFF }, \
  { 0xFF, 0xFF, 0xFF, 0xFF }, \
  { 0xFF, 0xFF, 0xFF, 0xFF }, \
  { 0xFF, 0xFF, 0xFF, 0xFF }, \
  { 0xFF, 0xFF, 0xFF, 0xFF }, \
  { 0xFF, 0xFF, 0xFF, 0xFF }, \
  { 0xFF, 0xFF, 0xFF, 0xFF }, \
  { 0xFF, 0xFF, 0xFF, 0xFF }, \
  { 0xFF, 0xFF, 0xFF, 0xFF }, \
  { 0xFF, 0xFF, 0xFF, 0xFF }, \
  { 0xFF, 0xFF, 0xFF, 0xFF }, \
  { 0xFF, 0xFF, 0xFF, 0xFF }, \
  { 0xFF, 0xFF, 0xFF, 0xFF }, \
  { 0xFF, 0xFF, 0xFF, 0xFF }, \
  { 0xFF, 0xFF, 0xFF, 0xFF }, \
  { 0xFF, 0xFF, 0xFF, 0xFF }, \
  { 0xFF, 0xFF, 0xFF, 0xFF }, \
  { 0xFF, 0xFF, 0xFF, 0xFF }, \
  { 0xFF, 0xFF, 0xFF, 0xFF }, \
  { 0xFF, 0xFF, 0xFF, 0xFF }, \
  { 0xFF, 0xFF, 0xFF, 0xFF }, \
  { 0xFF, 0xFF, 0xFF, 0xFF }, \
  { 0xFF, 0xFF, 0xFF, 0xFF }, \
  { 0xFF, 0xFF, 0xFF, 0xFF }, \
  { 0xFF, 0xFF, 0xFF, 0xFF }, \
  { 0xFF, 0xFF, 0xFF, 0xFF }, \
  { 0xFF, 0xFF, 0xFF, 0xFF }, \
  { 0xFF, 0xFF, 0xFF, 0xFF }, \
  { 0xFF, 0xFF, 0xFF, 0xFF }, \
  { 0xFF, 0xFF, 0xFF, 0xFF }, \
  { 0xFF, 0xFF, 0xFF, 0xFF }, \
  { 0xFF, 0xFF, 0xFF, 0xFF }, \
  { 0xFF, 0xFF, 0xFF, 0xFF }, \
  { 0xFF, 0xFF, 0xFF, 0xFF }, \
  { 0xFF, 0xFF, 0xFF, 0xFF }, \
  { 0xFF, 0xFF, 0xFF, 0xFF }, \
  { 0xFF, 0xFF, 0xFF, 0xFF }, \
  { 0xFF, 0xFF, 0xFF, 0xFF }, \
  { 0xFF, 0xFF, 0xFF, 0xFF }, \
  { 0xFF, 0xFF, 0xFF, 0xFF }, \
  { 0xFF, 0xFF, 0xFF, 0xFF }, \
  { 0xFF, 0xFF, 0xFF, 0xFF }, \
  { 0xFF, 0xFF, 0xFF, 0xFF }, \
  { 0xFF, 0xFF, 0xFF, 0xFF }, \
  { 0xFF, 0xFF, 0xFF, 0xFF }, \
  { 0xFF, 0xFF, 0xFF, 0xFF }, \
  { 0xFF, 0xFF, 0xFF, 0xFF }, \
  { 0xFF, 0xFF, 0xFF, 0xFF }, \
  { 0xFF, 0xFF, 0xFF, 0xFF }, \
  { 0xFF, 0xFF, 0xFF, 0xFF }, \
  { 0xFF, 0xFF, 0xFF, 0xFF }, \
  { 0xFF, 0xFF, 0xFF, 0xFF }, \
  { 0xFF, 0xFF, 0xFF, 0xFF }, \
  { 0xFF, 0xFF, 0xFF, 0xFF }, \
  { 0xFF, 0xFF, 0xFF, 0xFF }, \
  { 0xFF, 0xFF, 0xFF, 0xFF }, \
  { 0xFF, 0xFF, 0xFF, 0xFF }, \
  { 0xFF, 0xFF, 0xFF, 0xFF }, \
  { 0xFF, 0xFF, 0xFF, 0xFF }, \
  { 0xFF, 0xFF, 0xFF, 0xFF }, \
  { 0xFF, 0xFF, 0xFF, 0xFF }, \
  { 0xFF, 0xFF, 0xFF, 0xFF }, \
  { 0xFF, 0xFF, 0xFF, 0xFF }, \
  { 0xFF, 0xFF, 0xFF, 0xFF }, \
  { 0xFF, 0xFF, 0xFF, 0xFF }, \
  { 0xFF, 0xFF, 0xFF, 0xFF }, \
  { 0xFF, 0xFF, 0xFF, 0xFF }, \
  { 0xFF, 0xFF, 0xFF, 0xFF }, \
  { 0xFF, 0xFF, 0xFF, 0xFF }, \
  { 0xFF, 0xFF, 0xFF, 0xFF }, \
  { 0xFF, 0xFF, 0xFF, 0xFF }, \
  { 0xFF, 0xFF, 0xFF, 0xFF }, \
  { 0xFF, 0xFF, 0xFF, 0xFF }, \
  { 0xFF, 0xFF, 0xFF, 0xFF }, \
  { 0xFF, 0xFF, 0xFF, 0xFF }, \
  { 0xFF, 0xFF, 0xFF, 0xFF }, \
  { 0xFF, 0xFF, 0xFF, 0xFF }, \
  { 0xFF, 0xFF, 0xFF, 0xFF }, \
  { 0xFF, 0xFF, 0xFF, 0xFF }, \
  { 0xFF, 0xFF, 0xFF, 0xFF }, \
  { 0xFF, 0xFF, 0xFF, 0xFF }, \
  { 0xFF, 0xFF, 0xFF, 0xFF }, \
  { 0xFF, 0xFF, 0xFF, 0xFF }, \
  { 0xFF, 0xFF, 0xFF, 0xFF }, \
  { 0xFF, 0xFF, 0xFF, 0xFF }, \
  { 0xFF, 0xFF, 0xFF, 0xFF }, \
  { 0xFF, 0xFF, 0xFF, 0xFF }, \
  { 0xFF, 0xFF, 0xFF, 0xFF }, \
  { 0xFF, 0xFF, 0xFF, 0xFF }, \
  { 0xFF, 0xFF, 0xFF, 0xFF }, \
  { 0xFF, 0xFF, 0xFF, 0xFF }, \
  { 0xFF, 0xFF, 0xFF, 0xFF }, \
  { 0xFF, 0xFF, 0xFF, 0xFF }, \
  { 0xFF, 0xFF, 0xFF, 0xFF }, \
  { 0xFF, 0xFF, 0xFF, 0xFF }, \
  { 0xFF, 0xFF, 0xFF, 0xFF }, \
  { 0xFF, 0xFF, 0xFF, 0xFF }, \
  { 0xFF, 0xFF, 0xFF, 0xFF }, \
  { 0xFF, 0xFF, 0xFF, 0xFF }, \
  { 0xFF, 0xFF, 0xFF, 0xFF }, \
  { 0xFF, 0xFF, 0xFF, 0xFF }, \
  { 0xFF, 0xFF, 0xFF, 0xFF }, \
  { 0xFF, 0xFF, 0xFF, 0xFF }, \
  { 0xFF, 0xFF, 0xFF, 0xFF }, \
  { 0xFF, 0xFF, 0xFF, 0xFF }, \
  { 0xFF, 0xFF, 0xFF, 0xFF }, \
  { 0xFF, 0xFF, 0xFF, 0xFF }, \
  { 0xFF, 0xFF, 0xFF, 0xFF }, \
  { 0xFF, 0xFF, 0xFF, 0xFF }, \
  { 0xFF, 0xFF, 0xFF, 0xFF }, \
  { 0xFF, 0xFF, 0xFF, 0xFF }, \
  { 0xFF, 0xFF, 0xFF, 0xFF }, \
  { 0xFF, 0xFF, 0xFF, 0xFF }, \
  { 0xFF, 0xFF, 0xFF, 0xFF }, \
  { 0xFF, 0xFF, 0xFF, 0xFF }, \
  { 0xFF, 0xFF, 0xFF, 0xFF }, \
  { 0xFF, 0xFF, 0xFF, 0xFF }, \
  { 0xFF, 0xFF, 0xFF, 0xFF }, \
  { 0xFF, 0xFF, 0xFF, 0xFF }, \
  { 0xFF, 0xFF, 0xFF, 0xFF }, \
  { 0xFF, 0xFF, 0xFF, 0xFF }, \
  { 0xFF, 0xFF, 0xFF, 0xFF }, \
  { 0xFF, 0xFF, 0xFF, 0xFF }, \
  { 0xFF, 0xFF, 0xFF, 0xFF }, \
  { 0xFF, 0xFF, 0xFF, 0xFF }, \
  { 0xFF, 0xFF, 0xFF, 0xFF }, \
  { 0xFF, 0xFF, 0xFF, 0xFF }, \
  { 0xFF, 0xFF, 0xFF, 0xFF }, \
  { 0xFF, 0xFF, 0xFF, 0xFF }, \
  { 0xFF, 0xFF, 0xFF, 0xFF }, \
  { 0xFF, 0xFF, 0xFF, 0xFF }, \
  { 0xFF, 0xFF, 0xFF, 0xFF }, \
  { 0xFF, 0xFF, 0xFF, 0xFF }, \
  { 0xFF, 0xFF, 0xFF, 0xFF }, \
  { 0xFF, 0xFF, 0xFF, 0xFF }, \
  { 0xFF, 0xFF, 0xFF, 0xFF }, \
  { 0xFF, 0xFF, 0xFF, 0xFF }, \
  { 0xFF, 0xFF, 0xFF, 0xFF }, \
  { 0xFF, 0xFF, 0xFF, 0xFF }, \
  { 0xFF, 0xFF, 0xFF, 0xFF }, \
  { 0xFF, 0xFF, 0xFF, 0xFF }, \
  { 0xFF, 0xFF, 0xFF, 0xFF }, \
  { 0xFF, 0xFF, 0xFF, 0xFF }, \
  { 0xFF, 0xFF, 0xFF, 0xFF }, \
  { 0xFF, 0xFF, 0xFF, 0xFF }, \
  { 0xFF, 0xFF, 0xFF, 0xFF }, \
  { 0xFF, 0xFF, 0xFF, 0xFF }, \
  { 0xFF, 0xFF, 0xFF, 0xFF }, \
  { 0xFF, 0xFF, 0xFF, 0xFF }, \
  { 0xFF, 0xFF, 0xFF, 0xFF }, \
  { 0xFF, 0xFF, 0xFF, 0xFF }, \
  { 0xFF, 0xFF, 0xFF, 0xFF }, \
  { 0xFF, 0xFF, 0xFF, 0xFF }, \
  { 0xFF, 0xFF, 0xFF, 0xFF }, \
  { 0xFF, 0xFF, 0xFF, 0xFF }, \
  { 0xFF, 0xFF, 0xFF, 0xFF }, \
  { 0xFF, 0xFF, 0xFF, 0xFF }, \
  { 0xFF, 0xFF, 0xFF, 0xFF }, \
  { 0xFF, 0xFF, 0xFF, 0xFF }, \
  { 0xFF, 0xFF, 0xFF, 0xFF }, \
  { 0xFF, 0xFF, 0xFF, 0xFF }, \
  { 0xFF, 0xFF, 0xFF, 0xFF }, \
  { 0xFF, 0xFF, 0xFF, 0xFF }, \
  { 0xFF, 0xFF, 0xFF, 0xFF }, \
  { 0xFF, 0xFF, 0xFF, 0xFF }, \
  { 0xFF, 0xFF, 0xFF, 0xFF }, \
  { 0xFF, 0xFF, 0xFF, 0xFF }, \
  { 0xFF, 0xFF, 0xFF, 0xFF }, \
  { 0xFF, 0xFF, 0xFF, 0xFF }, \
  { 0xFF, 0xFF, 0xFF, 0xFF }, \
  { 0xFF, 0xFF, 0xFF, 0xFF }, \
  { 0xFF, 0xFF, 0xFF, 0xFF }, \
  { 0xFF, 0xFF, 0xFF, 0xFF }, \
  { 0xFF, 0xFF, 0xFF, 0xFF }, \
  { 0xFF, 0xFF, 0xFF, 0xFF }, \
  { 0xFF, 0xFF, 0xFF, 0xFF }, \
  { 0xFF, 0xFF, 0xFF, 0xFF }, \
  { 0xFF, 0xFF, 0xFF, 0xFF }, \
  { 0xFF, 0xFF, 0xFF, 0xFF }, \
  { 0xFF, 0xFF, 0xFF, 0xFF }, \
  { 0xFF, 0xFF, 0xFF, 0xFF }, \
  { 0xFF, 0xFF, 0xFF, 0xFF }, \
  { 0xFF, 0xFF, 0xFF, 0xFF }, \
  { 0xFF, 0xFF, 0xFF, 0xFF }, \
  { 0xFF, 0xFF, 0xFF, 0xFF }, \
  { 0xFF, 0xFF, 0xFF, 0xFF }, \
  { 0xFF, 0xFF, 0xFF, 0xFF }, \
  { 0xFF, 0xFF, 0xFF, 0xFF }, \
  { 0xFF, 0xFF, 0xFF, 0xFF }, \
  { 0xFF, 0xFF, 0xFF, 0xFF }, \
  { 0xFF, 0xFF, 0xFF, 0xFF }, \
  { 0xFF, 0xFF, 0xFF, 0xFF }, \
  { 0xFF, 0xFF, 0xFF, 0xFF }, \
  { 0xFF, 0xFF, 0xFF, 0xFF }, \
  { 0xFF, 0xFF, 0xFF, 0xFF }, \
  { 0xFF, 0xFF, 0xFF, 0xFF }, \
  { 0xFF, 0xFF, 0xFF, 0xFF }, \
  { 0xFF, 0xFF, 0xFF, 0xFF }, \
  { 0xFF, 0xFF, 0xFF, 0xFF }, \
  { 0xFF, 0xFF, 0xFF, 0xFF }, \
  { 0xFF, 0xFF, 0xFF, 0xFF }, \
  { 0xFF, 0xFF, 0xFF, 0xFF }, \
  { 0xFF, 0xFF, 0xFF, 0xFF }, \
  { 0xFF, 0xFF, 0xFF, 0xFF }, \
  { 0xFF, 0xFF, 0xFF, 0xFF }, \
  { 0xFF, 0xFF, 0xFF, 0xFF }, \
  { 0xFF, 0xFF, 0xFF, 0xFF }, \
  { 0xFF, 0xFF, 0xFF, 0xFF }, \
  { 0xFF, 0xFF, 0xFF, 0xFF }, \
  { 0xFF, 0xFF, 0xFF, 0xFF }, \
  { 0xFF, 0xFF, 0xFF, 0xFF }, \
  { 0xFF, 0xFF, 0xFF, 0xFF }, \
  { 0xFF, 0xFF, 0xFF, 0xFF }, \
  { 0xFF, 0xFF, 0xFF, 0xFF }, \
  { 0xFF, 0xFF, 0xFF, 0xFF }, \
  { 0xFF, 0xFF, 0xFF, 0xFF }, \
  { 0xFF, 0xFF, 0xFF, 0xFF }, \
  { 0xFF, 0xFF, 0xFF, 0xFF }, \
  { 0xFF, 0xFF, 0xFF, 0xFF }, \
  { 0xFF, 0xFF, 0xFF, 0xFF }, \
  { 0xFF, 0xFF, 0xFF, 0xFF }, \
  { 0xFF, 0xFF, 0xFF, 0xFF }, \
  { 0xFF, 0xFF, 0xFF, 0xFF }, \
  { 0xFF, 0xFF, 0xFF, 0xFF }, \
  { 0xFF, 0xFF, 0xFF, 0xFF }, \
  { 0xFF, 0xFF, 0xFF, 0xFF }, \
  { 0xFF, 0xFF, 0xFF, 0xFF }, \
  { 0xFF, 0xFF, 0xFF, 0xFF }, \
  { 0xFF, 0xFF, 0xFF, 0xFF }, \
  { 0xFF, 0xFF, 0xFF, 0xFF }, \
  { 0xFF, 0xFF, 0xFF, 0xFF }, \
  { 0xFF, 0xFF, 0xFF, 0xFF }, \
  { 0xFF, 0xFF, 0xFF, 0xFF }, \
  { 0xFF, 0xFF, 0xFF, 0xFF }, \
  { 0xFF, 0xFF, 0xFF, 0xFF }, \
  { 0xFF, 0xFF, 0xFF, 0xFF }, \
  { 0xFF, 0xFF, 0xFF, 0xFF }, \
  { 0xFF, 0xFF, 0xFF, 0xFF }, \
  { 0xFF, 0xFF, 0xFF, 0xFF }, \
  { 0xFF, 0xFF, 0xFF, 0xFF }, \
  { 0xFF, 0xFF, 0xFF, 0xFF }, \
  { 0xFF, 0xFF, 0xFF, 0xFF }, \
  { 0xFF, 0xFF, 0xFF, 0xFF }, \
  { 0xFF, 0xFF, 0xFF, 0xFF }, \
  { 0xFF, 0xFF, 0xFF, 0xFF }, \
  { 0xFF, 0xFF, 0xFF, 0xFF }, \
  { 0xFF, 0xFF, 0xFF, 0xFF }, \
  { 0xFF, 0xFF, 0xFF, 0xFF }, \
  { 0xFF, 0xFF, 0xFF, 0xFF }, \
  { 0xFF, 0xFF, 0xFF, 0xFF }, \
  { 0xFF, 0xFF, 0xFF, 0xFF }, \
  { 0xFF, 0xFF, 0xFF, 0xFF }, \
  { 0xFF, 0xFF, 0xFF, 0xFF }, \
  { 0xFF, 0xFF, 0xFF, 0xFF }, \
  { 0xFF, 0xFF, 0xFF, 0xFF }, \
  { 0xFF, 0xFF, 0xFF, 0xFF }, \
  { 0xFF, 0xFF, 0xFF, 0xFF }, \
  { 0xFF, 0xFF, 0xFF, 0xFF }, \
  { 0xFF, 0xFF, 0xFF, 0xFF }, \
  { 0xFF, 0xFF, 0xFF, 0xFF }, \
  { 0xFF, 0xFF, 0xFF, 0xFF }, \
  { 0xFF, 0xFF, 0xFF, 0xFF }, \
  { 0xFF, 0xFF, 0xFF, 0xFF }, \
  { 0xFF, 0xFF, 0xFF, 0xFF }, \
  { 0xFF, 0xFF, 0xFF, 0xFF }, \
  { 0xFF, 0xFF, 0xFF, 0xFF }, \
  { 0xFF, 0xFF, 0xFF, 0xFF }, \
  { 0xFF, 0xFF, 0xFF, 0xFF }, \
  { 0xFF, 0xFF, 0xFF, 0xFF }, \
  { 0xFF, 0xFF, 0xFF, 0xFF }, \
  { 0xFF, 0xFF, 0xFF, 0xFF }, \
  { 0xFF, 0xFF, 0xFF, 0xFF }, \
  { 0xFF, 0xFF, 0xFF, 0xFF }, \
  { 0xFF, 0xFF, 0xFF, 0xFF }, \
  { 0xFF, 0xFF, 0xFF, 0xFF }, \
  { 0xFF, 0xFF, 0xFF, 0xFF }, \
  { 0xFF, 0xFF, 0xFF, 0xFF }, \
  { 0xFF, 0xFF, 0xFF, 0xFF }, \
  { 0xFF, 0xFF, 0xFF, 0xFF }, \
  { 0xFF, 0xFF, 0xFF, 0xFF }, \
  { 0xFF, 0xFF, 0xFF, 0xFF }, \
  { 0xFF, 0xFF, 0xFF, 0xFF }, \
  { 0xFF, 0xFF, 0xFF, 0xFF }, \
  { 0xFF, 0xFF, 0xFF, 0xFF }, \
  { 0xFF, 0xFF, 0xFF, 0xFF }, \
  { 0xFF, 0xFF, 0xFF, 0xFF }, \
  { 0xFF, 0xFF, 0xFF, 0xFF }, \
  { 0xFF, 0xFF, 0xFF, 0xFF }, \
  { 0xFF, 0xFF, 0xFF, 0xFF }, \
  { 0xFF, 0xFF, 0xFF, 0xFF }, \
  { 0xFF, 0xFF, 0xFF, 0xFF }, \
  { 0xFF, 0xFF, 0xFF, 0xFF }, \
  { 0xFF, 0xFF, 0xFF, 0xFF }, \
  { 0xFF, 0xFF, 0xFF, 0xFF }, \
  { 0xFF, 0xFF, 0xFF, 0xFF }, \
  { 0xFF, 0xFF, 0xFF, 0xFF }, \
  { 0xFF, 0xFF, 0xFF, 0xFF }, \
  { 0xFF, 0xFF, 0xFF, 0xFF }, \
  { 0xFF, 0xFF, 0xFF, 0xFF }, \
  { 0xFF, 0xFF, 0xFF, 0xFF }, \
  { 0xFF, 0xFF, 0xFF, 0xFF }, \
  { 0xFF, 0xFF, 0xFF, 0xFF }, \
  { 0xFF, 0xFF, 0xFF, 0xFF }, \
  { 0xFF, 0xFF, 0xFF, 0xFF }, \
  { 0xFF, 0xFF, 0xFF, 0xFF }, \
  { 0xFF, 0xFF, 0xFF, 0xFF }, \
  { 0xFF, 0xFF, 0xFF, 0xFF }, \
  { 0xFF, 0xFF, 0xFF, 0xFF }, \
  { 0xFF, 0xFF, 0xFF, 0xFF }, \
  { 0xFF, 0xFF, 0xFF, 0xFF }, \
  { 0xFF, 0xFF, 0xFF, 0xFF }, \
  { 0xFF, 0xFF, 0xFF, 0xFF }, \
  { 0xFF, 0xFF, 0xFF, 0xFF }, \
  { 0xFF, 0xFF, 0xFF, 0xFF }, \
  { 0xFF, 0xFF, 0xFF, 0xFF }, \
  { 0xFF, 0xFF, 0xFF, 0xFF }, \
  { 0xFF, 0xFF, 0xFF, 0xFF }, \
  { 0xFF, 0xFF, 0xFF, 0xFF }, \
  { 0xFF, 0xFF, 0xFF, 0xFF }, \
  { 0xFF, 0xFF, 0xFF, 0xFF }, \
  { 0xFF, 0xFF, 0xFF, 0xFF }, \
  { 0xFF, 0xFF, 0xFF, 0xFF }, \
  { 0xFF, 0xFF, 0xFF, 0xFF }, \
  { 0xFF, 0xFF, 0xFF, 0xFF }, \
  { 0xFF, 0xFF, 0xFF, 0xFF }, \
  { 0xFF, 0xFF, 0xFF, 0xFF }, \
  { 0xFF, 0xFF, 0xFF, 0xFF }, \
  { 0xFF, 0xFF, 0xFF, 0xFF }, \
  { 0xFF, 0xFF, 0xFF, 0xFF }, \
  { 0xFF, 0xFF, 0xFF, 0xFF }, \
  { 0xFF, 0xFF, 0xFF, 0xFF }, \
  { 0xFF, 0xFF, 0xFF, 0xFF }, \
  { 0xFF, 0xFF, 0xFF, 0xFF }, \
  { 0xFF, 0xFF, 0xFF, 0xFF }, \
  { 0xFF, 0xFF, 0xFF, 0xFF }, \
  { 0xFF, 0xFF, 0xFF, 0xFF }, \
  { 0xFF, 0xFF, 0xFF, 0xFF }, \
  { 0xFF, 0xFF, 0xFF, 0xFF }, \
  { 0xFF, 0xFF, 0xFF, 0xFF }, \
  { 0xFF, 0xFF, 0xFF, 0xFF }, \
  { 0xFF, 0xFF, 0xFF, 0xFF }, \
  { 0xFF, 0xFF, 0xFF, 0xFF }, \
  { 0xFF, 0xFF, 0xFF, 0xFF }, \
  { 0xFF, 0xFF, 0xFF, 0xFF }, \
  { 0xFF, 0xFF, 0xFF, 0xFF }, \
  { 0xFF, 0xFF, 0xFF, 0xFF }, \
  { 0xFF, 0xFF, 0xFF, 0xFF }, \
  { 0xFF, 0xFF, 0xFF, 0xFF }, \
  { 0xFF, 0xFF, 0xFF, 0xFF }, \
  { 0xFF, 0xFF, 0xFF, 0xFF }, \
  { 0xFF, 0xFF, 0xFF, 0xFF }, \
  { 0xFF, 0xFF, 0xFF, 0xFF }, \
  { 0xFF, 0xFF, 0xFF, 0xFF }, \
  { 0xFF, 0xFF, 0xFF, 0xFF }, \
  { 0xFF, 0xFF, 0xFF, 0xFF }, \
  { 0xFF, 0xFF, 0xFF, 0xFF }, \
  { 0xFF, 0xFF, 0xFF, 0xFF }, \
  { 0xFF, 0xFF, 0xFF, 0xFF }, \
  { 0xFF, 0xFF, 0xFF, 0xFF }, \
  { 0xFF, 0xFF, 0xFF, 0xFF }, \
  { 0xFF, 0xFF, 0xFF, 0xFF }, \
  { 0xFF, 0xFF, 0xFF, 0xFF }, \
  { 0xFF, 0xFF, 0xFF, 0xFF }, \
  { 0xFF, 0xFF, 0xFF, 0xFF }, \
  { 0xFF, 0xFF, 0xFF, 0xFF }, \
  { 0xFF, 0xFF, 0xFF, 0xFF }, \
  { 0xFF, 0xFF, 0xFF, 0xFF }, \
  { 0xFF, 0xFF, 0xFF, 0xFF }, \
  { 0xFF, 0xFF, 0xFF, 0xFF }, \
  { 0xFF, 0xFF, 0xFF, 0xFF }, \
  { 0xFF, 0xFF, 0xFF, 0xFF }, \
  { 0xFF, 0xFF, 0xFF, 0xFF }, \
  { 0xFF, 0xFF, 0xFF, 0xFF }, \
  { 0xFF, 0xFF, 0xFF, 0xFF }, \
  { 0xFF, 0xFF, 0xFF, 0xFF }, \
  { 0xFF, 0xFF, 0xFF, 0xFF }, \
  { 0xFF, 0xFF, 0xFF, 0xFF }, \
  { 0xFF, 0xFF, 0xFF, 0xFF }, \
  { 0xFF, 0xFF, 0xFF, 0xFF }, \
  { 0xFF, 0xFF, 0xFF, 0xFF }, \
  { 0xFF, 0xFF, 0xFF, 0xFF }, \
  { 0xFF, 0xFF, 0xFF, 0xFF }, \
  { 0xFF, 0xFF, 0xFF, 0xFF }, \
  { 0xFF, 0xFF, 0xFF, 0xFF }, \
  { 0xFF, 0xFF, 0xFF, 0xFF }, \
  { 0xFF, 0xFF, 0xFF, 0xFF }, \
  { 0xFF, 0xFF, 0xFF, 0xFF }, \
  { 0xFF, 0xFF, 0xFF, 0xFF }, \
  { 0xFF, 0xFF, 0xFF, 0xFF }, \
  { 0xFF, 0xFF, 0xFF, 0xFF }, \
  { 0xFF, 0xFF, 0xFF, 0xFF }, \
  { 0xFF, 0xFF, 0xFF, 0xFF }, \
  { 0xFF, 0xFF, 0xFF, 0xFF }, \
  { 0xFF, 0xFF, 0xFF, 0xFF }, \
  { 0xFF, 0xFF, 0xFF, 0xFF }, \
  { 0xFF, 0xFF, 0xFF, 0xFF }, \
  { 0xFF, 0xFF, 0xFF, 0xFF }, \
  { 0xFF, 0xFF, 0xFF, 0xFF }, \
  { 0xFF, 0xFF, 0xFF, 0xFF }, \
  { 0xFF, 0xFF, 0xFF, 0xFF }, \
  { 0xFF, 0xFF, 0xFF, 0xFF }, \
  { 0xFF, 0xFF, 0xFF, 0xFF }, \
  { 0xFF, 0xFF, 0xFF, 0xFF }, \
  { 0xFF, 0xFF, 0xFF, 0xFF }, \
  { 0xFF, 0xFF, 0xFF, 0xFF }, \
  { 0xFF, 0xFF, 0xFF, 0xFF }, \
  { 0xFF, 0xFF, 0xFF, 0xFF }, \
  { 0xFF, 0xFF, 0xFF, 0xFF }, \
  { 0xFF, 0xFF, 0xFF, 0xFF }, \
  { 0xFF, 0xFF, 0xFF, 0xFF }, \
  { 0xFF, 0xFF, 0xFF, 0xFF }, \
  { 0xFF, 0xFF, 0xFF, 0xFF }, \
  { 0xFF, 0xFF, 0xFF, 0xFF }, \
  { 0xFF, 0xFF, 0xFF, 0xFF }, \
  { 0xFF, 0xFF, 0xFF, 0xFF }, \
  { 0xFF, 0xFF, 0xFF, 0xFF }, \
  { 0xFF, 0xFF, 0xFF, 0xFF }, \
  { 0xFF, 0xFF, 0xFF, 0xFF }, \
  { 0xFF, 0xFF, 0xFF, 0xFF }, \
  { 0xFF, 0xFF, 0xFF, 0xFF }, \
  { 0xFF, 0xFF, 0xFF, 0xFF }, \
  { 0xFF, 0xFF, 0xFF, 0xFF }, \
  { 0xFF, 0xFF, 0xFF, 0xFF }, \
  { 0xFF, 0xFF, 0xFF, 0xFF }, \
  { 0xFF, 0xFF, 0xFF, 0xFF }, \
  { 0xFF, 0xFF, 0xFF, 0xFF }, \
  { 0xFF, 0xFF, 0xFF, 0xFF }, \
  { 0xFF, 0xFF, 0xFF, 0xFF }, \
  { 0xFF, 0xFF, 0xFF, 0xFF }, \
  { 0xFF, 0xFF, 0xFF, 0xFF }, \
  { 0xFF, 0xFF, 0xFF, 0xFF }, \
  { 0xFF, 0xFF, 0xFF, 0xFF }, \
  { 0xFF, 0xFF, 0xFF, 0xFF }, \
  { 0xFF, 0xFF, 0xFF, 0xFF }, \
  { 0xFF, 0xFF, 0xFF, 0xFF }, \
  { 0xFF, 0xFF, 0xFF, 0xFF }, \
  { 0xFF, 0xFF, 0xFF, 0xFF }, \
  { 0xFF, 0xFF, 0xFF, 0xFF }, \
  { 0xFF, 0xFF, 0xFF, 0xFF }, \
  { 0xFF, 0xFF, 0xFF, 0xFF }, \
  { 0xFF, 0xFF, 0xFF, 0xFF }, \
  { 0xFF, 0xFF, 0xFF, 0xFF }, \
  { 0xFF, 0xFF, 0xFF, 0xFF }, \
  { 0xFF, 0xFF, 0xFF, 0xFF }, \
  { 0xFF, 0xFF, 0xFF, 0xFF }, \
  { 0xFF, 0xFF, 0xFF, 0xFF }, \
  { 0xFF, 0xFF, 0xFF, 0xFF }, \
  { 0xFF, 0xFF, 0xFF, 0xFF }, \
  { 0xFF, 0xFF, 0xFF, 0xFF }, \
  { 0xFF, 0xFF, 0xFF, 0xFF }, \
  { 0xFF, 0xFF, 0xFF, 0xFF }, \
  { 0xFF, 0xFF, 0xFF, 0xFF }, \
  { 0xFF, 0xFF, 0xFF, 0xFF }, \
  { 0xFF, 0xFF, 0xFF, 0xFF }, \
  { 0xFF, 0xFF, 0xFF, 0xFF }, \
  { 0xFF, 0xFF, 0xFF, 0xFF }, \
  { 0xFF, 0xFF, 0xFF, 0xFF }, \
  { 0xFF, 0xFF, 0xFF, 0xFF }, \
  { 0xFF, 0xFF, 0xFF, 0xFF }, \
  { 0xFF, 0xFF, 0xFF, 0xFF }, \
  { 0xFF, 0xFF, 0xFF, 0xFF }, \
  { 0xFF, 0xFF, 0xFF, 0xFF }, \
  { 0xFF, 0xFF, 0xFF, 0xFF }, \
  { 0xFF, 0xFF, 0xFF, 0xFF }, \
  { 0xFF, 0xFF, 0xFF, 0xFF }, \
  { 0xFF, 0xFF, 0xFF, 0xFF }, \
  { 0xFF, 0xFF, 0xFF, 0xFF }, \
  { 0xFF, 0xFF, 0xFF, 0xFF }, \
  { 0xFF, 0xFF, 0xFF, 0xFF }, \
  { 0xFF, 0xFF, 0xFF, 0xFF }, \
  { 0xFF, 0xFF, 0xFF, 0xFF }, \
  { 0xFF, 0xFF, 0xFF, 0xFF }, \
  { 0xFF, 0xFF, 0xFF, 0xFF }, \
  { 0xFF, 0xFF, 0xFF, 0xFF }, \
  { 0xFF, 0xFF, 0xFF, 0xFF }, \
  { 0xFF, 0xFF, 0xFF, 0xFF }, \
  { 0xFF, 0xFF, 0xFF, 0xFF }, \
  { 0xFF, 0xFF, 0xFF, 0xFF }, \
  { 0xFF, 0xFF, 0xFF, 0xFF }, \
  { 0xFF, 0xFF, 0xFF, 0xFF }, \
  { 0xFF, 0xFF, 0xFF, 0xFF }, \
  { 0xFF, 0xFF, 0xFF, 0xFF }, \
  { 0xFF, 0xFF, 0xFF, 0xFF }, \
  { 0xFF, 0xFF, 0xFF, 0xFF }, \
  { 0xFF, 0xFF, 0xFF, 0xFF }, \
  { 0xFF, 0xFF, 0xFF, 0xFF }, \
  { 0xFF, 0xFF, 0xFF, 0xFF }, \
  { 0xFF, 0xFF, 0xFF, 0xFF }, \
  { 0xFF, 0xFF, 0xFF, 0xFF }, \
  { 0xFF, 0xFF, 0xFF, 0xFF }, \
  { 0xFF, 0xFF, 0xFF, 0xFF }, \
  { 0xFF, 0xFF, 0xFF, 0xFF }, \
  { 0xFF, 0xFF, 0xFF, 0xFF }, \
  { 0xFF, 0xFF, 0xFF, 0xFF }, \
  { 0xFF, 0xFF, 0xFF, 0xFF }, \
  { 0xFF, 0xFF, 0xFF, 0xFF }, \
  { 0xFF, 0xFF, 0xFF, 0xFF }, \
  { 0xFF, 0xFF, 0xFF, 0xFF }, \
  { 0xFF, 0xFF, 0xFF, 0xFF }, \
  { 0xFF, 0xFF, 0xFF, 0xFF }, \
  { 0xFF, 0xFF, 0xFF, 0xFF }, \
  { 0xFF, 0xFF, 0xFF, 0xFF }, \
  { 0xFF, 0xFF, 0xFF, 0xFF }, \
  { 0xFF, 0xFF, 0xFF, 0xFF }, \
  { 0xFF, 0xFF, 0xFF, 0xFF }, \
  { 0xFF, 0xFF, 0xFF, 0xFF }, \
  { 0xFF, 0xFF, 0xFF, 0xFF }, \
  { 0xFF, 0xFF, 0xFF, 0xFF }, \
  { 0xFF, 0xFF, 0xFF, 0xFF }, \
  { 0xFF, 0xFF, 0xFF, 0xFF }, \
  { 0xFF, 0xFF, 0xFF, 0xFF }, \
  { 0xFF, 0xFF, 0xFF, 0xFF }, \
  { 0xFF, 0xFF, 0xFF, 0xFF }, \
  { 0xFF, 0xFF, 0xFF, 0xFF }, \
  { 0xFF, 0xFF, 0xFF, 0xFF }, \
  { 0xFF, 0xFF, 0xFF, 0xFF }, \
  { 0xFF, 0xFF, 0xFF, 0xFF }, \
  { 0xFF, 0xFF, 0xFF, 0xFF }, \
  { 0xFF, 0xFF, 0xFF, 0xFF }, \
  { 0xFF, 0xFF, 0xFF, 0xFF }, \
  { 0xFF, 0xFF, 0xFF, 0xFF }, \
  { 0xFF, 0xFF, 0xFF, 0xFF }, \
  { 0xFF, 0xFF, 0xFF, 0xFF }, \
  { 0xFF, 0xFF, 0xFF, 0xFF }, \
  { 0xFF, 0xFF, 0xFF, 0xFF }, \
  { 0xFF, 0xFF, 0xFF, 0xFF }, \
  { 0xFF, 0xFF, 0xFF, 0xFF }, \
  { 0xFF, 0xFF, 0xFF, 0xFF }, \
  { 0xFF, 0xFF, 0xFF, 0xFF }, \
  { 0xFF, 0xFF, 0xFF, 0xFF }, \
  { 0xFF, 0xFF, 0xFF, 0xFF }, \
  { 0xFF, 0xFF, 0xFF, 0xFF }, \
  { 0xFF, 0xFF, 0xFF, 0xFF }, \
  { 0xFF, 0xFF, 0xFF, 0xFF }, \
  { 0xFF, 0xFF, 0xFF, 0xFF }, \
  { 0xFF, 0xFF, 0xFF, 0xFF }, \
  { 0xFF, 0xFF, 0xFF, 0xFF }, \
  { 0xFF, 0xFF, 0xFF, 0xFF }, \
  { 0xFF, 0xFF, 0xFF, 0xFF }, \
  { 0xFF, 0xFF, 0xFF, 0xFF }, \
  { 0xFF, 0xFF, 0xFF, 0xFF }, \
  { 0xFF, 0xFF, 0xFF, 0xFF }, \
  { 0xFF, 0xFF, 0xFF, 0xFF }, \
  { 0xFF, 0xFF, 0xFF, 0xFF }, \
  { 0xFF, 0xFF, 0xFF, 0xFF }, \
  { 0xFF, 0xFF, 0xFF, 0xFF }, \
  { 0xFF, 0xFF, 0xFF, 0xFF }, \
  { 0xFF, 0xFF, 0xFF, 0xFF }, \
  { 0xFF, 0xFF, 0xFF, 0xFF }, \
  { 0xFF, 0xFF, 0xFF, 0xFF }, \
  { 0xFF, 0xFF, 0xFF, 0xFF }, \
  { 0xFF, 0xFF, 0xFF, 0xFF }, \
  { 0xFF, 0xFF, 0xFF, 0xFF }, \
  { 0xFF, 0xFF, 0xFF, 0xFF }, \
  { 0xFF, 0xFF, 0xFF, 0xFF }, \
  { 0xFF, 0xFF, 0xFF, 0xFF }, \
  { 0xFF, 0xFF, 0xFF, 0xFF }, \
  { 0xFF, 0xFF, 0xFF, 0xFF }, \
  { 0xFF, 0xFF, 0xFF, 0xFF }, \
  { 0xFF, 0xFF, 0xFF, 0xFF }, \
  { 0xFF, 0xFF, 0xFF, 0xFF }, \
  { 0xFF, 0xFF, 0xFF, 0xFF }, \
  { 0xFF, 0xFF, 0xFF, 0xFF }, \
  { 0xFF, 0xFF, 0xFF, 0xFF }, \
  { 0xFF, 0xFF, 0xFF, 0xFF }, \
  { 0xFF, 0xFF, 0xFF, 0xFF }, \
  { 0xFF, 0xFF, 0xFF, 0xFF }, \
  { 0xFF, 0xFF, 0xFF, 0xFF }, \
  { 0xFF, 0xFF, 0xFF, 0xFF }, \
  { 0xFF, 0xFF, 0xFF, 0xFF }, \
  { 0xFF, 0xFF, 0xFF, 0xFF }, \
  { 0xFF, 0xFF, 0xFF, 0xFF }, \
  { 0xFF, 0xFF, 0xFF, 0xFF }, \
  { 0xFF, 0xFF, 0xFF, 0xFF }, \
  { 0xFF, 0xFF, 0xFF, 0xFF }, \
  { 0xFF, 0xFF, 0xFF, 0xFF }, \
  { 0xFF, 0xFF, 0xFF, 0xFF }, \
  { 0xFF, 0xFF, 0xFF, 0xFF }, \
  { 0xFF, 0xFF, 0xFF, 0xFF }, \
  { 0xFF, 0xFF, 0xFF, 0xFF }, \
  { 0xFF, 0xFF, 0xFF, 0xFF }, \
  { 0xFF, 0xFF, 0xFF, 0xFF }, \
  { 0xFF, 0xFF, 0xFF, 0xFF }, \
  { 0xFF, 0xFF, 0xFF, 0xFF }, \
  { 0xFF, 0xFF, 0xFF, 0xFF }, \
  { 0xFF, 0xFF, 0xFF, 0xFF }, \
  { 0xFF, 0xFF, 0xFF, 0xFF }, \
  { 0xFF, 0xFF, 0xFF, 0xFF }, \
  { 0xFF, 0xFF, 0xFF, 0xFF }, \
  { 0xFF, 0xFF, 0xFF, 0xFF }, \
  { 0xFF, 0xFF, 0xFF, 0xFF }, \
  { 0xFF, 0xFF, 0xFF, 0xFF }, \
  { 0xFF, 0xFF, 0xFF, 0xFF }, \
  { 0xFF, 0xFF, 0xFF, 0xFF }, \
  { 0xFF, 0xFF, 0xFF, 0xFF }, \
  { 0xFF, 0xFF, 0xFF, 0xFF }, \
  { 0xFF, 0xFF, 0xFF, 0xFF }, \
  { 0xFF, 0xFF, 0xFF, 0xFF }, \
  { 0xFF, 0xFF, 0xFF, 0xFF }, \
  { 0xFF, 0xFF, 0xFF, 0xFF }, \
  { 0xFF, 0xFF, 0xFF, 0xFF }, \
  { 0xFF, 0xFF, 0xFF, 0xFF }, \
  { 0xFF, 0xFF, 0xFF, 0xFF }, \
  { 0xFF, 0xFF, 0xFF, 0xFF }, \
  { 0xFF, 0xFF, 0xFF, 0xFF }, \
  { 0xFF, 0xFF, 0xFF, 0xFF }, \
  { 0xFF, 0xFF, 0xFF, 0xFF }, \
  { 0xFF, 0xFF, 0xFF, 0xFF }, \
  { 0xFF, 0xFF, 0xFF, 0xFF }, \
  { 0xFF, 0xFF, 0xFF, 0xFF }, \
  { 0xFF, 0xFF, 0xFF, 0xFF }, \
  { 0xFF, 0xFF, 0xFF, 0xFF }, \
  { 0xFF, 0xFF, 0xFF, 0xFF }, \
  { 0xFF, 0xFF, 0xFF, 0xFF }, \
  { 0xFF, 0xFF, 0xFF, 0xFF }, \
  { 0xFF, 0xFF, 0xFF, 0xFF }, \
  { 0xFF, 0xFF, 0xFF, 0xFF }, \
  { 0xFF, 0xFF, 0xFF, 0xFF }, \
  { 0xFF, 0xFF, 0xFF, 0xFF }, \
  { 0xFF, 0xFF, 0xFF, 0xFF }, \
  { 0xFF, 0xFF, 0xFF, 0xFF }, \
  { 0xFF, 0xFF, 0xFF, 0xFF }, \
  { 0xFF, 0xFF, 0xFF, 0xFF }, \
  { 0xFF, 0xFF, 0xFF, 0xFF }, \
  { 0xFF, 0xFF, 0xFF, 0xFF }, \
  { 0xFF, 0xFF, 0xFF, 0xFF }, \
  { 0xFF, 0xFF, 0xFF, 0xFF }, \
  { 0xFF, 0xFF, 0xFF, 0xFF }, \
  { 0xFF, 0xFF, 0xFF, 0xFF }, \
  { 0xFF, 0xFF, 0xFF, 0xFF }, \
  { 0xFF, 0xFF, 0xFF, 0xFF }, \
  { 0xFF, 0xFF, 0xFF, 0xFF }, \
  { 0xFF, 0xFF, 0xFF, 0xFF }, \
  { 0xFF, 0xFF, 0xFF, 0xFF }, \
  { 0xFF, 0xFF, 0xFF, 0xFF }, \
  { 0xFF, 0xFF, 0xFF, 0xFF }, \
  { 0xFF, 0xFF, 0xFF, 0xFF }, \
  { 0xFF, 0xFF, 0xFF, 0xFF }, \
  { 0xFF, 0xFF, 0xFF, 0xFF }, \
  { 0xFF, 0xFF, 0xFF, 0xFF }, \
  { 0xFF, 0xFF, 0xFF, 0xFF }, \
  { 0xFF, 0xFF, 0xFF, 0xFF }, \
  { 0xFF, 0xFF, 0xFF, 0xFF }, \
  { 0xFF, 0xFF, 0xFF, 0xFF }, \
  { 0xFF, 0xFF, 0xFF, 0xFF }, \
  { 0xFF, 0xFF, 0xFF, 0xFF }, \
  { 0xFF, 0xFF, 0xFF, 0xFF }, \
  { 0xFF, 0xFF, 0xFF, 0xFF }, \
  { 0xFF, 0xFF, 0xFF, 0xFF }, \
  { 0xFF, 0xFF, 0xFF, 0xFF }, \
  { 0xFF, 0xFF, 0xFF, 0xFF }, \
  { 0xFF, 0xFF, 0xFF, 0xFF }, \
  { 0xFF, 0xFF, 0xFF, 0xFF }, \
  { 0xFF, 0xFF, 0xFF, 0xFF }, \
  { 0xFF, 0xFF, 0xFF, 0xFF }, \
  { 0xFF, 0xFF, 0xFF, 0xFF }, \
  { 0xFF, 0xFF, 0xFF, 0xFF }, \
  { 0xFF, 0xFF, 0xFF, 0xFF }, \
  { 0xFF, 0xFF, 0xFF, 0xFF }, \
  { 0xFF, 0xFF, 0xFF, 0xFF }, \
  { 0xFF, 0xFF, 0xFF, 0xFF }, \
  { 0xFF, 0xFF, 0xFF, 0xFF }, \
  { 0xFF, 0xFF, 0xFF, 0xFF }, \
  { 0xFF, 0xFF, 0xFF, 0xFF }, \
  { 0xFF, 0xFF, 0xFF, 0xFF }, \
  { 0xFF, 0xFF, 0xFF, 0xFF }, \
  { 0xFF, 0xFF, 0xFF, 0xFF }, \
  { 0xFF, 0xFF, 0xFF, 0xFF }, \
  { 0xFF, 0xFF, 0xFF, 0xFF }, \
  { 0xFF, 0xFF, 0xFF, 0xFF }, \
  { 0xFF, 0xFF, 0xFF, 0xFF }, \
  { 0xFF, 0xFF, 0xFF, 0xFF }, \
  { 0xFF, 0xFF, 0xFF, 0xFF }, \
  { 0xFF, 0xFF, 0xFF, 0xFF }, \
  { 0xFF, 0xFF, 0xFF, 0xFF }, \
  { 0xFF, 0xFF, 0xFF, 0xFF }, \
  { 0xFF, 0xFF, 0xFF, 0xFF }, \
  { 0xFF, 0xFF, 0xFF, 0xFF }, \
  { 0xFF, 0xFF, 0xFF, 0xFF }, \
  { 0xFF, 0xFF, 0xFF, 0xFF }, \
  { 0xFF, 0xFF, 0xFF, 0xFF }, \
  { 0xFF, 0xFF, 0xFF, 0xFF }, \
  { 0xFF, 0xFF, 0xFF, 0xFF }, \
  { 0xFF, 0xFF, 0xFF, 0xFF }, \
  { 0xFF, 0xFF, 0xFF, 0xFF }, \
  { 0xFF, 0xFF, 0xFF, 0xFF }, \
  { 0xFF, 0xFF, 0xFF, 0xFF }, \
  { 0xFF, 0xFF, 0xFF, 0xFF }, \
  { 0xFF, 0xFF, 0xFF, 0xFF }, \
  { 0xFF, 0xFF, 0xFF, 0xFF }, \
  { 0xFF, 0xFF, 0xFF, 0xFF }, \
  { 0xFF, 0xFF, 0xFF, 0xFF }, \
  { 0xFF, 0xFF, 0xFF, 0xFF }, \
  { 0xFF, 0xFF, 0xFF, 0xFF }, \
  { 0xFF, 0xFF, 0xFF, 0xFF }, \
  { 0xFF, 0xFF, 0xFF, 0xFF }, \
  { 0xFF, 0xFF, 0xFF, 0xFF }, \
  { 0xFF, 0xFF, 0xFF, 0xFF }, \
  { 0xFF, 0xFF, 0xFF, 0xFF }, \
  { 0xFF, 0xFF, 0xFF, 0xFF }, \
  { 0xFF, 0xFF, 0xFF, 0xFF }, \
  { 0xFF, 0xFF, 0xFF, 0xFF }, \
  { 0xFF, 0xFF, 0xFF, 0xFF }, \
  { 0xFF, 0xFF, 0xFF, 0xFF }, \
  { 0xFF, 0xFF, 0xFF, 0xFF }, \
  { 0xFF, 0xFF, 0xFF, 0xFF }, \
  { 0xFF, 0xFF, 0xFF, 0xFF }, \
  { 0xFF, 0xFF, 0xFF, 0xFF }, \
  { 0xFF, 0xFF, 0xFF, 0xFF }, \
  { 0xFF, 0xFF, 0xFF, 0xFF }, \
  { 0xFF, 0xFF, 0xFF, 0xFF }, \
  { 0xFF, 0xFF, 0xFF, 0xFF }, \
  { 0xFF, 0xFF, 0xFF, 0xFF }, \
  { 0xFF, 0xFF, 0xFF, 0xFF }, \
  { 0xFF, 0xFF, 0xFF, 0xFF }, \
  { 0xFF, 0xFF, 0xFF, 0xFF }, \
  { 0xFF, 0xFF, 0xFF, 0xFF }, \
  { 0xFF, 0xFF, 0xFF, 0xFF }, \
  { 0xFF, 0xFF, 0xFF, 0xFF }, \
  { 0xFF, 0xFF, 0xFF, 0xFF }, \
  { 0xFF, 0xFF, 0xFF, 0xFF }, \
  { 0xFF, 0xFF, 0xFF, 0xFF }, \
  { 0xFF, 0xFF, 0xFF, 0xFF }, \
  { 0xFF, 0xFF, 0xFF, 0xFF }, \
  { 0xFF, 0xFF, 0xFF, 0xFF }, \
  { 0xFF, 0xFF, 0xFF, 0xFF }, \
  { 0xFF, 0xFF, 0xFF, 0xFF }, \
  { 0xFF, 0xFF, 0xFF, 0xFF }, \
  { 0xFF, 0xFF, 0xFF, 0xFF }, \
  { 0xFF, 0xFF, 0xFF, 0xFF }, \
  { 0xFF, 0xFF, 0xFF, 0xFF }, \
  { 0xFF, 0xFF, 0xFF, 0xFF }, \
  { 0xFF, 0xFF, 0xFF, 0xFF }, \
  { 0xFF, 0xFF, 0xFF, 0xFF }, \
  { 0xFF, 0xFF, 0xFF, 0xFF }, \
  { 0xFF, 0xFF, 0xFF, 0xFF }, \
  { 0xFF, 0xFF, 0xFF, 0xFF }, \
  { 0xFF, 0xFF, 0xFF, 0xFF }, \
  { 0xFF, 0xFF, 0xFF, 0xFF }, \
  { 0xFF, 0xFF, 0xFF, 0xFF }, \
  { 0xFF, 0xFF, 0xFF, 0xFF }, \
  { 0xFF, 0xFF, 0xFF, 0xFF }, \
  { 0xFF, 0xFF, 0xFF, 0xFF }, \
  { 0xFF, 0xFF, 0xFF, 0xFF }, \
  { 0xFF, 0xFF, 0xFF, 0xFF }, \
  { 0xFF, 0xFF, 0xFF, 0xFF }, \
  { 0xFF, 0xFF, 0xFF, 0xFF }, \
  { 0xFF, 0xFF, 0xFF, 0xFF }, \
  { 0xFF, 0xFF, 0xFF, 0xFF }, \
  { 0xFF, 0xFF, 0xFF, 0xFF }, \
  { 0xFF, 0xFF, 0xFF, 0xFF }, \
  { 0xFF, 0xFF, 0xFF, 0xFF }, \
  { 0xFF, 0xFF, 0xFF, 0xFF }, \
  { 0xFF, 0xFF, 0xFF, 0xFF }, \
  { 0xFF, 0xFF, 0xFF, 0xFF }, \
  { 0xFF, 0xFF, 0xFF, 0xFF }, \
  { 0xFF, 0xFF, 0xFF, 0xFF }, \
  { 0xFF, 0xFF, 0xFF, 0xFF }, \
  { 0xFF, 0xFF, 0xFF, 0xFF }, \
  { 0xFF, 0xFF, 0xFF, 0xFF }, \
  { 0xFF, 0xFF, 0xFF, 0xFF }, \
  { 0xFF, 0xFF, 0xFF, 0xFF }, \
  { 0xFF, 0xFF, 0xFF, 0xFF }, \
  { 0xFF, 0xFF, 0xFF, 0xFF }, \
  { 0xFF, 0xFF, 0xFF, 0xFF }, \
  { 0xFF, 0xFF, 0xFF, 0xFF }, \
  { 0xFF, 0xFF, 0xFF, 0xFF }, \
  { 0xFF, 0xFF, 0xFF, 0xFF }, \
  { 0xFF, 0xFF, 0xFF, 0xFF }, \
  { 0xFF, 0xFF, 0xFF, 0xFF }, \
  { 0xFF, 0xFF, 0xFF, 0xFF }, \
  { 0x31, 0x08, 0xFD, 0x4F }, \
  { 0x32, 0x09, 0xFD, 0x4F }, \
  { 0x33, 0x0A, 0xFD, 0x4F }, \
  { 0x34, 0x0B, 0xFD, 0x4F }, \
  { 0x01, 0x0C, 0xFD, 0x53 }, \
  { 0x35, 0x0C, 0xFD, 0x4F }, \
  { 0x01, 0xB4, 0x71, 0x73 }, \
  { 0x02, 0xB5, 0x71, 0x73 }, \
  { 0x03, 0xB6, 0x71, 0x73 }, \
  { 0x04, 0xB7, 0x71, 0x73 }, \
  { 0x05, 0xB8, 0x71, 0x73 }, \
  { 0x14, 0x00, 0xFE, 0xC1 }, \
  { 0x00, 0x46, 0xFD, 0x53 }, \
  { 0x00, 0x46, 0xFB, 0x53 }, \
  { 0xFF, 0xFF, 0xFF, 0x8F }, \
  { 0x81, 0x46, 0x51, 0x53 }, \
  { 0x82, 0x06, 0xFE, 0xC1 }, \
  { 0x30, 0x53, 0x28, 0x4F }, \
  { 0x01, 0x00, 0xF0, 0x30 }, \
  { 0x30, 0x53, 0x28, 0x73 }, \
  { 0x01, 0x46, 0x51, 0x53 }, \
  { 0xFF, 0xFF, 0xFF, 0x8F }, \
  { 0xFF, 0xFF, 0xFF, 0xFF }, \
  { 0xFF, 0xFF, 0xFF, 0xFF }, \
  { 0xFF, 0xFF, 0xFF, 0xFF }, \
  { 0xFF, 0xFF, 0xFF, 0xFF }, \
  { 0xFF, 0xFF, 0xFF, 0xFF }, \
  { 0xFF, 0xFF, 0xFF, 0xFF }, \
  { 0xFF, 0xFF, 0xFF, 0xFF }, \
  { 0xFF, 0xFF, 0xFF, 0xFF }, \
  { 0xFF, 0xFF, 0xFF, 0xFF }, \
  { 0xFF, 0xFF, 0xFF, 0xFF }, \
  { 0xFF, 0xFF, 0xFF, 0xFF }, \
  { 0xFF, 0xFF, 0xFF, 0xFF }, \
  { 0xFF, 0xFF, 0xFF, 0xFF }, \
  { 0xFF, 0xFF, 0xFF, 0xFF }, \
  { 0xFF, 0xFF, 0xFF, 0xFF }, \
  { 0xFF, 0xFF, 0xFF, 0xFF }, \
  { 0xFF, 0xFF, 0xFF, 0xFF }, \
  { 0xFF, 0xFF, 0xFF, 0xFF }, \
  { 0xFF, 0xFF, 0xFF, 0xFF }, \
  { 0xFF, 0xFF, 0xFF, 0xFF }, \
  { 0xFF, 0xFF, 0xFF, 0xFF }, \
  { 0xFF, 0xFF, 0xFF, 0xFF }, \
  { 0xFF, 0xFF, 0xFF, 0xFF }, \
  { 0xFF, 0xFF, 0xFF, 0xFF }, \
  { 0xFF, 0xFF, 0xFF, 0xFF }, \
  { 0xFF, 0xFF, 0xFF, 0xFF }, \
  { 0xFF, 0xFF, 0xFF, 0xFF }, \
  { 0xFF, 0xFF, 0xFF, 0xFF }, \
  { 0xFF, 0xFF, 0xFF, 0xFF }, \
  { 0xFF, 0xFF, 0xFF, 0xFF }, \
  { 0xFF, 0xFF, 0xFF, 0xFF }, \
  { 0xFF, 0xFF, 0xFF, 0xFF }, \
  { 0xFF, 0xFF, 0xFF, 0xFF }, \
  { 0xFF, 0xFF, 0xFF, 0xFF }, \
  { 0xFF, 0xFF, 0xFF, 0xFF }, \
  { 0xFF, 0xFF, 0xFF, 0xFF }, \
  { 0xFF, 0xFF, 0xFF, 0xFF }, \
  { 0xFF, 0xFF, 0xFF, 0xFF }, \
  { 0xFF, 0xFF, 0xFF, 0xFF }, \
  { 0xFF, 0xFF, 0xFF, 0xFF }, \
  { 0xFF, 0xFF, 0xFF, 0xFF }, \
  { 0xFF, 0xFF, 0xFF, 0xFF }, \
  { 0xFF, 0xFF, 0xFF, 0xFF }, \
  { 0xFF, 0xFF, 0xFF, 0xFF }, \
  { 0xFF, 0xFF, 0xFF, 0xFF }, \
  { 0xFF, 0xFF, 0xFF, 0xFF }, \
  { 0xFF, 0xFF, 0xFF, 0xFF }, \
  { 0xFF, 0xFF, 0xFF, 0xFF }, \
  { 0xFF, 0xFF, 0xFF, 0xFF }, \
  { 0xFF, 0xFF, 0xFF, 0xFF }, \
  { 0xFF, 0xFF, 0xFF, 0xFF }, \
  { 0xFF, 0xFF, 0xFF, 0xFF }, \
  { 0xFF, 0xFF, 0xFF, 0xFF }, \
  { 0xFF, 0xFF, 0xFF, 0xFF }, \
  { 0xFF, 0xFF, 0xFF, 0xFF }, \
  { 0xFF, 0xFF, 0xFF, 0xFF }, \
  { 0xFF, 0xFF, 0xFF, 0xFF }, \
  { 0xFF, 0xFF, 0xFF, 0xFF }, \
  { 0xFF, 0xFF, 0xFF, 0xFF }, \
  { 0xFF, 0xFF, 0xFF, 0xFF }, \
  { 0xFF, 0xFF, 0xFF, 0xFF }, \
  { 0xFF, 0xFF, 0xFF, 0xFF }, \
  { 0xFF, 0xFF, 0xFF, 0xFF }, \
  { 0xFF, 0xFF, 0xFF, 0xFF }, \
  { 0xFF, 0xFF, 0xFF, 0xFF }, \
  { 0xFF, 0xFF, 0xFF, 0xFF }, \
  { 0xFF, 0xFF, 0xFF, 0xFF }, \
  { 0xFF, 0xFF, 0xFF, 0xFF }, \
  { 0xFF, 0xFF, 0xFF, 0xFF }, \
  { 0xFF, 0xFF, 0xFF, 0xFF }, \
  { 0xFF, 0xFF, 0xFF, 0xFF }, \
  { 0xFF, 0xFF, 0xFF, 0xFF }, \
  { 0xFF, 0xFF, 0xFF, 0xFF }, \
  { 0xFF, 0xFF, 0xFF, 0xFF }, \
  { 0xFF, 0xFF, 0xFF, 0xFF }, \
  { 0xFF, 0xFF, 0xFF, 0xFF }, \
  { 0xFF, 0xFF, 0xFF, 0xFF }, \
  { 0xFF, 0xFF, 0xFF, 0xFF }, \
  { 0xFF, 0xFF, 0xFF, 0xFF }, \
  { 0xFF, 0xFF, 0xFF, 0xFF }, \
  { 0xFF, 0xFF, 0xFF, 0xFF }, \
  { 0xFF, 0xFF, 0xFF, 0xFF }, \
  { 0xFF, 0xFF, 0xFF, 0xFF }, \
  { 0xFF, 0xFF, 0xFF, 0xFF }, \
  { 0xFF, 0xFF, 0xFF, 0xFF }, \
  { 0xFF, 0xFF, 0xFF, 0xFF }, \
  { 0xFF, 0xFF, 0xFF, 0xFF }, \
  { 0xFF, 0xFF, 0xFF, 0xFF }, \
  { 0xFF, 0xFF, 0xFF, 0xFF }, \
  { 0xFF, 0xFF, 0xFF, 0xFF }, \
  { 0xFF, 0xFF, 0xFF, 0xFF }, \
  { 0xFF, 0xFF, 0xFF, 0xFF }, \
  { 0xFF, 0xFF, 0xFF, 0xFF }, \
  { 0xFF, 0xFF, 0xFF, 0xFF }, \
  { 0xFF, 0xFF, 0xFF, 0xFF }, \
  { 0xFF, 0xFF, 0xFF, 0xFF }, \
  { 0xFF, 0xFF, 0xFF, 0xFF }, \
  { 0xFF, 0xFF, 0xFF, 0xFF }, \
  { 0xFF, 0xFF, 0xFF, 0xFF }, \
  { 0xFF, 0xFF, 0xFF, 0xFF }, \
  { 0xFF, 0xFF, 0xFF, 0xFF }, \
  { 0xFF, 0xFF, 0xFF, 0xFF }, \
  { 0xFF, 0xFF, 0xFF, 0xFF }, \
  { 0xFF, 0xFF, 0xFF, 0xFF }, \
  { 0xFF, 0xFF, 0xFF, 0xFF }, \
  { 0xFF, 0xFF, 0xFF, 0xFF }, \
  { 0x08, 0x00, 0x00, 0xA0 }, \
  { 0x00, 0xA0, 0x00, 0x00 }, \
  { 0x64, 0x00, 0x00, 0x01 }, \
  { 0x00, 0x01, 0x00, 0x00 }, \
  { 0x73, 0x08, 0x04, 0x04 }, \
  { 0x00, 0x04, 0x00, 0x00 }, \
  { 0x62, 0x00, 0x00, 0x02 }, \
  { 0x00, 0x02, 0x00, 0x00 }, \
  { 0xFF, 0xFF, 0xFF, 0xFF }, \
  { 0x08, 0x00, 0x00, 0xA0 }, \
  { 0x00, 0xA0, 0x00, 0x00 }, \
  { 0x64, 0x00, 0x00, 0x01 }, \
  { 0x00, 0x01, 0x00, 0x00 }, \
  { 0x76, 0x02, 0x08, 0x08 }, \
  { 0x00, 0x08, 0x00, 0x00 }, \
  { 0x62, 0x00, 0x00, 0x02 }, \
  { 0x00, 0x02, 0x00, 0x00 }, \
  { 0xFF, 0xFF, 0xFF, 0xFF }, \
  { 0x08, 0x00, 0x00, 0xA0 }, \
  { 0x00, 0xA0, 0x00, 0x00 }, \
  { 0x64, 0x00, 0x00, 0x01 }, \
  { 0x00, 0x01, 0x00, 0x00 }, \
  { 0x8F, 0x01, 0x00, 0x00 }, \
  { 0x01, 0x01, 0x00, 0x00 }, \
  { 0x62, 0x00, 0x00, 0x02 }, \
  { 0x00, 0x02, 0x00, 0x00 }, \
  { 0xFF, 0xFF, 0xFF, 0xFF }, \
  { 0xFF, 0xFF, 0xFF, 0xFF }, \
  { 0xFF, 0xFF, 0xFF, 0xFF }, \
  { 0xFF, 0xFF, 0xFF, 0xFF }, \
  { 0xFF, 0xFF, 0xFF, 0xFF }, \
  { 0xFF, 0xFF, 0xFF, 0xFF }, \
  { 0xFF, 0xFF, 0xFF, 0xFF }, \
  { 0xFF, 0xFF, 0xFF, 0xFF }, \
  { 0xFF, 0xFF, 0xFF, 0xFF }, \
  { 0xFF, 0xFF, 0xFF, 0xFF }, \
  { 0x78, 0x03, 0x78, 0x03 }, \
  { 0x38, 0x03, 0x38, 0x03 }, \
  { 0x60, 0x01, 0xB8, 0x03 }, \
  { 0x38, 0x03, 0x38, 0x03 }, \
  { 0x60, 0x01, 0x38, 0x03 }, \
  { 0x38, 0x03, 0x38, 0x03 }, \
  { 0x38, 0x03, 0x38, 0x03 }, \
  { 0x00, 0x00, 0x38, 0x03 }, \
  { 0x38, 0x03, 0x38, 0x03 }, \
  { 0x38, 0x03, 0x38, 0x03 }, \
  { 0xB8, 0x03, 0xB8, 0x03 }, \
  { 0x38, 0x03, 0x38, 0x03 }, \
  { 0x38, 0x03, 0x38, 0x03 }, \
  { 0x38, 0x03, 0x38, 0x03 }, \
  { 0x38, 0x03, 0x38, 0x03 }, \
  { 0x90, 0x02, 0x90, 0x02 }, \
  { 0x80, 0x70, 0x70, 0x29 }, \
  { 0x04, 0x00, 0x70, 0x21 }, \
  { 0xFC, 0x7F, 0x74, 0x29 }, \
  { 0xE0, 0x4F, 0xFF, 0x9B }, \
  { 0xFF, 0xFF, 0xFF, 0xFC }, \
  { 0xFF, 0xFF, 0xFF, 0xFF }, \
  { 0xFF, 0xFF, 0xFF, 0xFF }, \
  { 0xFF, 0xFF, 0xFF, 0xFF }, \
  { 0xFF, 0xFF, 0xFF, 0xFF }, \
  { 0xFF, 0xFF, 0xFF, 0xFF }, \
  { 0xFF, 0xFF, 0xFF, 0xFF }, \
  { 0xFF, 0xFF, 0xFF, 0xFF }, \
  { 0xFF, 0xFF, 0xFF, 0xFF }, \
  { 0xFF, 0xFF, 0xFF, 0xFF }, \
  { 0xFF, 0xFF, 0xFF, 0xFF }, \
  { 0xFF, 0xFF, 0xFF, 0xFF }, \
  { 0xFF, 0xFF, 0xFF, 0xFF }, \
  { 0xFF, 0xFF, 0xFF, 0xFF }, \
  { 0xFF, 0xFF, 0xFF, 0xFF }, \
  { 0xFF, 0xFF, 0xFF, 0xFF }, \
  { 0xFF, 0xFF, 0xFF, 0xFF }, \
  { 0xFF, 0xFF, 0xFF, 0xFF }, \
  { 0xFF, 0xFF, 0xFF, 0xFF }, \
  { 0xFF, 0xFF, 0xFF, 0xFF }, \
  { 0xFF, 0xFF, 0xFF, 0xFF }, \
  { 0xFF, 0xFF, 0xFF, 0xFF }, \
  { 0xFF, 0xFF, 0xFF, 0xFF }, \
  { 0xFF, 0xFF, 0xFF, 0xFF }, \
  { 0xFF, 0xFF, 0xFF, 0xFF }, \
  { 0xFF, 0xFF, 0xFF, 0xFF }, \
  { 0xFF, 0xFF, 0xFF, 0xFF }, \
  { 0xFF, 0xFF, 0xFF, 0xFF }, \
  { 0xFF, 0xFF, 0xFF, 0xFF }, \
  { 0xFF, 0xFF, 0xFF, 0xFF }, \
  { 0xFF, 0xFF, 0xFF, 0xFF }, \
  { 0xFF, 0xFF, 0xFF, 0xFF }, \
  { 0xFF, 0xFF, 0xFF, 0xFF }, \
  { 0xFF, 0xFF, 0xFF, 0xFF }, \
  { 0xFF, 0xFF, 0xFF, 0xFF }, \
  { 0xFF, 0xFF, 0xFF, 0xFF }, \
  { 0xFF, 0xFF, 0xFF, 0xFF }, \
  { 0xFF, 0xFF, 0xFF, 0xFF }, \
  { 0xFF, 0xFF, 0xFF, 0xFF }, \
  { 0xFF, 0xFF, 0xFF, 0xFF }, \
  { 0xFF, 0xFF, 0xFF, 0xFF }, \
  { 0xFF, 0xFF, 0xFF, 0xFF }, \
  { 0xFF, 0xFF, 0xFF, 0xFF }, \
  { 0xFF, 0xFF, 0xFF, 0xFF }, \
  { 0xFF, 0xFF, 0xFF, 0xFF }, \
  { 0xFF, 0xFF, 0xFF, 0xFF }, \
  { 0xFF, 0xFF, 0xFF, 0xFF }, \
  { 0xFF, 0xFF, 0xFF, 0xFF }, \
  { 0xFF, 0xFF, 0xFF, 0xFF }, \
  { 0xFF, 0xFF, 0xFF, 0xFF }, \
  { 0xFF, 0xFF, 0xFF, 0xFF }, \
  { 0xFF, 0xFF, 0xFF, 0xFF }, \
  { 0xFF, 0xFF, 0xFF, 0xFF }, \
  { 0xFF, 0xFF, 0xFF, 0xFF }, \
  { 0xFF, 0xFF, 0xFF, 0xFF }, \
  { 0xFF, 0xFF, 0xFF, 0xFF }, \
  { 0xFF, 0xFF, 0xFF, 0xFF }, \
  { 0xFF, 0xFF, 0xFF, 0xFF }, \
  { 0xFF, 0xFF, 0xFF, 0xFF }, \
  { 0xFF, 0xFF, 0xFF, 0xFF }, \
  { 0xFF, 0xFF, 0xFF, 0xFF }, \
  { 0xFF, 0xFF, 0xFF, 0xFF }, \
  { 0xFF, 0xFF, 0xFF, 0xFF }, \
  { 0xFF, 0xFF, 0xFF, 0xFF }, \
  { 0xFF, 0xFF, 0xFF, 0xFF }, \
  { 0xFF, 0xFF, 0xFF, 0xFF }, \
  { 0xFF, 0xFF, 0xFF, 0xFF }, \
  { 0xFF, 0xFF, 0xFF, 0xFF }, \
  { 0xFF, 0xFF, 0xFF, 0xFF }, \
  { 0xFF, 0xFF, 0xFF, 0xFF }, \
  { 0xFF, 0xFF, 0xFF, 0xFF }, \
  { 0xFF, 0xFF, 0xFF, 0xFF }, \
  { 0xFF, 0xFF, 0xFF, 0xFF }, \
  { 0xFF, 0xFF, 0xFF, 0xFF }, \
  { 0xFF, 0xFF, 0xFF, 0xFF }, \
  { 0xFF, 0xFF, 0xFF, 0xFF }, \
  { 0xFF, 0xFF, 0xFF, 0xFF }, \
  { 0xFF, 0xFF, 0xFF, 0xFF }, \
  { 0xFF, 0xFF, 0xFF, 0xFF }, \
  { 0xFF, 0xFF, 0xFF, 0xFF }, \
  { 0xFF, 0xFF, 0xFF, 0xFF }, \
  { 0xFF, 0xFF, 0xFF, 0xFF }, \
  { 0xFF, 0xFF, 0xFF, 0xFF }, \
  { 0xFF, 0xFF, 0xFF, 0xFF }, \
  { 0xFF, 0xFF, 0xFF, 0xFF }, \
  { 0xFF, 0xFF, 0xFF, 0xFF }, \
  { 0xFF, 0xFF, 0xFF, 0xFF }, \
  { 0xFF, 0xFF, 0xFF, 0xFF }, \
  { 0xFF, 0xFF, 0xFF, 0xFF }, \
  { 0xFF, 0xFF, 0xFF, 0xFF }, \
  { 0xFF, 0xFF, 0xFF, 0xFF }, \
  { 0xFF, 0xFF, 0xFF, 0xFF }, \
  { 0xFF, 0xFF, 0xFF, 0xFF }, \
  { 0xFF, 0xFF, 0xFF, 0xFF }, \
  { 0xFF, 0xFF, 0xFF, 0xFF }, \
  { 0xFF, 0xFF, 0xFF, 0xFF }, \
  { 0xFF, 0xFF, 0xFF, 0xFF }, \
  { 0xFF, 0xFF, 0xFF, 0xFF }, \
  { 0xFF, 0xFF, 0xFF, 0xFF }, \
  { 0xFF, 0xFF, 0xFF, 0xFF }, \
  { 0xFF, 0xFF, 0xFF, 0xFF }, \
  { 0xFF, 0xFF, 0xFF, 0xFF }, \
  { 0xFF, 0xFF, 0xFF, 0xFF }, \
  { 0xFF, 0xFF, 0xFF, 0xFF }, \
  { 0xFF, 0xFF, 0xFF, 0xFF }, \
  { 0xFF, 0xFF, 0xFF, 0xFF }, \
  { 0xFF, 0xFF, 0xFF, 0xFF }, \
  { 0xFF, 0xFF, 0xFF, 0xFF }, \
  { 0xFF, 0xFF, 0xFF, 0xFF }, \
  { 0xFF, 0xFF, 0xFF, 0xFF }, \
  { 0xFF, 0xFF, 0xFF, 0xFF }, \
  { 0xFF, 0xFF, 0xFF, 0xFF }, \
  { 0xFF, 0xFF, 0xFF, 0xFF }, \
  { 0xFF, 0xFF, 0xFF, 0xFF }, \
  { 0xFF, 0xFF, 0xFF, 0xFF }, \
  { 0xFF, 0xFF, 0xFF, 0xFF }, \
  { 0xFF, 0xFF, 0xFF, 0xFF }, \
  { 0xFF, 0xFF, 0xFF, 0xFF }, \
  { 0xFF, 0xFF, 0xFF, 0xFF }, \
  { 0xFF, 0xFF, 0xFF, 0xFF }, \
  { 0xFF, 0xFF, 0xFF, 0xFF }, \
  { 0xFF, 0xFF, 0xFF, 0xFF }, \
  { 0xFF, 0xFF, 0xFF, 0xFF }, \
  { 0xFF, 0xFF, 0xFF, 0xFF }, \
  { 0xFF, 0xFF, 0xFF, 0xFF }, \
  { 0xFF, 0xFF, 0xFF, 0xFF }, \
  { 0xFF, 0xFF, 0xFF, 0xFF }, \
  { 0xFF, 0xFF, 0xFF, 0xFF }, \
  { 0xFF, 0xFF, 0xFF, 0xFF }, \
  { 0xFF, 0xFF, 0xFF, 0xFF }, \
  { 0xFF, 0xFF, 0xFF, 0xFF }, \
  { 0xFF, 0xFF, 0xFF, 0xFF }, \
  { 0xFF, 0xFF, 0xFF, 0xFF }, \
  { 0xFF, 0xFF, 0xFF, 0xFF }, \
  { 0xFF, 0xFF, 0xFF, 0xFF }, \
  { 0xFF, 0xFF, 0xFF, 0xFF }, \
  { 0xFF, 0xFF, 0xFF, 0xFF }, \
  { 0xFF, 0xFF, 0xFF, 0xFF }, \
  { 0xFF, 0xFF, 0xFF, 0xFF }, \
  { 0xFF, 0xFF, 0xFF, 0xFF }, \
  { 0xFF, 0xFF, 0xFF, 0xFF }, \
  { 0xFF, 0xFF, 0xFF, 0xFF }, \
  { 0xFF, 0xFF, 0xFF, 0xFF }, \
  { 0xFF, 0xFF, 0xFF, 0xFF }, \
  { 0xFF, 0xFF, 0xFF, 0xFF }, \
  { 0xFF, 0xFF, 0xFF, 0xFF }, \
  { 0xFF, 0xFF, 0xFF, 0xFF }, \
  { 0xFF, 0xFF, 0xFF, 0xFF }, \
  { 0xFF, 0xFF, 0xFF, 0xFF }, \
  { 0xFF, 0xFF, 0xFF, 0xFF }, \
  { 0xFF, 0xFF, 0xFF, 0xFF }, \
  { 0xFF, 0xFF, 0xFF, 0xFF }, \
  { 0xFF, 0xFF, 0xFF, 0xFF }, \
  { 0xFF, 0xFF, 0xFF, 0xFF }, \
  { 0xFF, 0xFF, 0xFF, 0xFF }, \
  { 0xFF, 0xFF, 0xFF, 0xFF }, \
  { 0xFF, 0xFF, 0xFF, 0xFF }, \
  { 0xFF, 0xFF, 0xFF, 0xFF }, \
  { 0xFF, 0xFF, 0xFF, 0xFF }, \
  { 0xFF, 0xFF, 0xFF, 0xFF }, \
  { 0xFF, 0xFF, 0xFF, 0xFF }, \
  { 0xFF, 0xFF, 0xFF, 0xFF }, \
  { 0xFF, 0xFF, 0xFF, 0xFF }, \
  { 0xFF, 0xFF, 0xFF, 0xFF }, \
  { 0xFF, 0xFF, 0xFF, 0xFF }, \
  { 0xFF, 0xFF, 0xFF, 0xFF }, \
  { 0xFF, 0xFF, 0xFF, 0xFF }, \
  { 0xFF, 0xFF, 0xFF, 0xFF }, \
  { 0xFF, 0xFF, 0xFF, 0xFF }, \
  { 0xFF, 0xFF, 0xFF, 0xFF }, \
  { 0xFF, 0xFF, 0xFF, 0xFF }, \
  { 0xFF, 0xFF, 0xFF, 0xFF }, \
  { 0xFF, 0xFF, 0xFF, 0xFF }, \
  { 0xFF, 0xFF, 0xFF, 0xFF }, \
  { 0xFF, 0xFF, 0xFF, 0xFF }, \
  { 0xFF, 0xFF, 0xFF, 0xFF }, \
  { 0xFF, 0xFF, 0xFF, 0xFF }, \
  { 0xFF, 0xFF, 0xFF, 0xFF }, \
  { 0xFF, 0xFF, 0xFF, 0xFF }, \
  { 0xFF, 0xFF, 0xFF, 0xFF }, \
  { 0xFF, 0xFF, 0xFF, 0xFF }, \
  { 0xFF, 0xFF, 0xFF, 0xFF }, \
  { 0xFF, 0xFF, 0xFF, 0xFF }, \
  { 0xFF, 0xFF, 0xFF, 0xFF }, \
  { 0xFF, 0xFF, 0xFF, 0xFF }, \
  { 0xFF, 0xFF, 0xFF, 0xFF }, \
  { 0xFF, 0xFF, 0xFF, 0xFF }, \
  { 0xFF, 0xFF, 0xFF, 0xFF }, \
  { 0xFF, 0xFF, 0xFF, 0xFF }, \
  { 0xFF, 0xFF, 0xFF, 0xFF }, \
  { 0xFF, 0xFF, 0xFF, 0xFF }, \
  { 0xFF, 0xFF, 0xFF, 0xFF }, \
  { 0xFF, 0xFF, 0xFF, 0xFF }, \
  { 0xFF, 0xFF, 0xFF, 0xFF }, \
  { 0xFF, 0xFF, 0xFF, 0xFF }, \
  { 0xFF, 0xFF, 0xFF, 0xFF }, \
  { 0xFF, 0xFF, 0xFF, 0xFF }, \
  { 0xFF, 0xFF, 0xFF, 0xFF }, \
  { 0xFF, 0xFF, 0xFF, 0xFF }, \
  { 0xFF, 0xFF, 0xFF, 0xFF }, \
  { 0xFF, 0xFF, 0xFF, 0xFF }, \
  { 0xFF, 0xFF, 0xFF, 0xFF }, \
  { 0xFF, 0xFF, 0xFF, 0xFF }, \
  { 0xFF, 0xFF, 0xFF, 0xFF }, \
  { 0xFF, 0xFF, 0xFF, 0xFF }, \
  { 0xFF, 0xFF, 0xFF, 0xFF }, \
  { 0xFF, 0xFF, 0xFF, 0xFF }, \
  { 0xFF, 0xFF, 0xFF, 0xFF }, \
  { 0xFF, 0xFF, 0xFF, 0xFF }, \
  { 0xFF, 0xFF, 0xFF, 0xFF }, \
  { 0xFF, 0xFF, 0xFF, 0xFF }, \
  { 0xFF, 0xFF, 0xFF, 0xFF }, \
  { 0xFF, 0xFF, 0xFF, 0xFF }, \
  { 0xFF, 0xFF, 0xFF, 0xFF }, \
  { 0xFF, 0xFF, 0xFF, 0xFF }, \
  { 0xFF, 0xFF, 0xFF, 0xFF }, \
  { 0xFF, 0xFF, 0xFF, 0xFF }, \
  { 0xFF, 0xFF, 0xFF, 0xFF }, \
  { 0xFF, 0xFF, 0xFF, 0xFF }, \
  { 0xFF, 0xFF, 0xFF, 0xFF }, \
  { 0xFF, 0xFF, 0xFF, 0xFF }, \
  { 0xFF, 0xFF, 0xFF, 0xFF }, \
  { 0xFF, 0xFF, 0xFF, 0xFF }, \
  { 0xFF, 0xFF, 0xFF, 0xFF }, \
  { 0xFF, 0xFF, 0xFF, 0xFF }, \
  { 0xFF, 0xFF, 0xFF, 0xFF }, \
  { 0xFF, 0xFF, 0xFF, 0xFF }, \
  { 0xFF, 0xFF, 0xFF, 0xFF }, \
  { 0xFF, 0xFF, 0xFF, 0xFF }, \
  { 0xFF, 0xFF, 0xFF, 0xFF }, \
  { 0xFF, 0xFF, 0xFF, 0xFF }, \
  { 0xFF, 0xFF, 0xFF, 0xFF }, \
  { 0xFF, 0xFF, 0xFF, 0xFF }, \
  { 0xFF, 0xFF, 0xFF, 0xFF }, \
  { 0xFF, 0xFF, 0xFF, 0xFF }, \
  { 0xFF, 0xFF, 0xFF, 0xFF }, \
  { 0xFF, 0xFF, 0xFF, 0xFF }, \
  { 0xFF, 0xFF, 0xFF, 0xFF }, \
  { 0xFF, 0xFF, 0xFF, 0xFF }, \
  { 0xFF, 0xFF, 0xFF, 0xFF }, \
  { 0xFF, 0xFF, 0xFF, 0xFF }, \
  { 0xFF, 0xFF, 0xFF, 0xFF }, \
  { 0xFF, 0xFF, 0xFF, 0xFF }, \
  { 0xFF, 0xFF, 0xFF, 0xFF }, \
  { 0xFF, 0xFF, 0xFF, 0xFF }, \
  { 0xFF, 0xFF, 0xFF, 0xFF }, \
  { 0xFF, 0xFF, 0xFF, 0xFF }, \
  { 0xFF, 0xFF, 0xFF, 0xFF }, \
  { 0xFF, 0xFF, 0xFF, 0xFF }, \
  { 0xFF, 0xFF, 0xFF, 0xFF }, \
  { 0xFF, 0xFF, 0xFF, 0xFF }, \
  { 0xFF, 0xFF, 0xFF, 0xFF }, \
  { 0xFF, 0xFF, 0xFF, 0xFF }, \
  { 0xFF, 0xFF, 0xFF, 0xFF }, \
  { 0xFF, 0xFF, 0xFF, 0xFF }, \
  { 0xFF, 0xFF, 0xFF, 0xFF }, \
  { 0xFF, 0xFF, 0xFF, 0xFF }, \
  { 0xFF, 0xFF, 0xFF, 0xFF }, \
  { 0xFF, 0xFF, 0xFF, 0xFF }, \
  { 0xFF, 0xFF, 0xFF, 0xFF }, \
  { 0xFF, 0xFF, 0xFF, 0xFF }, \
  { 0xFF, 0xFF, 0xFF, 0xFF }, \
  { 0xFF, 0xFF, 0xFF, 0xFF }, \
  { 0xFF, 0xFF, 0xFF, 0xFF }, \
  { 0xFF, 0xFF, 0xFF, 0xFF }, \
  { 0xFF, 0xFF, 0xFF, 0xFF }, \
  { 0xFF, 0xFF, 0xFF, 0xFF }, \
  { 0xFF, 0xFF, 0xFF, 0xFF }, \
  { 0xFF, 0xFF, 0xFF, 0xFF }, \
  { 0xFF, 0xFF, 0xFF, 0xFF }, \
  { 0xFF, 0xFF, 0xFF, 0xFF }, \
  { 0xFF, 0xFF, 0xFF, 0xFF }, \
  { 0xFF, 0xFF, 0xFF, 0xFF }, \
  { 0xFF, 0xFF, 0xFF, 0xFF }, \
  { 0xFF, 0xFF, 0xFF, 0xFF }, \
  { 0xFF, 0xFF, 0xFF, 0xFF }, \
  { 0xFF, 0xFF, 0xFF, 0xFF }, \
  { 0xFF, 0xFF, 0xFF, 0xFF }, \
  { 0xFF, 0xFF, 0xFF, 0xFF }, \
  { 0xFF, 0xFF, 0xFF, 0xFF }, \
  { 0xFF, 0xFF, 0xFF, 0xFF }, \
  { 0xFF, 0xFF, 0xFF, 0xFF }, \
  { 0xFF, 0xFF, 0xFF, 0xFF }, \
  { 0xFF, 0xFF, 0xFF, 0xFF }, \
  { 0xFF, 0xFF, 0xFF, 0xFF }, \
  { 0xFF, 0xFF, 0xFF, 0xFF }, \
  { 0xFF, 0xFF, 0xFF, 0xFF }, \
  { 0xFF, 0xFF, 0xFF, 0xFF }, \
  { 0xFF, 0xFF, 0xFF, 0xFF }, \
  { 0xFF, 0xFF, 0xFF, 0xFF }, \
  { 0xFF, 0xFF, 0xFF, 0xFF }, \
  { 0xFF, 0xFF, 0xFF, 0xFF }, \
  { 0xFF, 0xFF, 0xFF, 0xFF }, \
  { 0xFF, 0xFF, 0xFF, 0xFF }, \
  { 0xFF, 0xFF, 0xFF, 0xFF }, \
  { 0xFF, 0xFF, 0xFF, 0xFF }, \
  { 0xFF, 0xFF, 0xFF, 0xFF }, \
  { 0xFF, 0xFF, 0xFF, 0xFF }, \
  { 0xFF, 0xFF, 0xFF, 0xFF }, \
  { 0xFF, 0xFF, 0xFF, 0xFF }, \
  { 0xFF, 0xFF, 0xFF, 0xFF }, \
  { 0xFF, 0xFF, 0xFF, 0xFF }, \
  { 0xFF, 0xFF, 0xFF, 0xFF }, \
  { 0xFF, 0xFF, 0xFF, 0xFF }, \
  { 0xFF, 0xFF, 0xFF, 0xFF }, \
  { 0xFF, 0xFF, 0xFF, 0xFF }, \
  { 0xFF, 0xFF, 0xFF, 0xFF }, \
  { 0xFF, 0xFF, 0xFF, 0xFF }, \
  { 0xFF, 0xFF, 0xFF, 0xFF }, \
  { 0xFF, 0xFF, 0xFF, 0xFF }, \
  { 0xFF, 0xFF, 0xFF, 0xFF }, \
  { 0xFF, 0xFF, 0xFF, 0xFF }, \
  { 0xFF, 0xFF, 0xFF, 0xFF }, \
  { 0xFF, 0xFF, 0xFF, 0xFF }, \
  { 0xFF, 0xFF, 0xFF, 0xFF }, \
  { 0xFF, 0xFF, 0xFF, 0xFF }, \
  { 0xFF, 0xFF, 0xFF, 0xFF }, \
  { 0xFF, 0xFF, 0xFF, 0xFF }, \
  { 0xFF, 0xFF, 0xFF, 0xFF }, \
  { 0xFF, 0xFF, 0xFF, 0xFF }, \
  { 0xFF, 0xFF, 0xFF, 0xFF }, \
  { 0xFF, 0xFF, 0xFF, 0xFF }, \
  { 0xFF, 0xFF, 0xFF, 0xFF }, \
  { 0xFF, 0xFF, 0xFF, 0xFF }, \
  { 0xFF, 0xFF, 0xFF, 0xFF }, \
  { 0xFF, 0xFF, 0xFF, 0xFF }, \
  { 0xFF, 0xFF, 0xFF, 0xFF }, \
  { 0xFF, 0xFF, 0xFF, 0xFF }, \
  { 0xFF, 0xFF, 0xFF, 0xFF }, \
  { 0xFF, 0xFF, 0xFF, 0xFF }, \
  { 0xFF, 0xFF, 0xFF, 0xFF }, \
  { 0xFF, 0xFF, 0xFF, 0xFF }, \
  { 0xFF, 0xFF, 0xFF, 0xFF }, \
  { 0xFF, 0xFF, 0xFF, 0xFF }, \
  { 0xFF, 0xFF, 0xFF, 0xFF }, \
  { 0xFF, 0xFF, 0xFF, 0xFF }, \
  { 0xFF, 0xFF, 0xFF, 0xFF }, \
  { 0xFF, 0xFF, 0xFF, 0xFF }, \
  { 0xFF, 0xFF, 0xFF, 0xFF }, \
  { 0xFF, 0xFF, 0xFF, 0xFF }, \
  { 0xFF, 0xFF, 0xFF, 0xFF }, \
  { 0xFF, 0xFF, 0xFF, 0xFF }, \
  { 0xFF, 0xFF, 0xFF, 0xFF }, \
  { 0xFF, 0xFF, 0xFF, 0xFF }, \
  { 0x70, 0x40, 0x02, 0x00 }, \
  { 0xD0, 0x40, 0x04, 0x00 }, \
  { 0xA0, 0x40, 0x08, 0x00 }, \
  { 0xF4, 0x40, 0x10, 0x00 }, \
  { 0xFC, 0x43, 0x40, 0x00 }, \
  { 0x00, 0x44, 0x80, 0x00 }, \
  { 0xF4, 0x41, 0xFF, 0xFF }, \
  { 0xFF, 0xFF, 0xFF, 0xFF }, \
  { 0xFF, 0xFF, 0xFF, 0xFF }, \
  { 0xFF, 0xFF, 0xFF, 0xFF }, \
  { 0xFF, 0xFF, 0xFF, 0xFF }, \
  { 0xFF, 0xFF, 0xFF, 0xFF }, \
  { 0xFF, 0xFF, 0xFF, 0xFF }, \
  { 0xFF, 0xFF, 0xFF, 0xFF }, \
  { 0xFF, 0xFF, 0xFF, 0xFF }, \
  { 0xFF, 0xFF, 0xFF, 0xFF }, \
  { 0x04, 0x44, 0x84, 0x00 }, \
  { 0x34, 0x48, 0x63, 0x02 }, \
  { 0x48, 0x44, 0x72, 0x02 }, \
  { 0x9C, 0x44, 0xC1, 0x02 }, \
  { 0xCC, 0x48, 0xE0, 0x31 }, \
  { 0xE8, 0x48, 0xE4, 0x31 }, \
  { 0xF4, 0x41, 0xFF, 0xFF }, \
  { 0xFF, 0xFF, 0xFF, 0xFF }, \
  { 0xFF, 0xFF, 0xFF, 0xFF }, \
  { 0xFF, 0xFF, 0xFF, 0xFF }, \
  { 0xFF, 0xFF, 0xFF, 0xFF }, \
  { 0xFF, 0xFF, 0xFF, 0xFF }, \
  { 0xFF, 0xFF, 0xFF, 0xFF }, \
  { 0xFF, 0xFF, 0xFF, 0xFF }, \
  { 0xFF, 0xFF, 0xFF, 0xFF }, \
  { 0xFF, 0xFF, 0xFF, 0xFF }, \
  { 0xFF, 0xFF, 0xFF, 0xFF }, \
  { 0xFF, 0xFF, 0xFF, 0xFF }, \
  { 0xFF, 0xFF, 0xFF, 0xFF }, \
  { 0xFF, 0xFF, 0xFF, 0xFF }, \
  { 0xFF, 0xFF, 0xFF, 0xFF }, \
  { 0xFF, 0xFF, 0xFF, 0xFF }, \
  { 0xFF, 0xFF, 0xFF, 0xFF }, \
  { 0xFF, 0xFF, 0xFF, 0xFF }, \
  { 0xFF, 0xFF, 0xFF, 0xFF }, \
  { 0xFF, 0xFF, 0xFF, 0xFF }, \
  { 0xFF, 0xFF, 0xFF, 0xFF }, \
  { 0xFF, 0xFF, 0xFF, 0xFF }, \
  { 0xFF, 0xFF, 0xFF, 0xFF }, \
  { 0xFF, 0xFF, 0xFF, 0xFF }, \
  { 0xFF, 0xFF, 0xFF, 0xFF }, \
  { 0xFF, 0xFF, 0xFF, 0xFF }, \
  { 0xD0, 0x68, 0x10, 0x1D }, \
  { 0xF4, 0x41, 0xFF, 0xFF }, \
  { 0xFF, 0xFF, 0xFF, 0xFF }, \
  { 0xFF, 0xFF, 0xFF, 0xFF }, \
  { 0xFF, 0xFF, 0xFF, 0xFF }, \
  { 0xFF, 0xFF, 0xFF, 0xFF }, \
  { 0xFF, 0xFF, 0xFF, 0xFF }, \
  { 0xFF, 0xFF, 0xFF, 0xFF }, \
  { 0xFF, 0xFF, 0xFF, 0xFF }, \
  { 0xFF, 0xFF, 0xFF, 0xFF }, \
  { 0xFF, 0xFF, 0xFF, 0xFF }, \
  { 0xFF, 0xFF, 0xFF, 0xFF }, \
  { 0x84, 0x41, 0x00, 0x0A }, \
  { 0x84, 0x41, 0x00, 0x0B }, \
  { 0x38, 0x41, 0xFF, 0xFF }, \
  { 0xFF, 0xFF, 0xFF, 0xFF }, \
  { 0xFF, 0xFF, 0xFF, 0xFF }, \
  { 0xFF, 0xFF, 0xFF, 0xFF }, \
  { 0xFF, 0xFF, 0xFF, 0xFF }, \
  { 0xFF, 0xFF, 0xFF, 0xFF }, \
  { 0xFF, 0xFF, 0xFF, 0xFF }, \
  { 0xFF, 0xFF, 0xFF, 0xFF }, \
  { 0xFF, 0xFF, 0xFF, 0xFF }, \
  { 0xFF, 0xFF, 0xFF, 0xFF }, \
  { 0xFF, 0xFF, 0xFF, 0xFF }, \
  { 0xFF, 0xFF, 0xFF, 0xFF }, \
  { 0xFF, 0xFF, 0xFF, 0xFF }, \
  { 0xFF, 0xFF, 0xFF, 0xFF }, \
  { 0xFF, 0xFF, 0xFF, 0xFF }, \
  { 0xFF, 0xFF, 0xFF, 0xFF }, \
  { 0xFF, 0xFF, 0xFF, 0xFF }, \
  { 0xFF, 0xFF, 0xFF, 0xFF }, \
  { 0x18, 0x45, 0x01, 0x00 }, \
  { 0xDC, 0x45, 0x02, 0x00 }, \
  { 0xA4, 0x46, 0x03, 0x00 }, \
  { 0x00, 0x47, 0x04, 0x00 }, \
  { 0x64, 0x44, 0x05, 0x00 }, \
  { 0xCC, 0x44, 0x06, 0x00 }, \
  { 0x54, 0x47, 0x07, 0x00 }, \
  { 0x6C, 0x47, 0x08, 0x00 }, \
  { 0x84, 0x47, 0x09, 0x00 }, \
  { 0xDC, 0x47, 0x0A, 0x00 }, \
  { 0xD8, 0x44, 0xA5, 0x00 }, \
  { 0xF4, 0x41, 0xFF, 0xFF }, \
  { 0xFF, 0xFF, 0xFF, 0xFF }, \
  { 0xFF, 0xFF, 0xFF, 0xFF }, \
  { 0xFF, 0xFF, 0xFF, 0xFF }, \
  { 0xFF, 0xFF, 0xFF, 0xFF }, \
  { 0xFF, 0xFF, 0xFF, 0xFF }, \
  { 0xFF, 0xFF, 0xFF, 0xFF }, \
  { 0xFF, 0xFF, 0xFF, 0xFF }, \
  { 0xFF, 0xFF, 0xFF, 0xFF }, \
  { 0xFF, 0xFF, 0xFF, 0xFF }, \
  { 0xFF, 0xFF, 0xFF, 0xFF }, \
  { 0xFF, 0xFF, 0xFF, 0xFF }, \
  { 0xFF, 0xFF, 0xFF, 0xFF }, \
  { 0xFF, 0xFF, 0xFF, 0xFF }, \
  { 0xFF, 0xFF, 0xFF, 0xFF }, \
  { 0xFF, 0xFF, 0xFF, 0xFF }, \
  { 0xFF, 0xFF, 0xFF, 0xFF }, \
  { 0xFF, 0xFF, 0xFF, 0xFF }, \
  { 0xFF, 0xFF, 0xFF, 0xFF }, \
  { 0xFF, 0xFF, 0xFF, 0xFF }, \
  { 0xFF, 0xFF, 0xFF, 0xFF }, \
  { 0xFC, 0x41, 0x00, 0x00 }, \
  { 0xAC, 0x42, 0x01, 0x00 }, \
  { 0x3C, 0x43, 0x04, 0x00 }, \
  { 0x3C, 0x43, 0x07, 0x00 }, \
  { 0xF4, 0x41, 0xFF, 0xFF }, \
  { 0xFF, 0xFF, 0xFF, 0xFF }, \
  { 0xFF, 0xFF, 0xFF, 0xFF }, \
  { 0xFF, 0xFF, 0xFF, 0xFF }, \
  { 0xFF, 0xFF, 0xFF, 0xFF }, \
  { 0xFF, 0xFF, 0xFF, 0xFF }, \
  { 0xFF, 0xFF, 0xFF, 0xFF }, \
  { 0xFF, 0xFF, 0xFF, 0xFF }, \
  { 0xFF, 0xFF, 0xFF, 0xFF }, \
  { 0xFF, 0xFF, 0xFF, 0xFF }, \
  { 0xFF, 0xFF, 0xFF, 0xFF }, \
  { 0xFF, 0xFF, 0xFF, 0xFF }, \
  { 0xFF, 0xFF, 0xFF, 0xFF }, \
  { 0xFF, 0xFF, 0xFF, 0xFF }, \
  { 0xFF, 0xFF, 0xFF, 0xFF }, \
  { 0xFF, 0xFF, 0xFF, 0xFF }, \
  { 0xFF, 0xFF, 0xFF, 0xFF }, \
  { 0xFF, 0xFF, 0xFF, 0xFF }, \
  { 0xFF, 0xFF, 0xFF, 0xFF }, \
  { 0xFF, 0xFF, 0xFF, 0xFF }, \
  { 0xFF, 0xFF, 0xFF, 0xFF }, \
  { 0xFF, 0xFF, 0xFF, 0xFF }, \
  { 0xFF, 0xFF, 0xFF, 0xFF }, \
  { 0xFF, 0xFF, 0xFF, 0xFF }, \
  { 0xFF, 0xFF, 0xFF, 0xFF }, \
  { 0xFF, 0xFF, 0xFF, 0xFF }, \
  { 0xFF, 0xFF, 0xFF, 0xFF }, \
  { 0xFF, 0xFF, 0xFF, 0xFF }, \
  { 0xFF, 0xFF, 0xFF, 0xFC }, \
  { 0xFF, 0xFF, 0xFF, 0xFF }, \
} \
/* Tokei_PBS1_RAM_b0x20_v0x14_p0x00 */
#define PM_PBS_RAM_B_DATA  { \
 /* data, offset, baseaddr, sid */ \
  { 0x00, 0x00, 0x01, 0xF8 }, \
  { 0x21, 0x2C, 0x00, 0x00 }, \
  { 0x38, 0x40, 0xFF, 0x83 }, \
  { 0x4C, 0x40, 0xFF, 0x83 }, \
  { 0x0C, 0x42, 0xFF, 0x83 }, \
  { 0x00, 0x00, 0x00, 0x00 }, \
  { 0x00, 0x00, 0x00, 0x00 }, \
  { 0x00, 0x00, 0x00, 0x00 }, \
  { 0x00, 0x00, 0x00, 0x00 }, \
  { 0x18, 0x00, 0x00, 0x00 }, \
  { 0x07, 0x00, 0x00, 0x00 }, \
  { 0x00, 0x00, 0x00, 0x00 }, \
  { 0x75, 0x00, 0x00, 0x00 }, \
  { 0xA0, 0xFF, 0x00, 0x00 }, \
  { 0xFF, 0xFF, 0xFF, 0xFB }, \
  { 0xFF, 0xFF, 0xFF, 0xFB }, \
  { 0x00, 0x31, 0x16, 0x50 }, \
  { 0xFF, 0x48, 0x17, 0x50 }, \
  { 0x88, 0x42, 0xFF, 0x83 }, \
  { 0xFF, 0xFF, 0xFF, 0xFB }, \
  { 0xFF, 0xFF, 0xFF, 0xFB }, \
  { 0xFF, 0xFF, 0xFF, 0xFB }, \
  { 0x00, 0x00, 0x72, 0x29 }, \
  { 0x24, 0x40, 0x74, 0x29 }, \
  { 0xF4, 0xFF, 0x7E, 0xA3 }, \
  { 0x00, 0x54, 0x51, 0x4F }, \
  { 0x01, 0x01, 0x01, 0x90 }, \
  { 0x94, 0x40, 0xFF, 0x83 }, \
  { 0x00, 0xBC, 0x70, 0x29 }, \
  { 0xF2, 0x0A, 0xFF, 0x44 }, \
  { 0x3C, 0x00, 0xFF, 0x9B }, \
  { 0xF6, 0x48, 0xFF, 0x0C }, \
  { 0xFF, 0xF6, 0x79, 0x2A }, \
  { 0xF4, 0xFF, 0xFF, 0x9F }, \
  { 0xFF, 0xFF, 0xFF, 0xFB }, \
  { 0xFF, 0xFF, 0xFF, 0xFB }, \
  { 0xFF, 0xFF, 0xFF, 0xFB }, \
  { 0x78, 0xBE, 0x70, 0x29 }, \
  { 0xF2, 0x0A, 0xFF, 0x44 }, \
  { 0x3C, 0x00, 0xFF, 0x9B }, \
  { 0xF6, 0x48, 0xFF, 0x0C }, \
  { 0xFF, 0xF6, 0x79, 0x2A }, \
  { 0xF4, 0xFF, 0xFF, 0x9F }, \
  { 0xFF, 0xFF, 0xFF, 0xFB }, \
  { 0xFF, 0xFF, 0xFF, 0xFB }, \
  { 0xFF, 0xFF, 0xFF, 0xFB }, \
  { 0xFF, 0xFF, 0xFF, 0xFB }, \
  { 0xFF, 0xFF, 0xFF, 0xFB }, \
  { 0xFF, 0xFF, 0xFF, 0xFB }, \
  { 0x18, 0x40, 0x7C, 0x29 }, \
  { 0x28, 0x40, 0x76, 0x29 }, \
  { 0x78, 0x9D, 0xFF, 0x9B }, \
  { 0x0E, 0x34, 0xFF, 0x94 }, \
  { 0x2C, 0x42, 0xFF, 0x9B }, \
  { 0x64, 0x41, 0xFF, 0x83 }, \
  { 0xFF, 0xFF, 0xFF, 0xFB }, \
  { 0xFF, 0xFF, 0xFF, 0xFB }, \
  { 0xFF, 0xFF, 0xFF, 0xFB }, \
  { 0xFF, 0xFF, 0xFF, 0xFC }, \
  { 0xFF, 0xFF, 0xFF, 0xFB }, \
  { 0xFF, 0xFF, 0xFF, 0xFB }, \
  { 0xFF, 0xFF, 0xFF, 0xFB }, \
  { 0x14, 0x40, 0x7C, 0x29 }, \
  { 0x28, 0x40, 0x76, 0x29 }, \
  { 0x98, 0x9D, 0xFF, 0x9B }, \
  { 0x0E, 0x34, 0xFF, 0x93 }, \
  { 0x64, 0x41, 0xFF, 0x83 }, \
  { 0xFF, 0xFF, 0xFF, 0xFB }, \
  { 0xFF, 0xFF, 0xFF, 0xFB }, \
  { 0xFF, 0xFF, 0xFF, 0xFB }, \
  { 0xFF, 0xFF, 0xFF, 0xFC }, \
  { 0xFF, 0xFF, 0xFF, 0xFB }, \
  { 0xFF, 0xFF, 0xFF, 0xFB }, \
  { 0xFF, 0xFF, 0xFF, 0xFB }, \
  { 0x20, 0x40, 0x7C, 0x29 }, \
  { 0x48, 0x00, 0xFF, 0x9B }, \
  { 0x64, 0x41, 0xFF, 0x83 }, \
  { 0xFF, 0xFF, 0xFF, 0xFB }, \
  { 0xFF, 0xFF, 0xFF, 0xFB }, \
  { 0xFF, 0xFF, 0xFF, 0xFB }, \
  { 0xFF, 0xFF, 0xFF, 0xFB }, \
  { 0xFF, 0xFF, 0xFF, 0xFB }, \
  { 0xFF, 0xFF, 0xFF, 0xFB }, \
  { 0x1C, 0x40, 0x7C, 0x29 }, \
  { 0x50, 0x00, 0xFF, 0x9B }, \
  { 0x64, 0x41, 0xFF, 0x83 }, \
  { 0xFF, 0xFF, 0xFF, 0xFB }, \
  { 0xFF, 0xFF, 0xFF, 0xFB }, \
  { 0xFF, 0xFF, 0xFF, 0xFB }, \
  { 0xFF, 0xFF, 0xFF, 0xFB }, \
  { 0xFF, 0xFF, 0xFF, 0xFB }, \
  { 0xFF, 0xFF, 0xFF, 0xFB }, \
  { 0x54, 0x00, 0xFF, 0x9B }, \
  { 0x24, 0x40, 0x74, 0x29 }, \
  { 0x08, 0x31, 0xFF, 0x94 }, \
  { 0x09, 0x31, 0xFF, 0x93 }, \
  { 0x02, 0x31, 0xFF, 0x92 }, \
  { 0x03, 0x31, 0xFF, 0x94 }, \
  { 0xB8, 0x9D, 0xFF, 0x9B }, \
  { 0xB8, 0x41, 0xFF, 0x83 }, \
  { 0x05, 0x00, 0x7E, 0x28 }, \
  { 0x5C, 0x9E, 0xFF, 0x9B }, \
  { 0xB8, 0x41, 0xFF, 0x83 }, \
  { 0x01, 0x00, 0xFF, 0xD9 }, \
  { 0x30, 0x05, 0x01, 0x4F }, \
  { 0x3C, 0x01, 0xFF, 0x91 }, \
  { 0x01, 0x00, 0xFF, 0xDB }, \
  { 0x90, 0x41, 0xFF, 0x83 }, \
  { 0x01, 0x00, 0xFF, 0xDB }, \
  { 0xB8, 0x9D, 0xFF, 0x9B }, \
  { 0x60, 0x00, 0x05, 0x60 }, \
  { 0x40, 0xBC, 0x70, 0x29 }, \
  { 0x06, 0x09, 0x08, 0x4F }, \
  { 0x03, 0x61, 0xFF, 0x90 }, \
  { 0x30, 0xBE, 0x70, 0x29 }, \
  { 0x38, 0x00, 0xFF, 0x9B }, \
  { 0x64, 0x00, 0xFF, 0x9B }, \
  { 0x08, 0x9D, 0x70, 0x4F }, \
  { 0x00, 0x81, 0x01, 0x91 }, \
  { 0x30, 0x40, 0x78, 0x29 }, \
  { 0x00, 0x55, 0xFF, 0x9B }, \
  { 0xF4, 0xFF, 0xFF, 0x9F }, \
  { 0xFF, 0xFF, 0xFF, 0xFB }, \
  { 0xFF, 0xFF, 0xFF, 0xFB }, \
  { 0xFF, 0xFF, 0xFF, 0xFB }, \
  { 0x00, 0x91, 0x08, 0x50 }, \
  { 0xFF, 0xFF, 0xFF, 0xFC }, \
  { 0xFF, 0xFF, 0xFF, 0xFB }, \
  { 0xFF, 0xFF, 0xFF, 0xFC }, \
  { 0xFF, 0xFF, 0xFF, 0xFB }, \
  { 0xFF, 0xFF, 0xFF, 0xFC }, \
  { 0xFF, 0xFF, 0xFF, 0xFB }, \
  { 0xFF, 0xFF, 0xFF, 0xFB }, \
  { 0xFF, 0xFF, 0xFF, 0xFB }, \
  { 0x24, 0x40, 0x74, 0x29 }, \
  { 0xA0, 0xBD, 0x70, 0x29 }, \
  { 0x83, 0x00, 0x7A, 0x29 }, \
  { 0xFF, 0xFF, 0xFF, 0xFB }, \
  { 0xC8, 0x55, 0xFF, 0x83 }, \
  { 0x00, 0xC0, 0xFF, 0xD9 }, \
  { 0xFF, 0xF2, 0x7E, 0x2B }, \
  { 0xF0, 0x18, 0xFF, 0x44 }, \
  { 0x00, 0xC0, 0xFF, 0xDB }, \
  { 0x00, 0x01, 0xFF, 0x91 }, \
  { 0x00, 0xBB, 0x70, 0x50 }, \
  { 0xFF, 0xFF, 0xFF, 0x8F }, \
  { 0x00, 0xBB, 0x70, 0x4F }, \
  { 0x00, 0x01, 0xFF, 0x92 }, \
  { 0x00, 0x46, 0x04, 0x50 }, \
  { 0x64, 0x42, 0xFF, 0x9B }, \
  { 0xFF, 0xFF, 0xFF, 0x8F }, \
  { 0x01, 0xBB, 0x70, 0x50 }, \
  { 0xFF, 0xFF, 0xFF, 0x8F }, \
  { 0x00, 0x46, 0x07, 0x50 }, \
  { 0x05, 0x00, 0xFF, 0xC1 }, \
  { 0x80, 0x46, 0x07, 0x50 }, \
  { 0x01, 0x76, 0x05, 0x5E }, \
  { 0x01, 0x8E, 0x05, 0x5E }, \
  { 0x01, 0x40, 0x05, 0x5E }, \
  { 0x00, 0xBB, 0x70, 0x50 }, \
  { 0x01, 0xBC, 0x70, 0x50 }, \
  { 0xFF, 0xFF, 0xFF, 0x8F }, \
  { 0x8C, 0x42, 0xFF, 0x83 }, \
  { 0xFF, 0xFF, 0xFF, 0xFB }, \
  { 0xFF, 0xFF, 0xFF, 0xFB }, \
  { 0xFF, 0xFF, 0xFF, 0xFB }, \
  { 0xFF, 0xFF, 0xFF, 0xFB }, \
  { 0x00, 0x31, 0x16, 0x50 }, \
  { 0x00, 0x71, 0x70, 0x4F }, \
  { 0x01, 0x00, 0xFF, 0x93 }, \
  { 0x00, 0x71, 0x70, 0x50 }, \
  { 0x05, 0x00, 0xFF, 0xC1 }, \
  { 0x00, 0x91, 0x08, 0x50 }, \
  { 0x01, 0x00, 0xFF, 0xC1 }, \
  { 0x3C, 0x56, 0xFF, 0x9B }, \
  { 0xB8, 0xB9, 0xFF, 0x9B }, \
  { 0x00, 0x00, 0x7A, 0x28 }, \
  { 0x28, 0x4E, 0xFF, 0x9B }, \
  { 0xB8, 0x64, 0xFF, 0x9B }, \
  { 0x0F, 0x70, 0x08, 0x50 }, \
  { 0xD8, 0x56, 0xFF, 0x9B }, \
  { 0x40, 0x85, 0x72, 0x50 }, \
  { 0x00, 0x82, 0x72, 0x50 }, \
  { 0xF4, 0x57, 0xFF, 0x9B }, \
  { 0xA4, 0x46, 0xFF, 0x9B }, \
  { 0x7C, 0x58, 0xFF, 0x9B }, \
  { 0xA8, 0x58, 0xFF, 0x9B }, \
  { 0xCC, 0x58, 0xFF, 0x9B }, \
  { 0xD4, 0x58, 0xFF, 0x9B }, \
  { 0x38, 0x59, 0xFF, 0x9B }, \
  { 0x01, 0x9B, 0x70, 0x50 }, \
  { 0x5C, 0x59, 0xFF, 0x9B }, \
  { 0x44, 0x65, 0xFF, 0x9B }, \
  { 0x28, 0x5A, 0xFF, 0x9B }, \
  { 0xB4, 0x5A, 0xFF, 0x9B }, \
  { 0x54, 0x5B, 0xFF, 0x9B }, \
  { 0x00, 0x46, 0x12, 0x50 }, \
  { 0x80, 0x31, 0x16, 0x50 }, \
  { 0xFF, 0xFF, 0xFF, 0xFC }, \
  { 0xFF, 0xFF, 0xFF, 0xFB }, \
  { 0xFF, 0xFF, 0xFF, 0xFB }, \
  { 0xFF, 0xFF, 0xFF, 0xFB }, \
  { 0x03, 0x33, 0x16, 0x50 }, \
  { 0x80, 0x32, 0x16, 0x50 }, \
  { 0x05, 0x09, 0x08, 0x5E }, \
  { 0xCC, 0x5B, 0xFF, 0x9B }, \
  { 0x34, 0x40, 0x76, 0xA1 }, \
  { 0xE0, 0x5B, 0xFF, 0x9B }, \
  { 0x18, 0x5C, 0xFF, 0x9B }, \
  { 0x58, 0x65, 0xFF, 0x9B }, \
  { 0x48, 0x5C, 0xFF, 0x9B }, \
  { 0x01, 0x48, 0x70, 0x4F }, \
  { 0x00, 0x47, 0x70, 0x4F }, \
  { 0x01, 0x10, 0x01, 0x92 }, \
  { 0xB8, 0xAE, 0xFF, 0x9B }, \
  { 0x70, 0x50, 0x74, 0x29 }, \
  { 0x94, 0x43, 0xFF, 0x83 }, \
  { 0x04, 0x00, 0x04, 0x91 }, \
  { 0x94, 0x50, 0x74, 0x29 }, \
  { 0x94, 0x43, 0xFF, 0x83 }, \
  { 0x08, 0x00, 0x08, 0x91 }, \
  { 0x4C, 0x50, 0x74, 0x29 }, \
  { 0x94, 0x43, 0xFF, 0x83 }, \
  { 0x00, 0x97, 0x70, 0x50 }, \
  { 0x01, 0x42, 0x8F, 0x51 }, \
  { 0x00, 0xDA, 0x8F, 0x51 }, \
  { 0x01, 0x41, 0x8F, 0x51 }, \
  { 0x0A, 0x00, 0xFF, 0xC1 }, \
  { 0xB8, 0x50, 0x74, 0x29 }, \
  { 0x64, 0x5D, 0xFF, 0x9B }, \
  { 0x90, 0x5E, 0xFF, 0x9B }, \
  { 0xC8, 0x5E, 0xFF, 0x9B }, \
  { 0x00, 0x5F, 0xFF, 0x9B }, \
  { 0xD4, 0x65, 0xFF, 0x9B }, \
  { 0x30, 0x66, 0xFF, 0x9B }, \
  { 0x80, 0x31, 0x16, 0x50 }, \
  { 0x80, 0x32, 0x16, 0x50 }, \
  { 0x0A, 0x00, 0xFF, 0xC1 }, \
  { 0x00, 0x33, 0x16, 0x50 }, \
  { 0x00, 0x9C, 0x70, 0x50 }, \
  { 0xFF, 0xFF, 0xFF, 0xFC }, \
  { 0xFF, 0xFF, 0xFF, 0xFB }, \
  { 0xFF, 0xFF, 0xFF, 0xFB }, \
  { 0xFF, 0xFF, 0xFF, 0xFB }, \
  { 0x03, 0x33, 0x16, 0x50 }, \
  { 0x80, 0x32, 0x16, 0x50 }, \
  { 0x98, 0x5F, 0xFF, 0x9B }, \
  { 0x18, 0x5C, 0xFF, 0x9B }, \
  { 0xD4, 0xAE, 0xFF, 0x9B }, \
  { 0x58, 0x67, 0xFF, 0x9B }, \
  { 0x2C, 0xB0, 0xFF, 0x9B }, \
  { 0xC0, 0x5F, 0xFF, 0x9B }, \
  { 0xE0, 0x5F, 0xFF, 0x9B }, \
  { 0x00, 0x60, 0xFF, 0x9B }, \
  { 0x80, 0x83, 0x72, 0x50 }, \
  { 0x00, 0x44, 0xFF, 0x83 }, \
  { 0xFF, 0xFF, 0xFF, 0xFB }, \
  { 0xFF, 0xFF, 0xFF, 0xFB }, \
  { 0xFF, 0xFF, 0xFF, 0xFB }, \
  { 0x03, 0x33, 0x16, 0x50 }, \
  { 0x80, 0x32, 0x16, 0x50 }, \
  { 0x68, 0x60, 0xFF, 0x9B }, \
  { 0xB0, 0x60, 0xFF, 0x9B }, \
  { 0x80, 0x31, 0x16, 0x50 }, \
  { 0x80, 0x32, 0x16, 0x50 }, \
  { 0x00, 0x00, 0xFF, 0xC1 }, \
  { 0x00, 0x33, 0x16, 0x50 }, \
  { 0x0A, 0x15, 0x08, 0x4F }, \
  { 0x10, 0x00, 0xFA, 0x30 }, \
  { 0x0A, 0x16, 0x08, 0x73 }, \
  { 0x0A, 0x15, 0x08, 0x73 }, \
  { 0x80, 0x79, 0x05, 0x5E }, \
  { 0x80, 0x91, 0x05, 0x5E }, \
  { 0xFF, 0xFF, 0xFF, 0xFC }, \
  { 0xFF, 0xFF, 0xFF, 0xFB }, \
  { 0xFF, 0xFF, 0xFF, 0xFB }, \
  { 0xFF, 0xFF, 0xFF, 0xFB }, \
  { 0x01, 0x8D, 0x08, 0x50 }, \
  { 0x0C, 0x61, 0xFF, 0x9B }, \
  { 0x04, 0x09, 0x08, 0x5E }, \
  { 0x10, 0x16, 0x08, 0x50 }, \
  { 0x00, 0x46, 0x12, 0x50 }, \
  { 0x34, 0x00, 0xFF, 0x9B }, \
  { 0x00, 0x00, 0x7A, 0x28 }, \
  { 0x28, 0x4E, 0xFF, 0x9B }, \
  { 0x20, 0x61, 0xFF, 0x9B }, \
  { 0x00, 0xBE, 0x70, 0x29 }, \
  { 0x38, 0x00, 0xFF, 0x9B }, \
  { 0x00, 0x8D, 0x08, 0x50 }, \
  { 0xF4, 0xFF, 0xFF, 0x9F }, \
  { 0xFF, 0xFF, 0xFF, 0xFB }, \
  { 0xFF, 0xFF, 0xFF, 0xFB }, \
  { 0xFF, 0xFF, 0xFF, 0xFB }, \
  { 0xFF, 0xFF, 0xFF, 0xFB }, \
  { 0xFF, 0xFF, 0xFF, 0xFB }, \
  { 0x03, 0x33, 0x16, 0x50 }, \
  { 0x80, 0x32, 0x16, 0x50 }, \
  { 0x0C, 0x82, 0x72, 0x73 }, \
  { 0x0A, 0x9C, 0x70, 0x4F }, \
  { 0x00, 0xA0, 0xFF, 0x90 }, \
  { 0xD4, 0x44, 0xFF, 0x83 }, \
  { 0x03, 0x00, 0x70, 0x28 }, \
  { 0x60, 0x61, 0xFF, 0x9B }, \
  { 0x01, 0x00, 0x70, 0x28 }, \
  { 0x03, 0x00, 0x73, 0x28 }, \
  { 0x74, 0x61, 0xFF, 0x9B }, \
  { 0x01, 0xD7, 0x09, 0x54 }, \
  { 0x50, 0xBB, 0x76, 0x29 }, \
  { 0xFC, 0x44, 0xFF, 0x83 }, \
  { 0x00, 0x45, 0x16, 0x58 }, \
  { 0x00, 0x45, 0x16, 0x52 }, \
  { 0x00, 0x40, 0x2C, 0x53 }, \
  { 0x03, 0x00, 0x70, 0x28 }, \
  { 0x00, 0x98, 0x08, 0x73 }, \
  { 0x01, 0x00, 0xFF, 0xC1 }, \
  { 0x07, 0x98, 0x08, 0x50 }, \
  { 0x00, 0x79, 0x05, 0x5E }, \
  { 0x00, 0x91, 0x05, 0x5E }, \
  { 0x10, 0xBB, 0x76, 0x29 }, \
  { 0x07, 0x09, 0x08, 0x5E }, \
  { 0x01, 0x9B, 0x70, 0x50 }, \
  { 0xB4, 0x6E, 0xFF, 0x9B }, \
  { 0x00, 0x9C, 0x70, 0x4F }, \
  { 0x01, 0x00, 0x70, 0x20 }, \
  { 0x00, 0x9C, 0x70, 0x73 }, \
  { 0xD8, 0x61, 0xFF, 0x9B }, \
  { 0x00, 0x60, 0xFF, 0x9B }, \
  { 0x80, 0x31, 0x16, 0x50 }, \
  { 0x40, 0x83, 0x72, 0x50 }, \
  { 0x00, 0x44, 0xFF, 0x83 }, \
  { 0xFF, 0xFF, 0xFF, 0xFB }, \
  { 0xFF, 0xFF, 0xFF, 0xFB }, \
  { 0xFF, 0xFF, 0xFF, 0xFB }, \
  { 0x0C, 0x84, 0x72, 0x73 }, \
  { 0x00, 0x71, 0x70, 0x4F }, \
  { 0x01, 0x00, 0xFF, 0x91 }, \
  { 0x00, 0x91, 0x08, 0x50 }, \
  { 0x01, 0x00, 0xFF, 0xC1 }, \
  { 0x03, 0x33, 0x16, 0x50 }, \
  { 0x80, 0x32, 0x16, 0x50 }, \
  { 0x02, 0x09, 0x08, 0x5E }, \
  { 0x04, 0x00, 0x70, 0x28 }, \
  { 0x05, 0x00, 0x73, 0x28 }, \
  { 0x84, 0x61, 0xFF, 0x9B }, \
  { 0x00, 0x47, 0x09, 0x52 }, \
  { 0x04, 0x00, 0x70, 0x28 }, \
  { 0x05, 0x00, 0x73, 0x28 }, \
  { 0xA8, 0x61, 0xFF, 0x9B }, \
  { 0x04, 0x00, 0x70, 0x28 }, \
  { 0x05, 0x00, 0x73, 0x28 }, \
  { 0xCC, 0x61, 0xFF, 0x9B }, \
  { 0x44, 0x72, 0xFF, 0x9B }, \
  { 0x03, 0x00, 0x70, 0x28 }, \
  { 0x60, 0x61, 0xFF, 0x9B }, \
  { 0x00, 0x9B, 0x70, 0x50 }, \
  { 0x4C, 0x72, 0xFF, 0x9B }, \
  { 0x40, 0x91, 0x08, 0x58 }, \
  { 0x40, 0x91, 0x08, 0x52 }, \
  { 0x80, 0x31, 0x16, 0x50 }, \
  { 0x80, 0x85, 0x72, 0x50 }, \
  { 0x00, 0x82, 0x72, 0x50 }, \
  { 0x05, 0xDA, 0x07, 0x50 }, \
  { 0x02, 0x00, 0x70, 0x28 }, \
  { 0x60, 0x61, 0xFF, 0x9B }, \
  { 0x01, 0xDA, 0x07, 0x50 }, \
  { 0x01, 0xBF, 0x9E, 0x4F }, \
  { 0x05, 0x11, 0x05, 0x90 }, \
  { 0x14, 0x46, 0xFF, 0x83 }, \
  { 0x02, 0xBE, 0x9E, 0x4F }, \
  { 0x02, 0x11, 0x02, 0x90 }, \
  { 0xF4, 0x45, 0xFF, 0x83 }, \
  { 0x06, 0xA8, 0x9E, 0x4F }, \
  { 0x07, 0xA9, 0x9E, 0x4F }, \
  { 0x06, 0xA4, 0x9E, 0x73 }, \
  { 0x07, 0xA5, 0x9E, 0x73 }, \
  { 0x02, 0x20, 0x06, 0x94 }, \
  { 0x00, 0xB8, 0x9E, 0x4F }, \
  { 0x01, 0x00, 0x70, 0x20 }, \
  { 0x00, 0xB8, 0x9E, 0x73 }, \
  { 0x01, 0x00, 0xF2, 0x30 }, \
  { 0x02, 0xBE, 0x9E, 0x73 }, \
  { 0x01, 0x20, 0x01, 0x96 }, \
  { 0x10, 0x00, 0xF2, 0x30 }, \
  { 0x02, 0xBE, 0x9E, 0x73 }, \
  { 0x02, 0xBA, 0x9E, 0x73 }, \
  { 0x01, 0x46, 0x70, 0x4F }, \
  { 0x01, 0xB4, 0x9E, 0x73 }, \
  { 0x00, 0x91, 0x08, 0x51 }, \
  { 0xFF, 0xFF, 0xFF, 0xFC }, \
  { 0x1C, 0x43, 0xFF, 0x83 }, \
  { 0xFF, 0xFF, 0xFF, 0xFB }, \
  { 0xFF, 0xFF, 0xFF, 0xFB }, \
  { 0xFF, 0xFF, 0xFF, 0xFB }, \
  { 0x01, 0x8D, 0x08, 0x50 }, \
  { 0x00, 0x91, 0x08, 0x50 }, \
  { 0xFF, 0xFF, 0xFF, 0xFC }, \
  { 0x00, 0x31, 0x16, 0x50 }, \
  { 0xA5, 0x5A, 0x09, 0x51 }, \
  { 0x14, 0x5A, 0x09, 0x4F }, \
  { 0x21, 0x00, 0xFF, 0xC1 }, \
  { 0x00, 0xE5, 0x07, 0x50 }, \
  { 0x80, 0x31, 0x16, 0x50 }, \
  { 0xFF, 0xFF, 0xFF, 0xFC }, \
  { 0xFF, 0xFF, 0xFF, 0xFB }, \
  { 0x00, 0x31, 0x16, 0x50 }, \
  { 0x40, 0x00, 0x71, 0x28 }, \
  { 0x00, 0x00, 0x70, 0x28 }, \
  { 0x40, 0x03, 0xFF, 0x92 }, \
  { 0x00, 0x5A, 0x09, 0x51 }, \
  { 0x80, 0x31, 0x16, 0x50 }, \
  { 0xFF, 0xFF, 0xFF, 0xFC }, \
  { 0xA5, 0x5A, 0x09, 0x51 }, \
  { 0x14, 0x5A, 0x09, 0x4F }, \
  { 0x01, 0x00, 0x70, 0x20 }, \
  { 0xA5, 0x41, 0xFF, 0x92 }, \
  { 0xAF, 0x68, 0x70, 0x50 }, \
  { 0x80, 0x31, 0x16, 0x50 }, \
  { 0xFF, 0xFF, 0xFF, 0xFC }, \
  { 0xA0, 0x68, 0x70, 0x50 }, \
  { 0x5C, 0x46, 0xFF, 0x83 }, \
  { 0xE8, 0x61, 0xFF, 0x9B }, \
  { 0xFF, 0xFF, 0xFF, 0xFC }, \
  { 0xFF, 0xFF, 0xFF, 0xFB }, \
  { 0x00, 0x91, 0x08, 0x50 }, \
  { 0xFF, 0xFF, 0xFF, 0x8F }, \
  { 0x00, 0x00, 0x70, 0x29 }, \
  { 0x00, 0x00, 0x72, 0x29 }, \
  { 0x1C, 0x40, 0xF0, 0xA5 }, \
  { 0x20, 0x40, 0xF0, 0xA5 }, \
  { 0x14, 0x40, 0xF0, 0xA5 }, \
  { 0x18, 0x40, 0xF0, 0xA5 }, \
  { 0xFF, 0xFF, 0xFF, 0x8F }, \
  { 0x01, 0x9E, 0x70, 0x50 }, \
  { 0x3F, 0xC0, 0xFF, 0xD9 }, \
  { 0x1C, 0x00, 0x72, 0x28 }, \
  { 0x64, 0x47, 0xDC, 0x61 }, \
  { 0x09, 0x00, 0x72, 0x28 }, \
  { 0xAC, 0x47, 0xB3, 0x61 }, \
  { 0x3F, 0xC0, 0xFF, 0xDB }, \
  { 0x4C, 0x47, 0xFF, 0x83 }, \
  { 0x04, 0x9E, 0x70, 0x50 }, \
  { 0x3F, 0xC0, 0xFF, 0xD9 }, \
  { 0x07, 0x00, 0x72, 0x28 }, \
  { 0x64, 0x47, 0x46, 0x64 }, \
  { 0x3F, 0xC0, 0xFF, 0xDB }, \
  { 0x4C, 0x47, 0xFF, 0x83 }, \
  { 0x01, 0x5C, 0x09, 0x50 }, \
  { 0x00, 0x91, 0x08, 0x50 }, \
  { 0xFF, 0xFF, 0xFF, 0xFC }, \
  { 0x06, 0x9E, 0x70, 0x50 }, \
  { 0x3F, 0xC0, 0xFF, 0xD9 }, \
  { 0x01, 0x00, 0x72, 0x28 }, \
  { 0xAC, 0x47, 0x9B, 0x66 }, \
  { 0x3F, 0xC0, 0xFF, 0xDB }, \
  { 0x4C, 0x47, 0xFF, 0x83 }, \
  { 0x07, 0x9E, 0x70, 0x50 }, \
  { 0x3F, 0xC0, 0xFF, 0xD9 }, \
  { 0x01, 0x00, 0x72, 0x28 }, \
  { 0xAC, 0x47, 0x9B, 0x67 }, \
  { 0x3F, 0xC0, 0xFF, 0xDB }, \
  { 0x4C, 0x47, 0xFF, 0x83 }, \
  { 0x0A, 0x9E, 0x70, 0x50 }, \
  { 0x3F, 0xC0, 0xFF, 0xD9 }, \
  { 0x01, 0x00, 0x72, 0x28 }, \
  { 0xAC, 0x47, 0x9B, 0x6A }, \
  { 0x3F, 0xC0, 0xFF, 0xDB }, \
  { 0x4C, 0x47, 0xFF, 0x83 }, \
  { 0x48, 0x44, 0xFF, 0x83 }, \
  { 0x00, 0x92, 0x16, 0x4F }, \
  { 0x01, 0x93, 0x16, 0x4F }, \
  { 0x00, 0xA0, 0x70, 0x73 }, \
  { 0x01, 0xA1, 0x70, 0x73 }, \
  { 0x48, 0x44, 0xFF, 0x83 }, \
  { 0x00, 0x00, 0x74, 0x29 }, \
  { 0x00, 0x00, 0x76, 0x29 }, \
  { 0xF0, 0x08, 0xFF, 0x44 }, \
  { 0x20, 0x01, 0x20, 0x91 }, \
  { 0x00, 0x00, 0xF4, 0x31 }, \
  { 0x80, 0x47, 0xFF, 0x83 }, \
  { 0x01, 0x00, 0xF4, 0x31 }, \
  { 0x01, 0x00, 0x72, 0x24 }, \
  { 0x00, 0x21, 0xFF, 0x93 }, \
  { 0xF1, 0xFF, 0x74, 0x39 }, \
  { 0xF1, 0xFF, 0xF6, 0x39 }, \
  { 0x01, 0x00, 0x7E, 0x24 }, \
  { 0x6C, 0x47, 0xFF, 0x83 }, \
  { 0x04, 0xA2, 0x70, 0x73 }, \
  { 0x05, 0xA3, 0x70, 0x73 }, \
  { 0x06, 0xA4, 0x70, 0x73 }, \
  { 0x07, 0xA5, 0x70, 0x73 }, \
  { 0xFF, 0xFF, 0xFF, 0x8F }, \
  { 0x00, 0x00, 0x74, 0x29 }, \
  { 0xF0, 0x08, 0xFF, 0x44 }, \
  { 0x20, 0x01, 0x20, 0x91 }, \
  { 0x00, 0x00, 0xF4, 0x31 }, \
  { 0xC4, 0x47, 0xFF, 0x83 }, \
  { 0x01, 0x00, 0xF4, 0x31 }, \
  { 0x01, 0x00, 0x72, 0x24 }, \
  { 0x00, 0x21, 0xFF, 0x92 }, \
  { 0xF1, 0xFF, 0x74, 0x39 }, \
  { 0x03, 0x00, 0x7E, 0x24 }, \
  { 0xB0, 0x47, 0xFF, 0x83 }, \
  { 0x04, 0xA7, 0x70, 0x73 }, \
  { 0x05, 0xA8, 0x70, 0x73 }, \
  { 0xFF, 0xFF, 0xFF, 0x8F }, \
  { 0x48, 0x44, 0xFF, 0x83 }, \
  { 0x30, 0x70, 0x2B, 0x4F }, \
  { 0x03, 0x00, 0x03, 0x91 }, \
  { 0x24, 0xAF, 0xFF, 0x9B }, \
  { 0x6C, 0xAF, 0xFF, 0x9B }, \
  { 0xFF, 0xFF, 0xFF, 0xFC }, \
  { 0x94, 0x7B, 0xFF, 0x9B }, \
  { 0xFF, 0xFF, 0xFF, 0xFC }, \
  { 0x88, 0x7D, 0xFF, 0x9B }, \
  { 0xFF, 0xFF, 0xFF, 0xFC }, \
  { 0xAC, 0x7D, 0xFF, 0x9B }, \
  { 0xFF, 0xFF, 0xFF, 0xFC }, \
  { 0xC4, 0x7F, 0xFF, 0x9B }, \
  { 0xFF, 0xFF, 0xFF, 0xFC }, \
  { 0x8C, 0x84, 0xFF, 0x9B }, \
  { 0xFF, 0xFF, 0xFF, 0xFC }, \
  { 0x94, 0x85, 0xFF, 0x9B }, \
  { 0xFF, 0xFF, 0xFF, 0xFC }, \
  { 0x74, 0x88, 0xFF, 0x9B }, \
  { 0xFF, 0xFF, 0xFF, 0xFC }, \
  { 0xCC, 0x8C, 0xFF, 0x9B }, \
  { 0xFF, 0xFF, 0xFF, 0xFC }, \
  { 0x38, 0x90, 0xFF, 0x9B }, \
  { 0xFF, 0xFF, 0xFF, 0xFC }, \
  { 0x44, 0x90, 0xFF, 0x9B }, \
  { 0xFF, 0xFF, 0xFF, 0xFC }, \
  { 0x50, 0x90, 0xFF, 0x9B }, \
  { 0xFF, 0xFF, 0xFF, 0xFC }, \
  { 0x5C, 0x90, 0xFF, 0x9B }, \
  { 0xFF, 0xFF, 0xFF, 0xFC }, \
  { 0x68, 0x90, 0xFF, 0x9B }, \
  { 0xFF, 0xFF, 0xFF, 0xFC }, \
  { 0x01, 0x00, 0x71, 0x28 }, \
  { 0xD0, 0x90, 0xFF, 0x9B }, \
  { 0xFF, 0xFF, 0xFF, 0xFC }, \
  { 0x02, 0x00, 0x71, 0x28 }, \
  { 0xD0, 0x90, 0xFF, 0x9B }, \
  { 0xFF, 0xFF, 0xFF, 0xFC }, \
  { 0x03, 0x00, 0x71, 0x28 }, \
  { 0xD0, 0x90, 0xFF, 0x9B }, \
  { 0xFF, 0xFF, 0xFF, 0xFC }, \
  { 0x04, 0x00, 0x71, 0x28 }, \
  { 0xD0, 0x90, 0xFF, 0x9B }, \
  { 0xFF, 0xFF, 0xFF, 0xFC }, \
  { 0x05, 0x00, 0x71, 0x28 }, \
  { 0xD0, 0x90, 0xFF, 0x9B }, \
  { 0xFF, 0xFF, 0xFF, 0xFC }, \
  { 0x06, 0x00, 0x71, 0x28 }, \
  { 0xD0, 0x90, 0xFF, 0x9B }, \
  { 0xFF, 0xFF, 0xFF, 0xFC }, \
  { 0xE8, 0x91, 0xFF, 0x9B }, \
  { 0xFF, 0xFF, 0xFF, 0xFC }, \
  { 0x08, 0x92, 0xFF, 0x9B }, \
  { 0xFF, 0xFF, 0xFF, 0xFC }, \
  { 0xFF, 0xFF, 0xFF, 0xFC }, \
  { 0xB4, 0x99, 0xFF, 0x9B }, \
  { 0xFF, 0xFF, 0xFF, 0xFC }, \
  { 0x00, 0x31, 0x16, 0x50 }, \
  { 0xA5, 0x00, 0x70, 0x28 }, \
  { 0x80, 0x30, 0x16, 0x50 }, \
  { 0x00, 0xBE, 0x70, 0x73 }, \
  { 0x01, 0xBF, 0x70, 0x4F }, \
  { 0xA5, 0x11, 0xFF, 0x93 }, \
  { 0x80, 0xE0, 0x2D, 0x50 }, \
  { 0x00, 0xE1, 0x2D, 0x50 }, \
  { 0x01, 0xE1, 0x2D, 0x50 }, \
  { 0x00, 0x30, 0x16, 0x50 }, \
  { 0x00, 0x30, 0x16, 0x50 }, \
  { 0x00, 0xBE, 0x70, 0x50 }, \
  { 0x80, 0x31, 0x16, 0x50 }, \
  { 0xFF, 0xFF, 0xFF, 0xFC }, \
  { 0x00, 0x31, 0x16, 0x50 }, \
  { 0x21, 0x00, 0xFF, 0xC1 }, \
  { 0x00, 0xE5, 0x07, 0x50 }, \
  { 0x10, 0x08, 0x88, 0x4F }, \
  { 0x01, 0x01, 0x01, 0x92 }, \
  { 0x02, 0xE5, 0x07, 0x50 }, \
  { 0x80, 0x31, 0x16, 0x50 }, \
  { 0xFF, 0xFF, 0xFF, 0xFC }, \
  { 0x02, 0xE5, 0x07, 0x50 }, \
  { 0x80, 0x31, 0x16, 0x50 }, \
  { 0xFF, 0xFF, 0xFF, 0xFC }, \
  { 0x00, 0x54, 0x51, 0x4F }, \
  { 0x01, 0x55, 0x51, 0x4F }, \
  { 0x02, 0x56, 0x51, 0x4F }, \
  { 0x03, 0x57, 0x51, 0x4F }, \
  { 0x00, 0x5E, 0x71, 0x73 }, \
  { 0x01, 0x5F, 0x71, 0x73 }, \
  { 0x02, 0x60, 0x71, 0x73 }, \
  { 0x03, 0x61, 0x71, 0x73 }, \
  { 0x80, 0x16, 0x08, 0x50 }, \
  { 0xFF, 0xFF, 0xFF, 0xFC }, \
  { 0x00, 0x46, 0x23, 0x50 }, \
  { 0x01, 0xDB, 0x11, 0x50 }, \
  { 0x32, 0x00, 0xFE, 0xC1 }, \
  { 0x80, 0xE0, 0x9E, 0x50 }, \
  { 0x02, 0xE1, 0x9E, 0x50 }, \
  { 0x80, 0x46, 0x23, 0x50 }, \
  { 0x00, 0xDB, 0x11, 0x50 }, \
  { 0x00, 0xE0, 0x9E, 0x50 }, \
  { 0x00, 0xE1, 0x9E, 0x50 }, \
  { 0x02, 0x14, 0x9E, 0x50 }, \
  { 0xFF, 0xFF, 0xFF, 0xFC }, \
  { 0x01, 0x41, 0x16, 0x58 }, \
  { 0xFF, 0xFF, 0xFF, 0xFC }, \
  { 0x00, 0x47, 0x70, 0x4F }, \
  { 0x04, 0x00, 0x04, 0x92 }, \
  { 0xC4, 0x49, 0x3D, 0x62 }, \
  { 0x48, 0x44, 0xFF, 0x83 }, \
  { 0xFF, 0xFF, 0xFF, 0xFC }, \
  { 0xFF, 0xFF, 0xFF, 0xFC }, \
  { 0xC4, 0x49, 0x47, 0x63 }, \
  { 0x48, 0x44, 0xFF, 0x83 }, \
  { 0xFF, 0xFF, 0xFF, 0xFC }, \
  { 0x00, 0x48, 0x70, 0x4F }, \
  { 0x01, 0x00, 0x01, 0x92 }, \
  { 0xC4, 0x49, 0x1D, 0x68 }, \
  { 0x48, 0x44, 0xFF, 0x83 }, \
  { 0xFF, 0xFF, 0xFF, 0xFC }, \
  { 0xFF, 0xFF, 0xFF, 0xFC }, \
  { 0x0F, 0xC0, 0xFF, 0xD9 }, \
  { 0x40, 0x00, 0x70, 0x29 }, \
  { 0xF1, 0xF0, 0xFF, 0x46 }, \
  { 0xFF, 0xFE, 0x72, 0x2B }, \
  { 0x82, 0x00, 0x7E, 0x29 }, \
  { 0xF1, 0xF0, 0xFF, 0x0E }, \
  { 0x01, 0x00, 0x70, 0x20 }, \
  { 0xFF, 0xF2, 0x7E, 0x2B }, \
  { 0xBF, 0x05, 0xFF, 0x90 }, \
  { 0xCC, 0x49, 0xFF, 0x83 }, \
  { 0x0F, 0xC0, 0xFF, 0xDB }, \
  { 0xFF, 0xFF, 0xFF, 0x8F }, \
  { 0xFF, 0xFF, 0xFF, 0xFC }, \
  { 0x02, 0x33, 0x16, 0x50 }, \
  { 0x80, 0x32, 0x16, 0x50 }, \
  { 0x08, 0x9B, 0xFF, 0x9B }, \
  { 0x80, 0x32, 0x16, 0x50 }, \
  { 0x00, 0x00, 0xFF, 0xC1 }, \
  { 0x00, 0x33, 0x16, 0x50 }, \
  { 0xFF, 0xFF, 0xFF, 0xFC }, \
  { 0x01, 0xE6, 0x7E, 0x50 }, \
  { 0x00, 0x42, 0x7E, 0x4F }, \
  { 0x02, 0x00, 0x72, 0x28 }, \
  { 0x3C, 0x4A, 0x74, 0x29 }, \
  { 0x20, 0x41, 0xFF, 0xAE }, \
  { 0x00, 0x42, 0x7E, 0x4F }, \
  { 0x01, 0x00, 0x72, 0x28 }, \
  { 0x44, 0x4A, 0x74, 0x29 }, \
  { 0x20, 0x41, 0xFF, 0xAE }, \
  { 0xFF, 0xFF, 0xFF, 0xFC }, \
  { 0x80, 0x96, 0x2D, 0x50 }, \
  { 0xFF, 0xFF, 0xFF, 0x8F }, \
  { 0x00, 0x96, 0x2D, 0x50 }, \
  { 0xFF, 0xFF, 0xFF, 0x8F }, \
  { 0x00, 0x96, 0x2D, 0x50 }, \
  { 0xFF, 0xFF, 0xFF, 0xFC }, \
  { 0x30, 0x05, 0x01, 0x4F }, \
  { 0x3C, 0x01, 0xFF, 0x91 }, \
  { 0x30, 0x40, 0x28, 0x4F }, \
  { 0x02, 0x01, 0x02, 0x90 }, \
  { 0xFF, 0xFF, 0xFF, 0xFC }, \
  { 0x30, 0x6A, 0x27, 0x4F }, \
  { 0x10, 0x01, 0x10, 0x90 }, \
  { 0xFF, 0xFF, 0xFF, 0xFC }, \
  { 0x30, 0x0B, 0x27, 0x4F }, \
  { 0x02, 0x01, 0x03, 0x90 }, \
  { 0xA4, 0x4A, 0xFF, 0x83 }, \
  { 0x30, 0x54, 0x29, 0x4F }, \
  { 0x01, 0x00, 0xF0, 0x30 }, \
  { 0x30, 0x54, 0x29, 0x73 }, \
  { 0x30, 0x70, 0x29, 0x4F }, \
  { 0x01, 0x00, 0xF0, 0x30 }, \
  { 0x30, 0x70, 0x29, 0x73 }, \
  { 0x01, 0xA9, 0x70, 0x50 }, \
  { 0x80, 0xA6, 0x2D, 0x50 }, \
  { 0xFF, 0xFF, 0xFF, 0xFC }, \
  { 0x30, 0x0B, 0x27, 0x4F }, \
  { 0x03, 0x01, 0x03, 0x90 }, \
  { 0xFF, 0xFF, 0xFF, 0xFC }, \
  { 0x30, 0x54, 0x2A, 0x4F }, \
  { 0x01, 0x00, 0xF0, 0x30 }, \
  { 0x30, 0x54, 0x2A, 0x73 }, \
  { 0x30, 0x70, 0x2A, 0x4F }, \
  { 0x01, 0x00, 0xF0, 0x30 }, \
  { 0x30, 0x70, 0x2A, 0x73 }, \
  { 0x02, 0xA9, 0x70, 0x50 }, \
  { 0x80, 0xA6, 0x2D, 0x50 }, \
  { 0xFF, 0xFF, 0xFF, 0xFC }, \
  { 0x30, 0x05, 0x01, 0x4F }, \
  { 0x32, 0x01, 0xFF, 0x90 }, \
  { 0x3C, 0x4B, 0xFF, 0x83 }, \
  { 0x00, 0xA6, 0x2D, 0x50 }, \
  { 0x00, 0xA9, 0x70, 0x4F }, \
  { 0x01, 0x01, 0x03, 0x90 }, \
  { 0x10, 0x4B, 0xFF, 0x83 }, \
  { 0x30, 0x54, 0x29, 0x4F }, \
  { 0xFE, 0x00, 0xF0, 0x2C }, \
  { 0x30, 0x54, 0x29, 0x73 }, \
  { 0x30, 0x70, 0x29, 0x4F }, \
  { 0xFE, 0x00, 0xF0, 0x2C }, \
  { 0x30, 0x70, 0x29, 0x73 }, \
  { 0x00, 0xA9, 0x70, 0x50 }, \
  { 0xFF, 0xFF, 0xFF, 0xFC }, \
  { 0x00, 0xA9, 0x70, 0x4F }, \
  { 0x02, 0x01, 0x03, 0x91 }, \
  { 0x00, 0xA9, 0x70, 0x50 }, \
  { 0xFF, 0xFF, 0xFF, 0xFC }, \
  { 0x30, 0x54, 0x2A, 0x4F }, \
  { 0xFE, 0x00, 0xF0, 0x2C }, \
  { 0x30, 0x54, 0x2A, 0x73 }, \
  { 0x30, 0x70, 0x2A, 0x4F }, \
  { 0xFE, 0x00, 0xF0, 0x2C }, \
  { 0x30, 0x70, 0x2A, 0x73 }, \
  { 0x00, 0xA9, 0x70, 0x50 }, \
  { 0xFF, 0xFF, 0xFF, 0xFC }, \
  { 0x24, 0xB1, 0xFF, 0x9B }, \
  { 0xFF, 0xFF, 0xFF, 0xFC }, \
  { 0x9C, 0xB1, 0xFF, 0x9B }, \
  { 0xFF, 0xFF, 0xFF, 0xFC }, \
  { 0x30, 0x40, 0x2E, 0x4F }, \
  { 0x08, 0x00, 0xF0, 0x30 }, \
  { 0x30, 0x40, 0x2E, 0x73 }, \
  { 0xFF, 0xFF, 0xFF, 0xFC }, \
  { 0x94, 0xB5, 0xFF, 0x9B }, \
  { 0xFF, 0xFF, 0xFF, 0xFC }, \
  { 0xA4, 0xB5, 0xFF, 0x9B }, \
  { 0xFF, 0xFF, 0xFF, 0xFC }, \
  { 0xFF, 0xFF, 0xFF, 0xFC }, \
  { 0xFF, 0xFF, 0xFF, 0xFC }, \
  { 0xFF, 0xFF, 0xFF, 0xFC }, \
  { 0xFF, 0xFF, 0xFF, 0xFB }, \
  { 0xFF, 0xFF, 0xFF, 0x8F }, \
  { 0xFF, 0xFF, 0xFF, 0xFB }, \
  { 0xFF, 0xFF, 0xFF, 0x8F }, \
  { 0xFF, 0xFF, 0xFF, 0xFB }, \
  { 0xFF, 0xFF, 0xFF, 0x8F }, \
  { 0x18, 0x62, 0xFF, 0x9B }, \
  { 0xFF, 0xFF, 0xFF, 0xFC }, \
  { 0x01, 0xBF, 0x9E, 0x4F }, \
  { 0x80, 0x11, 0x80, 0x94 }, \
  { 0x00, 0xBE, 0x9E, 0x4F }, \
  { 0x7F, 0x00, 0xF0, 0x2C }, \
  { 0x00, 0xBE, 0x9E, 0x73 }, \
  { 0xA5, 0x00, 0x7A, 0x28 }, \
  { 0x28, 0x4E, 0xFF, 0x9B }, \
  { 0x06, 0xA8, 0x9E, 0x4F }, \
  { 0x07, 0xA9, 0x9E, 0x4F }, \
  { 0x00, 0x60, 0xFF, 0x94 }, \
  { 0x00, 0x70, 0xFF, 0x93 }, \
  { 0x00, 0xBE, 0x9E, 0x4F }, \
  { 0xF0, 0x00, 0xF0, 0x2C }, \
  { 0x00, 0xBE, 0x9E, 0x73 }, \
  { 0x00, 0x4D, 0xFF, 0x83 }, \
  { 0x00, 0xBE, 0x9E, 0x4F }, \
  { 0x08, 0x00, 0xF0, 0x30 }, \
  { 0x00, 0xBE, 0x9E, 0x73 }, \
  { 0x04, 0xA6, 0x9E, 0x4F }, \
  { 0x05, 0xA7, 0x9E, 0x4F }, \
  { 0xF6, 0xF4, 0xF2, 0x33 }, \
  { 0xF2, 0xF4, 0x7A, 0x27 }, \
  { 0x00, 0xA0, 0xFF, 0x91 }, \
  { 0x00, 0xB0, 0xFF, 0x90 }, \
  { 0x18, 0x4C, 0xFF, 0x83 }, \
  { 0x00, 0xB9, 0x9E, 0x4F }, \
  { 0x01, 0x00, 0x70, 0x20 }, \
  { 0x00, 0xB9, 0x9E, 0x73 }, \
  { 0x06, 0xA6, 0x9E, 0x73 }, \
  { 0x07, 0xA7, 0x9E, 0x73 }, \
  { 0x90, 0x4E, 0xFF, 0x9B }, \
  { 0x02, 0xAE, 0x9E, 0x4F }, \
  { 0x03, 0xAF, 0x9E, 0x4F }, \
  { 0xF2, 0xF6, 0xFA, 0x2F }, \
  { 0x0A, 0xAA, 0x9E, 0x73 }, \
  { 0x0B, 0xAB, 0x9E, 0x73 }, \
  { 0xF6, 0xFA, 0x74, 0x27 }, \
  { 0x00, 0x40, 0xFF, 0x91 }, \
  { 0x00, 0x50, 0xFF, 0x90 }, \
  { 0x48, 0x4C, 0xFF, 0x83 }, \
  { 0x00, 0xBE, 0x9E, 0x4F }, \
  { 0x02, 0x00, 0xF0, 0x30 }, \
  { 0x00, 0xBE, 0x9E, 0x73 }, \
  { 0x00, 0xA0, 0xFF, 0x91 }, \
  { 0x00, 0xB0, 0xFF, 0x90 }, \
  { 0x00, 0x4D, 0xFF, 0x83 }, \
  { 0x00, 0xBE, 0x9E, 0x4F }, \
  { 0x04, 0x00, 0xF0, 0x30 }, \
  { 0x00, 0xBE, 0x9E, 0x73 }, \
  { 0x01, 0xBF, 0x9E, 0x4F }, \
  { 0x01, 0x11, 0x01, 0x90 }, \
  { 0x00, 0x4D, 0xFF, 0x83 }, \
  { 0x0A, 0xA4, 0x9E, 0x73 }, \
  { 0x0B, 0xA5, 0x9E, 0x73 }, \
  { 0x01, 0xBE, 0x9E, 0x4F }, \
  { 0x01, 0x11, 0x01, 0x94 }, \
  { 0x00, 0xB8, 0x9E, 0x4F }, \
  { 0x01, 0x00, 0x70, 0x20 }, \
  { 0x00, 0xB8, 0x9E, 0x73 }, \
  { 0x01, 0x00, 0xF1, 0x30 }, \
  { 0x01, 0xBE, 0x9E, 0x73 }, \
  { 0x01, 0xBF, 0x9E, 0x4F }, \
  { 0x20, 0x11, 0x20, 0x90 }, \
  { 0x00, 0x4D, 0xFF, 0x83 }, \
  { 0x03, 0xBC, 0x9E, 0x4F }, \
  { 0x00, 0x35, 0xFF, 0x90 }, \
  { 0xCC, 0x4C, 0xFF, 0x83 }, \
  { 0x00, 0xB7, 0x9E, 0x4F }, \
  { 0x01, 0x00, 0x70, 0x20 }, \
  { 0x00, 0xB7, 0x9E, 0x73 }, \
  { 0x02, 0xBE, 0x9E, 0x4F }, \
  { 0x30, 0x00, 0xF2, 0x30 }, \
  { 0x02, 0xBE, 0x9E, 0x73 }, \
  { 0x01, 0x00, 0x73, 0x24 }, \
  { 0x03, 0xBC, 0x9E, 0x73 }, \
  { 0xF0, 0x4C, 0xFF, 0x83 }, \
  { 0x01, 0xBF, 0x9E, 0x4F }, \
  { 0x30, 0x11, 0x30, 0x90 }, \
  { 0x00, 0x4D, 0xFF, 0x83 }, \
  { 0x00, 0xB6, 0x9E, 0x4F }, \
  { 0x01, 0x00, 0x70, 0x20 }, \
  { 0x00, 0xB6, 0x9E, 0x73 }, \
  { 0x02, 0xBE, 0x9E, 0x4F }, \
  { 0x20, 0x00, 0xF2, 0x30 }, \
  { 0x02, 0xBE, 0x9E, 0x73 }, \
  { 0x02, 0xBA, 0x9E, 0x73 }, \
  { 0x07, 0xB4, 0x9E, 0x50 }, \
  { 0x00, 0x91, 0x08, 0x51 }, \
  { 0xFF, 0xFF, 0xFF, 0xFC }, \
  { 0x01, 0xBF, 0x9E, 0x4F }, \
  { 0x02, 0xBC, 0x9E, 0x4F }, \
  { 0x00, 0x21, 0xFF, 0x91 }, \
  { 0x01, 0x00, 0x72, 0x24 }, \
  { 0x02, 0xBC, 0x9E, 0x73 }, \
  { 0x00, 0x11, 0x40, 0x90 }, \
  { 0x28, 0x4D, 0xFF, 0x83 }, \
  { 0x00, 0x25, 0xFF, 0x91 }, \
  { 0xA5, 0x00, 0x7A, 0x28 }, \
  { 0x28, 0x4E, 0xFF, 0x9B }, \
  { 0x00, 0xBB, 0x9E, 0x4F }, \
  { 0x01, 0x00, 0x70, 0x20 }, \
  { 0x00, 0xBB, 0x9E, 0x73 }, \
  { 0x00, 0xB0, 0x9E, 0x4F }, \
  { 0x01, 0xB1, 0x9E, 0x4F }, \
  { 0x02, 0x47, 0x70, 0x4F }, \
  { 0x03, 0x48, 0x70, 0x4F }, \
  { 0xF0, 0xF2, 0xFA, 0x2F }, \
  { 0x0A, 0xAC, 0x9E, 0x73 }, \
  { 0x0B, 0xAD, 0x9E, 0x73 }, \
  { 0x04, 0xBD, 0x9E, 0x4F }, \
  { 0x06, 0xA8, 0x9E, 0x4F }, \
  { 0x07, 0xA9, 0x9E, 0x4F }, \
  { 0x02, 0xA0, 0x02, 0x95 }, \
  { 0xFF, 0xFF, 0xFF, 0xFB }, \
  { 0x05, 0x91, 0x9E, 0x4F }, \
  { 0x7C, 0x4F, 0x1E, 0x61 }, \
  { 0x05, 0x91, 0x9E, 0x73 }, \
  { 0x00, 0x95, 0xFF, 0x90 }, \
  { 0x02, 0x00, 0xF6, 0x30 }, \
  { 0x04, 0xA0, 0x04, 0x95 }, \
  { 0xFF, 0xFF, 0xFF, 0xFB }, \
  { 0x05, 0x92, 0x9E, 0x4F }, \
  { 0x7C, 0x4F, 0x76, 0x62 }, \
  { 0x05, 0x92, 0x9E, 0x73 }, \
  { 0x00, 0x95, 0xFF, 0x90 }, \
  { 0x04, 0x00, 0xF6, 0x30 }, \
  { 0x08, 0xA0, 0x08, 0x95 }, \
  { 0xFF, 0xFF, 0xFF, 0xFB }, \
  { 0x05, 0x93, 0x9E, 0x4F }, \
  { 0x7C, 0x4F, 0x1C, 0x63 }, \
  { 0x05, 0x93, 0x9E, 0x73 }, \
  { 0x00, 0x95, 0xFF, 0x90 }, \
  { 0x08, 0x00, 0xF6, 0x30 }, \
  { 0x10, 0xA0, 0x10, 0x90 }, \
  { 0xFF, 0xFF, 0xFF, 0xFB }, \
  { 0x20, 0xA0, 0x20, 0x90 }, \
  { 0xFF, 0xFF, 0xFF, 0xFB }, \
  { 0x40, 0xA0, 0x40, 0x90 }, \
  { 0xFF, 0xFF, 0xFF, 0xFB }, \
  { 0x80, 0xA0, 0x80, 0x90 }, \
  { 0xFF, 0xFF, 0xFF, 0xFB }, \
  { 0x01, 0xB0, 0x01, 0x95 }, \
  { 0xFF, 0xFF, 0xFF, 0xFB }, \
  { 0x05, 0x98, 0x9E, 0x4F }, \
  { 0x7C, 0x4F, 0x74, 0x68 }, \
  { 0x05, 0x98, 0x9E, 0x73 }, \
  { 0x00, 0x95, 0xFF, 0x90 }, \
  { 0x01, 0x00, 0xF7, 0x30 }, \
  { 0x02, 0xB0, 0x02, 0x90 }, \
  { 0xFF, 0xFF, 0xFF, 0xFB }, \
  { 0x04, 0xB0, 0x04, 0x90 }, \
  { 0xFF, 0xFF, 0xFF, 0xFB }, \
  { 0x08, 0xB0, 0x08, 0x90 }, \
  { 0xFF, 0xFF, 0xFF, 0xFB }, \
  { 0x10, 0xB0, 0x10, 0x90 }, \
  { 0xFF, 0xFF, 0xFF, 0xFB }, \
  { 0x20, 0xB0, 0x20, 0x90 }, \
  { 0xFF, 0xFF, 0xFF, 0xFB }, \
  { 0x40, 0xB0, 0x40, 0x90 }, \
  { 0xFF, 0xFF, 0xFF, 0xFB }, \
  { 0x06, 0xA8, 0x9E, 0x73 }, \
  { 0x07, 0xA9, 0x9E, 0x73 }, \
  { 0xFF, 0xFF, 0xFF, 0xFC }, \
  { 0x00, 0x76, 0x2D, 0x50 }, \
  { 0x00, 0xBE, 0x9E, 0x4F }, \
  { 0xBF, 0x00, 0xF0, 0x2C }, \
  { 0x00, 0xBE, 0x9E, 0x73 }, \
  { 0xA5, 0xA1, 0xFF, 0x91 }, \
  { 0x00, 0xBA, 0x9E, 0x73 }, \
  { 0xFF, 0xFF, 0xFF, 0x8F }, \
  { 0xFF, 0xFF, 0xFF, 0xFC }, \
  { 0x54, 0x4F, 0xFF, 0x9B }, \
  { 0x00, 0x91, 0x9E, 0x50 }, \
  { 0xFF, 0xFF, 0xFF, 0xFC }, \
  { 0x54, 0x4F, 0xFF, 0x9B }, \
  { 0x00, 0x92, 0x9E, 0x50 }, \
  { 0xFF, 0xFF, 0xFF, 0xFC }, \
  { 0x54, 0x4F, 0xFF, 0x9B }, \
  { 0x00, 0x93, 0x9E, 0x50 }, \
  { 0xFF, 0xFF, 0xFF, 0xFC }, \
  { 0x54, 0x4F, 0xFF, 0x9B }, \
  { 0x00, 0x94, 0x9E, 0x50 }, \
  { 0xFF, 0xFF, 0xFF, 0xFC }, \
  { 0x54, 0x4F, 0xFF, 0x9B }, \
  { 0x00, 0x96, 0x9E, 0x50 }, \
  { 0xFF, 0xFF, 0xFF, 0xFC }, \
  { 0x54, 0x4F, 0xFF, 0x9B }, \
  { 0x00, 0x98, 0x9E, 0x50 }, \
  { 0xFF, 0xFF, 0xFF, 0xFC }, \
  { 0xFF, 0xFF, 0xFF, 0xFB }, \
  { 0x02, 0xA0, 0x02, 0x93 }, \
  { 0xFF, 0xFF, 0xFF, 0xFB }, \
  { 0x00, 0x7D, 0x9E, 0x4F }, \
  { 0x01, 0x00, 0x70, 0x20 }, \
  { 0x00, 0x7D, 0x9E, 0x73 }, \
  { 0x04, 0xA0, 0x04, 0x93 }, \
  { 0xFF, 0xFF, 0xFF, 0xFB }, \
  { 0x00, 0x7E, 0x9E, 0x4F }, \
  { 0x01, 0x00, 0x70, 0x20 }, \
  { 0x00, 0x7E, 0x9E, 0x73 }, \
  { 0x08, 0xA0, 0x08, 0x93 }, \
  { 0xFF, 0xFF, 0xFF, 0xFB }, \
  { 0x00, 0x7F, 0x9E, 0x4F }, \
  { 0x01, 0x00, 0x70, 0x20 }, \
  { 0x00, 0x7F, 0x9E, 0x73 }, \
  { 0x10, 0xA0, 0x10, 0x93 }, \
  { 0xFF, 0xFF, 0xFF, 0xFB }, \
  { 0x00, 0x80, 0x9E, 0x4F }, \
  { 0x01, 0x00, 0x70, 0x20 }, \
  { 0x00, 0x80, 0x9E, 0x73 }, \
  { 0x20, 0xA0, 0x20, 0x90 }, \
  { 0xFF, 0xFF, 0xFF, 0xFB }, \
  { 0x40, 0xA0, 0x40, 0x93 }, \
  { 0xFF, 0xFF, 0xFF, 0xFB }, \
  { 0x00, 0x82, 0x9E, 0x4F }, \
  { 0x01, 0x00, 0x70, 0x20 }, \
  { 0x00, 0x82, 0x9E, 0x73 }, \
  { 0x80, 0xA0, 0x80, 0x90 }, \
  { 0xFF, 0xFF, 0xFF, 0xFB }, \
  { 0x01, 0xB0, 0x01, 0x93 }, \
  { 0xFF, 0xFF, 0xFF, 0xFB }, \
  { 0x00, 0x84, 0x9E, 0x4F }, \
  { 0x01, 0x00, 0x70, 0x20 }, \
  { 0x00, 0x84, 0x9E, 0x73 }, \
  { 0x02, 0xB0, 0x02, 0x90 }, \
  { 0xFF, 0xFF, 0xFF, 0xFB }, \
  { 0x04, 0xB0, 0x04, 0x90 }, \
  { 0xFF, 0xFF, 0xFF, 0xFB }, \
  { 0x08, 0xB0, 0x08, 0x90 }, \
  { 0xFF, 0xFF, 0xFF, 0xFB }, \
  { 0x10, 0xB0, 0x10, 0x90 }, \
  { 0xFF, 0xFF, 0xFF, 0xFB }, \
  { 0x20, 0xB0, 0x20, 0x90 }, \
  { 0xFF, 0xFF, 0xFF, 0xFB }, \
  { 0x40, 0xB0, 0x40, 0x90 }, \
  { 0xFF, 0xFF, 0xFF, 0xFB }, \
  { 0xFF, 0xFF, 0xFF, 0xFB }, \
  { 0xFF, 0xFF, 0xFF, 0x8F }, \
  { 0xFF, 0xFF, 0x79, 0x2A }, \
  { 0x01, 0x00, 0x72, 0x29 }, \
  { 0xF9, 0xFF, 0x72, 0x3B }, \
  { 0xFF, 0x72, 0x70, 0x37 }, \
  { 0x06, 0xA8, 0x9E, 0x4F }, \
  { 0x07, 0xA9, 0x9E, 0x4F }, \
  { 0xF0, 0xF6, 0xF6, 0x2F }, \
  { 0x06, 0xA8, 0x9E, 0x73 }, \
  { 0x07, 0xA9, 0x9E, 0x73 }, \
  { 0xFF, 0xFF, 0xFF, 0x8F }, \
  { 0x80, 0x14, 0xFF, 0x04 }, \
  { 0x80, 0x42, 0xFF, 0x04 }, \
  { 0x01, 0x00, 0x75, 0x20 }, \
  { 0xF4, 0xF5, 0x79, 0x26 }, \
  { 0x02, 0x00, 0xFE, 0xC1 }, \
  { 0x80, 0x48, 0xFF, 0x04 }, \
  { 0xFF, 0xFF, 0xFF, 0x8F }, \
  { 0xFF, 0xFF, 0xFF, 0xFC }, \
  { 0x0A, 0x85, 0x70, 0x4F }, \
  { 0x0B, 0x86, 0x70, 0x4F }, \
  { 0xFA, 0xFF, 0xFE, 0xC3 }, \
  { 0xF5, 0x12, 0x88, 0x40 }, \
  { 0xF6, 0x08, 0x88, 0x40 }, \
  { 0xF5, 0xF6, 0x77, 0x22 }, \
  { 0x01, 0x71, 0x01, 0x91 }, \
  { 0x00, 0x47, 0xDC, 0x51 }, \
  { 0x00, 0x47, 0xD8, 0x51 }, \
  { 0xFF, 0xFF, 0xFF, 0xFC }, \
  { 0xAC, 0xB5, 0xFF, 0x9B }, \
  { 0xFF, 0xFF, 0xFF, 0x8F }, \
  { 0xB8, 0xB5, 0xFF, 0x9B }, \
  { 0xFF, 0xFF, 0xFF, 0x8F }, \
  { 0xE8, 0xB5, 0xFF, 0x9B }, \
  { 0xFF, 0xFF, 0xFF, 0x8F }, \
  { 0x18, 0xB6, 0xFF, 0x9B }, \
  { 0xFF, 0xFF, 0xFF, 0x8F }, \
  { 0x2C, 0xB6, 0xFF, 0x9B }, \
  { 0xFF, 0xFF, 0xFF, 0x8F }, \
  { 0x5C, 0xB6, 0xFF, 0x9B }, \
  { 0xFF, 0xFF, 0xFF, 0x8F }, \
  { 0x70, 0xB6, 0xFF, 0x9B }, \
  { 0xFF, 0xFF, 0xFF, 0x8F }, \
  { 0x7C, 0xB6, 0xFF, 0x9B }, \
  { 0xFF, 0xFF, 0xFF, 0x8F }, \
  { 0x88, 0xB6, 0xFF, 0x9B }, \
  { 0xFF, 0xFF, 0xFF, 0x8F }, \
  { 0x9C, 0xB6, 0xFF, 0x9B }, \
  { 0xFF, 0xFF, 0xFF, 0x8F }, \
  { 0xAC, 0xB6, 0xFF, 0x9B }, \
  { 0xFF, 0xFF, 0xFF, 0x8F }, \
  { 0xCC, 0xB6, 0xFF, 0x9B }, \
  { 0xFF, 0xFF, 0xFF, 0x8F }, \
  { 0xD8, 0xB6, 0xFF, 0x9B }, \
  { 0xFF, 0xFF, 0xFF, 0x8F }, \
  { 0xEC, 0xB6, 0xFF, 0x9B }, \
  { 0xFF, 0xFF, 0xFF, 0x8F }, \
  { 0xF8, 0xB6, 0xFF, 0x9B }, \
  { 0xFF, 0xFF, 0xFF, 0x8F }, \
  { 0xF0, 0xFF, 0xF4, 0xA3 }, \
  { 0x04, 0x00, 0x70, 0x21 }, \
  { 0x62, 0xF2, 0xF6, 0xB9 }, \
  { 0x3C, 0x50, 0xFF, 0x83 }, \
  { 0x08, 0x00, 0x00, 0xA0 }, \
  { 0x00, 0xA0, 0x00, 0x00 }, \
  { 0x64, 0x00, 0x00, 0x01 }, \
  { 0x00, 0x01, 0x00, 0x00 }, \
  { 0x1C, 0x03, 0x04, 0x04 }, \
  { 0x00, 0x04, 0x00, 0x00 }, \
  { 0x62, 0x00, 0x00, 0x02 }, \
  { 0x00, 0x02, 0x00, 0x00 }, \
  { 0xFF, 0xFF, 0xFF, 0xFF }, \
  { 0x08, 0x00, 0x00, 0xA0 }, \
  { 0x00, 0xA0, 0x00, 0x00 }, \
  { 0x64, 0x00, 0x00, 0x01 }, \
  { 0x00, 0x01, 0x00, 0x00 }, \
  { 0x73, 0x08, 0x04, 0x04 }, \
  { 0x00, 0x04, 0x00, 0x00 }, \
  { 0x62, 0x00, 0x00, 0x02 }, \
  { 0x00, 0x02, 0x00, 0x00 }, \
  { 0xFF, 0xFF, 0xFF, 0xFF }, \
  { 0x08, 0x00, 0x00, 0xA0 }, \
  { 0x00, 0xA0, 0x00, 0x00 }, \
  { 0x64, 0x00, 0x00, 0x01 }, \
  { 0x00, 0x01, 0x00, 0x00 }, \
  { 0x76, 0x02, 0x08, 0x08 }, \
  { 0x00, 0x08, 0x00, 0x00 }, \
  { 0x62, 0x00, 0x00, 0x02 }, \
  { 0x00, 0x02, 0x00, 0x00 }, \
  { 0xFF, 0xFF, 0xFF, 0xFF }, \
  { 0x08, 0x00, 0x00, 0xA0 }, \
  { 0x00, 0xA0, 0x00, 0x00 }, \
  { 0x64, 0x00, 0x00, 0x01 }, \
  { 0x00, 0x01, 0x00, 0x00 }, \
  { 0x8F, 0x01, 0x00, 0x00 }, \
  { 0x01, 0x01, 0x00, 0x00 }, \
  { 0x62, 0x00, 0x00, 0x02 }, \
  { 0x00, 0x02, 0x00, 0x00 }, \
  { 0xFF, 0xFF, 0xFF, 0xFF }, \
  { 0xFF, 0xFF, 0xFF, 0xFF }, \
  { 0xFF, 0xFF, 0xFF, 0xFF }, \
  { 0xFF, 0xFF, 0xFF, 0xFF }, \
  { 0xFF, 0xFF, 0xFF, 0xFF }, \
  { 0xFF, 0xFF, 0xFF, 0xFF }, \
  { 0xFF, 0xFF, 0xFF, 0xFF }, \
  { 0xFF, 0xFF, 0xFF, 0xFF }, \
  { 0xFF, 0xFF, 0xFF, 0xFF }, \
  { 0xFF, 0xFF, 0xFF, 0xFF }, \
  { 0xFF, 0xFF, 0xFF, 0xFF }, \
  { 0xFF, 0xFF, 0xFF, 0xFF }, \
  { 0xFF, 0xFF, 0xFF, 0xFF }, \
  { 0xFF, 0xFF, 0xFF, 0xFF }, \
  { 0xFF, 0xFF, 0xFF, 0xFF }, \
  { 0xFF, 0xFF, 0xFF, 0xFF }, \
  { 0xFF, 0xFF, 0xFF, 0xFF }, \
  { 0xFF, 0xFF, 0xFF, 0xFF }, \
  { 0xFF, 0xFF, 0xFF, 0xFF }, \
  { 0xFF, 0xFF, 0xFF, 0xFF }, \
  { 0xFF, 0xFF, 0xFF, 0xFF }, \
  { 0xFF, 0xFF, 0xFF, 0xFF }, \
  { 0xFF, 0xFF, 0xFF, 0xFF }, \
  { 0xFF, 0xFF, 0xFF, 0xFF }, \
  { 0xFF, 0xFF, 0xFF, 0xFF }, \
  { 0xFF, 0xFF, 0xFF, 0xFF }, \
  { 0xFF, 0xFF, 0xFF, 0xFF }, \
  { 0xFF, 0xFF, 0xFF, 0xFF }, \
  { 0xFF, 0xFF, 0xFF, 0xFF }, \
  { 0xFF, 0xFF, 0xFF, 0xFF }, \
  { 0xFF, 0xFF, 0xFF, 0xFF }, \
  { 0xFF, 0xFF, 0xFF, 0xFF }, \
  { 0xFF, 0xFF, 0xFF, 0xFF }, \
  { 0xFF, 0xFF, 0xFF, 0xFF }, \
  { 0xFF, 0xFF, 0xFF, 0xFF }, \
  { 0xFF, 0xFF, 0xFF, 0xFF }, \
  { 0xFF, 0xFF, 0xFF, 0xFF }, \
  { 0xFF, 0xFF, 0xFF, 0xFF }, \
  { 0xFF, 0xFF, 0xFF, 0xFF }, \
  { 0xFF, 0xFF, 0xFF, 0xFF }, \
  { 0xFF, 0xFF, 0xFF, 0xFF }, \
  { 0xFF, 0xFF, 0xFF, 0xFF }, \
  { 0xFF, 0xFF, 0xFF, 0xFF }, \
  { 0xFF, 0xFF, 0xFF, 0xFF }, \
  { 0xFF, 0xFF, 0xFF, 0xFF }, \
  { 0xFF, 0xFF, 0xFF, 0xFF }, \
  { 0xFF, 0xFF, 0xFF, 0xFF }, \
  { 0xFF, 0xFF, 0xFF, 0xFF }, \
  { 0xFF, 0xFF, 0xFF, 0xFF }, \
  { 0xFF, 0xFF, 0xFF, 0xFF }, \
  { 0xFF, 0xFF, 0xFF, 0xFF }, \
  { 0xFF, 0xFF, 0xFF, 0xFF }, \
  { 0xFF, 0xFF, 0xFF, 0xFF }, \
  { 0xFF, 0xFF, 0xFF, 0xFF }, \
  { 0xFF, 0xFF, 0xFF, 0xFF }, \
  { 0xFF, 0xFF, 0xFF, 0xFF }, \
  { 0xFF, 0xFF, 0xFF, 0xFF }, \
  { 0xFF, 0xFF, 0xFF, 0xFF }, \
  { 0xFF, 0xFF, 0xFF, 0xFF }, \
  { 0xFF, 0xFF, 0xFF, 0xFF }, \
  { 0xFF, 0xFF, 0xFF, 0xFF }, \
  { 0xFF, 0xFF, 0xFF, 0xFF }, \
  { 0xFF, 0xFF, 0xFF, 0xFF }, \
  { 0xFF, 0xFF, 0xFF, 0xFF }, \
  { 0xFF, 0xFF, 0xFF, 0xFF }, \
  { 0xFF, 0xFF, 0xFF, 0xFF }, \
  { 0xFF, 0xFF, 0xFF, 0xFF }, \
  { 0xFF, 0xFF, 0xFF, 0xFF }, \
  { 0xFF, 0xFF, 0xFF, 0xFF }, \
  { 0xFF, 0xFF, 0xFF, 0xFF }, \
  { 0xFF, 0xFF, 0xFF, 0xFF }, \
  { 0xFF, 0xFF, 0xFF, 0xFF }, \
  { 0xFF, 0xFF, 0xFF, 0xFF }, \
  { 0xFF, 0xFF, 0xFF, 0xFF }, \
  { 0xFF, 0xFF, 0xFF, 0xFF }, \
  { 0xFF, 0xFF, 0xFF, 0xFF }, \
  { 0xFF, 0xFF, 0xFF, 0xFF }, \
  { 0xFF, 0xFF, 0xFF, 0xFF }, \
  { 0xFF, 0xFF, 0xFF, 0xFF }, \
  { 0xFF, 0xFF, 0xFF, 0xFF }, \
  { 0xFF, 0xFF, 0xFF, 0xFF }, \
  { 0xFF, 0xFF, 0xFF, 0xFF }, \
  { 0xFF, 0xFF, 0xFF, 0xFF }, \
  { 0xFF, 0xFF, 0xFF, 0xFF }, \
  { 0xFF, 0xFF, 0xFF, 0xFF }, \
  { 0xFF, 0xFF, 0xFF, 0xFF }, \
  { 0xFF, 0xFF, 0xFF, 0xFF }, \
  { 0xFF, 0xFF, 0xFF, 0xFF }, \
  { 0xFF, 0xFF, 0xFF, 0xFF }, \
  { 0xFF, 0xFF, 0xFF, 0xFF }, \
  { 0xFF, 0xFF, 0xFF, 0xFF }, \
  { 0xFF, 0xFF, 0xFF, 0xFF }, \
  { 0xFF, 0xFF, 0xFF, 0xFF }, \
  { 0xFF, 0xFF, 0xFF, 0xFF }, \
  { 0xFF, 0xFF, 0xFF, 0xFF }, \
  { 0xFF, 0xFF, 0xFF, 0xFF }, \
  { 0xFF, 0xFF, 0xFF, 0xFF }, \
  { 0xFF, 0xFF, 0xFF, 0xFF }, \
  { 0xFF, 0xFF, 0xFF, 0xFF }, \
  { 0xFF, 0xFF, 0xFF, 0xFF }, \
  { 0xFF, 0xFF, 0xFF, 0xFF }, \
  { 0xFF, 0xFF, 0xFF, 0xFF }, \
  { 0xFF, 0xFF, 0xFF, 0xFF }, \
  { 0xFF, 0xFF, 0xFF, 0xFF }, \
  { 0xFF, 0xFF, 0xFF, 0xFF }, \
  { 0xFF, 0xFF, 0xFF, 0xFF }, \
  { 0xFF, 0xFF, 0xFF, 0xFF }, \
  { 0xFF, 0xFF, 0xFF, 0xFF }, \
  { 0xFF, 0xFF, 0xFF, 0xFF }, \
  { 0xFF, 0xFF, 0xFF, 0xFF }, \
  { 0xFF, 0xFF, 0xFF, 0xFF }, \
  { 0xFF, 0xFF, 0xFF, 0xFF }, \
  { 0xFF, 0xFF, 0xFF, 0xFF }, \
  { 0xFF, 0xFF, 0xFF, 0xFF }, \
  { 0xFF, 0xFF, 0xFF, 0xFF }, \
  { 0xFF, 0xFF, 0xFF, 0xFF }, \
  { 0xFF, 0xFF, 0xFF, 0xFF }, \
  { 0xFF, 0xFF, 0xFF, 0xFF }, \
  { 0xFF, 0xFF, 0xFF, 0xFF }, \
  { 0xFF, 0xFF, 0xFF, 0xFF }, \
  { 0xFF, 0xFF, 0xFF, 0xFF }, \
  { 0xFF, 0xFF, 0xFF, 0xFF }, \
  { 0xFF, 0xFF, 0xFF, 0xFF }, \
  { 0xFF, 0xFF, 0xFF, 0xFF }, \
  { 0xFF, 0xFF, 0xFF, 0xFF }, \
  { 0xFF, 0xFF, 0xFF, 0xFF }, \
  { 0xFF, 0xFF, 0xFF, 0xFF }, \
  { 0xFF, 0xFF, 0xFF, 0xFF }, \
  { 0xFF, 0xFF, 0xFF, 0xFF }, \
  { 0xFF, 0xFF, 0xFF, 0xFF }, \
  { 0xFF, 0xFF, 0xFF, 0xFF }, \
  { 0xFF, 0xFF, 0xFF, 0xFF }, \
  { 0xFF, 0xFF, 0xFF, 0xFF }, \
  { 0xFF, 0xFF, 0xFF, 0xFF }, \
  { 0xFF, 0xFF, 0xFF, 0xFF }, \
  { 0xFF, 0xFF, 0xFF, 0xFF }, \
  { 0xFF, 0xFF, 0xFF, 0xFF }, \
  { 0xFF, 0xFF, 0xFF, 0xFF }, \
  { 0xFF, 0xFF, 0xFF, 0xFF }, \
  { 0xFF, 0xFF, 0xFF, 0xFF }, \
  { 0xFF, 0xFF, 0xFF, 0xFF }, \
  { 0xFF, 0xFF, 0xFF, 0xFF }, \
  { 0xFF, 0xFF, 0xFF, 0xFF }, \
  { 0xFF, 0xFF, 0xFF, 0xFF }, \
  { 0xFF, 0xFF, 0xFF, 0xFF }, \
  { 0xFF, 0xFF, 0xFF, 0xFF }, \
  { 0xFF, 0xFF, 0xFF, 0xFF }, \
  { 0xFF, 0xFF, 0xFF, 0xFF }, \
  { 0xFF, 0xFF, 0xFF, 0xFF }, \
  { 0xFF, 0xFF, 0xFF, 0xFF }, \
  { 0xFF, 0xFF, 0xFF, 0xFF }, \
  { 0xFF, 0xFF, 0xFF, 0xFF }, \
  { 0xFF, 0xFF, 0xFF, 0xFF }, \
  { 0xFF, 0xFF, 0xFF, 0xFF }, \
  { 0xFF, 0xFF, 0xFF, 0xFF }, \
  { 0xFF, 0xFF, 0xFF, 0xFF }, \
  { 0xFF, 0xFF, 0xFF, 0xFF }, \
  { 0xFF, 0xFF, 0xFF, 0xFF }, \
  { 0xFF, 0xFF, 0xFF, 0xFF }, \
  { 0xFF, 0xFF, 0xFF, 0xFF }, \
  { 0xFF, 0xFF, 0xFF, 0xFF }, \
  { 0xFF, 0xFF, 0xFF, 0xFF }, \
  { 0xFF, 0xFF, 0xFF, 0xFF }, \
  { 0xFF, 0xFF, 0xFF, 0xFF }, \
  { 0xFF, 0xFF, 0xFF, 0xFF }, \
  { 0xFF, 0xFF, 0xFF, 0xFF }, \
  { 0xFF, 0xFF, 0xFF, 0xFF }, \
  { 0xFF, 0xFF, 0xFF, 0xFF }, \
  { 0xFF, 0xFF, 0xFF, 0xFF }, \
  { 0xFF, 0xFF, 0xFF, 0xFF }, \
  { 0xFF, 0xFF, 0xFF, 0xFF }, \
  { 0xFF, 0xFF, 0xFF, 0xFF }, \
  { 0xFF, 0xFF, 0xFF, 0xFF }, \
  { 0xFF, 0xFF, 0xFF, 0xFF }, \
  { 0xFF, 0xFF, 0xFF, 0xFF }, \
  { 0xFF, 0xFF, 0xFF, 0xFF }, \
  { 0xFF, 0xFF, 0xFF, 0xFF }, \
  { 0xFF, 0xFF, 0xFF, 0xFF }, \
  { 0xFF, 0xFF, 0xFF, 0xFF }, \
  { 0xFF, 0xFF, 0xFF, 0xFF }, \
  { 0xFF, 0xFF, 0xFF, 0xFF }, \
  { 0xFF, 0xFF, 0xFF, 0xFF }, \
  { 0xFF, 0xFF, 0xFF, 0xFF }, \
  { 0xFF, 0xFF, 0xFF, 0xFF }, \
  { 0xFF, 0xFF, 0xFF, 0xFF }, \
  { 0xFF, 0xFF, 0xFF, 0xFF }, \
  { 0xFF, 0xFF, 0xFF, 0xFF }, \
  { 0xFF, 0xFF, 0xFF, 0xFF }, \
  { 0xFF, 0xFF, 0xFF, 0xFF }, \
  { 0xFF, 0xFF, 0xFF, 0xFF }, \
  { 0xFF, 0xFF, 0xFF, 0xFF }, \
  { 0xFF, 0xFF, 0xFF, 0xFF }, \
  { 0xFF, 0xFF, 0xFF, 0xFF }, \
  { 0xFF, 0xFF, 0xFF, 0xFF }, \
  { 0xFF, 0xFF, 0xFF, 0xFF }, \
  { 0xFF, 0xFF, 0xFF, 0xFF }, \
  { 0xFF, 0xFF, 0xFF, 0xFF }, \
  { 0xFF, 0xFF, 0xFF, 0xFF }, \
  { 0xFF, 0xFF, 0xFF, 0xFF }, \
  { 0xFF, 0xFF, 0xFF, 0xFF }, \
  { 0xFF, 0xFF, 0xFF, 0xFF }, \
  { 0xFF, 0xFF, 0xFF, 0xFF }, \
  { 0xFF, 0xFF, 0xFF, 0xFF }, \
  { 0xFF, 0xFF, 0xFF, 0xFF }, \
  { 0xFF, 0xFF, 0xFF, 0xFF }, \
  { 0xFF, 0xFF, 0xFF, 0xFF }, \
  { 0xFF, 0xFF, 0xFF, 0xFF }, \
  { 0xFF, 0xFF, 0xFF, 0xFF }, \
  { 0xFF, 0xFF, 0xFF, 0xFF }, \
  { 0xFF, 0xFF, 0xFF, 0xFF }, \
  { 0xFF, 0xFF, 0xFF, 0xFF }, \
  { 0xFF, 0xFF, 0xFF, 0xFF }, \
  { 0xFF, 0xFF, 0xFF, 0xFF }, \
  { 0xFF, 0xFF, 0xFF, 0xFF }, \
  { 0xFF, 0xFF, 0xFF, 0xFF }, \
  { 0xFF, 0xFF, 0xFF, 0xFF }, \
  { 0xFF, 0xFF, 0xFF, 0xFF }, \
  { 0xFF, 0xFF, 0xFF, 0xFF }, \
  { 0xFF, 0xFF, 0xFF, 0xFF }, \
  { 0xFF, 0xFF, 0xFF, 0xFF }, \
  { 0xFF, 0xFF, 0xFF, 0xFF }, \
  { 0xFF, 0xFF, 0xFF, 0xFF }, \
  { 0xFF, 0xFF, 0xFF, 0xFF }, \
  { 0xFF, 0xFF, 0xFF, 0xFF }, \
  { 0xFF, 0xFF, 0xFF, 0xFF }, \
  { 0xFF, 0xFF, 0xFF, 0xFF }, \
  { 0xFF, 0xFF, 0xFF, 0xFF }, \
  { 0xFF, 0xFF, 0xFF, 0xFF }, \
  { 0xFF, 0xFF, 0xFF, 0xFF }, \
  { 0xFF, 0xFF, 0xFF, 0xFF }, \
  { 0xFF, 0xFF, 0xFF, 0xFF }, \
  { 0xFF, 0xFF, 0xFF, 0xFF }, \
  { 0xFF, 0xFF, 0xFF, 0xFF }, \
  { 0xFF, 0xFF, 0xFF, 0xFF }, \
  { 0xFF, 0xFF, 0xFF, 0xFF }, \
  { 0xFF, 0xFF, 0xFF, 0xFF }, \
  { 0xFF, 0xFF, 0xFF, 0xFF }, \
  { 0xFF, 0xFF, 0xFF, 0xFF }, \
  { 0xFF, 0xFF, 0xFF, 0xFF }, \
  { 0xFF, 0xFF, 0xFF, 0xFF }, \
  { 0xFF, 0xFF, 0xFF, 0xFF }, \
  { 0xFF, 0xFF, 0xFF, 0xFF }, \
  { 0xFF, 0xFF, 0xFF, 0xFF }, \
  { 0xFF, 0xFF, 0xFF, 0xFF }, \
  { 0xFF, 0xFF, 0xFF, 0xFF }, \
  { 0xFF, 0xFF, 0xFF, 0xFF }, \
  { 0xFF, 0xFF, 0xFF, 0xFF }, \
  { 0xFF, 0xFF, 0xFF, 0xFF }, \
  { 0xFF, 0xFF, 0xFF, 0xFF }, \
  { 0xFF, 0xFF, 0xFF, 0xFF }, \
  { 0xFF, 0xFF, 0xFF, 0xFF }, \
  { 0xFF, 0xFF, 0xFF, 0xFF }, \
  { 0xFF, 0xFF, 0xFF, 0xFF }, \
  { 0xFF, 0xFF, 0xFF, 0xFF }, \
  { 0xFF, 0xFF, 0xFF, 0xFF }, \
  { 0xFF, 0xFF, 0xFF, 0xFF }, \
  { 0xFF, 0xFF, 0xFF, 0xFF }, \
  { 0xFF, 0xFF, 0xFF, 0xFF }, \
  { 0xFF, 0xFF, 0xFF, 0xFF }, \
  { 0xFF, 0xFF, 0xFF, 0xFF }, \
  { 0xFF, 0xFF, 0xFF, 0xFF }, \
  { 0xFF, 0xFF, 0xFF, 0xFF }, \
  { 0xFF, 0xFF, 0xFF, 0xFF }, \
  { 0xFF, 0xFF, 0xFF, 0xFF }, \
  { 0xFF, 0xFF, 0xFF, 0xFF }, \
  { 0xFF, 0xFF, 0xFF, 0xFF }, \
  { 0x00, 0xC0, 0xFF, 0xD9 }, \
  { 0xF8, 0xFF, 0x7E, 0xA3 }, \
  { 0xFF, 0xF2, 0x70, 0x2A }, \
  { 0x02, 0x4A, 0xFF, 0x04 }, \
  { 0x34, 0x55, 0xFF, 0x9B }, \
  { 0xFF, 0xF3, 0x70, 0x2A }, \
  { 0x02, 0x4A, 0xFF, 0x04 }, \
  { 0x34, 0x55, 0xFF, 0x9B }, \
  { 0x00, 0x54, 0x51, 0x4F }, \
  { 0x02, 0x4A, 0xFF, 0x04 }, \
  { 0x34, 0x55, 0xFF, 0x9B }, \
  { 0x00, 0xC0, 0xFF, 0xDB }, \
  { 0xFF, 0xFF, 0xFF, 0x8F }, \
  { 0xFE, 0x3F, 0xFF, 0xD9 }, \
  { 0xF1, 0x45, 0xFF, 0x44 }, \
  { 0xF2, 0x46, 0xFF, 0x44 }, \
  { 0xF3, 0x47, 0xFF, 0x44 }, \
  { 0xF4, 0x48, 0xFF, 0x44 }, \
  { 0xF5, 0x49, 0xFF, 0x44 }, \
  { 0xF6, 0x4A, 0xFF, 0x44 }, \
  { 0x01, 0x61, 0x01, 0xB7 }, \
  { 0xFF, 0xFE, 0x77, 0x2A }, \
  { 0xFE, 0xF3, 0x7E, 0x22 }, \
  { 0xF0, 0xF2, 0xFF, 0x0E }, \
  { 0x01, 0x00, 0x72, 0x20 }, \
  { 0xC0, 0x00, 0x7C, 0x28 }, \
  { 0xAC, 0x55, 0x7A, 0x29 }, \
  { 0xC2, 0xA1, 0xFF, 0xAE }, \
  { 0xFF, 0xF7, 0x7E, 0x2A }, \
  { 0xF2, 0x46, 0xFF, 0x0C }, \
  { 0xF3, 0x47, 0xFF, 0x0C }, \
  { 0x01, 0x00, 0x78, 0x28 }, \
  { 0x98, 0x55, 0x7A, 0x29 }, \
  { 0x53, 0xA1, 0xFF, 0xAE }, \
  { 0x01, 0x00, 0xF6, 0x2C }, \
  { 0xF6, 0x4A, 0xFF, 0x0C }, \
  { 0xFE, 0x3F, 0xFF, 0xDB }, \
  { 0xFF, 0xFF, 0xFF, 0x8F }, \
  { 0xA4, 0x55, 0x7A, 0x29 }, \
  { 0x42, 0xA1, 0xFF, 0xAE }, \
  { 0xFF, 0xFF, 0xFF, 0x8F }, \
  { 0xF6, 0xF8, 0xF6, 0x32 }, \
  { 0xFF, 0xFF, 0xFF, 0x8F }, \
  { 0x4B, 0x00, 0x72, 0x28 }, \
  { 0x01, 0x00, 0x73, 0x20 }, \
  { 0xC0, 0x55, 0x7A, 0x29 }, \
  { 0x13, 0xA5, 0xFF, 0xAE }, \
  { 0xFF, 0xFF, 0xFF, 0x8F }, \
  { 0x00, 0x00, 0x73, 0x28 }, \
  { 0xFF, 0xFF, 0xFF, 0x8F }, \
  { 0xFF, 0xFF, 0xFF, 0xFB }, \
  { 0xFF, 0xFF, 0xFF, 0xFB }, \
  { 0xFF, 0xFF, 0xFF, 0xFB }, \
  { 0x00, 0x00, 0x72, 0x29 }, \
  { 0xF4, 0xFF, 0x7E, 0xA3 }, \
  { 0x01, 0x00, 0x7E, 0x20 }, \
  { 0xFF, 0xFE, 0x73, 0x2A }, \
  { 0xF2, 0x0A, 0xFF, 0x44 }, \
  { 0x00, 0x00, 0x76, 0x29 }, \
  { 0xF2, 0xFF, 0x76, 0xBF }, \
  { 0xF6, 0x48, 0xFF, 0x0C }, \
  { 0x50, 0x00, 0x78, 0x28 }, \
  { 0x19, 0xE1, 0xFF, 0x94 }, \
  { 0x10, 0x00, 0x78, 0x20 }, \
  { 0x1D, 0xE1, 0xFF, 0x92 }, \
  { 0x10, 0x00, 0x78, 0x20 }, \
  { 0x21, 0xE1, 0xFF, 0x90 }, \
  { 0xFF, 0xFF, 0xFF, 0xFC }, \
  { 0xF7, 0xF8, 0x78, 0x22 }, \
  { 0x83, 0x00, 0x7E, 0x28 }, \
  { 0xF2, 0xF8, 0xFF, 0x46 }, \
  { 0x00, 0xF8, 0xFF, 0x06 }, \
  { 0x38, 0x00, 0xFF, 0x9B }, \
  { 0xF4, 0xFF, 0xFF, 0x9F }, \
  { 0xFF, 0xFF, 0xFF, 0xFB }, \
  { 0xFF, 0xFF, 0xFF, 0xFB }, \
  { 0xFF, 0xFF, 0xFF, 0xFB }, \
  { 0xFF, 0xFF, 0xFF, 0xFB }, \
  { 0xFF, 0xFF, 0xFF, 0xFC }, \
  { 0x00, 0x46, 0x07, 0x50 }, \
  { 0x00, 0x00, 0x70, 0x28 }, \
  { 0x02, 0x4B, 0x70, 0x50 }, \
  { 0x00, 0x0A, 0x09, 0x4F }, \
  { 0x01, 0x01, 0xFF, 0xB7 }, \
  { 0x02, 0xE5, 0x07, 0x50 }, \
  { 0x80, 0x46, 0x07, 0x50 }, \
  { 0x00, 0x4B, 0x70, 0x50 }, \
  { 0x9E, 0x00, 0xFF, 0xC1 }, \
  { 0x20, 0x05, 0x01, 0x4F }, \
  { 0x2E, 0x01, 0xFF, 0x93 }, \
  { 0x40, 0x80, 0x08, 0x52 }, \
  { 0x00, 0x4F, 0x08, 0x52 }, \
  { 0xC4, 0x00, 0xFF, 0xC1 }, \
  { 0x84, 0x56, 0xFF, 0x83 }, \
  { 0xC4, 0x00, 0xFF, 0xC1 }, \
  { 0x09, 0x51, 0x06, 0x52 }, \
  { 0x08, 0x50, 0x06, 0x52 }, \
  { 0x98, 0x56, 0xFF, 0x9B }, \
  { 0xBC, 0x56, 0xFF, 0x9B }, \
  { 0x01, 0x57, 0x06, 0x5E }, \
  { 0x01, 0x00, 0xFF, 0xC1 }, \
  { 0xFF, 0xFF, 0xFF, 0x8F }, \
  { 0x00, 0x46, 0xB2, 0x50 }, \
  { 0x01, 0x40, 0xB2, 0x50 }, \
  { 0x80, 0x44, 0xB2, 0x50 }, \
  { 0x01, 0xDA, 0xB2, 0x50 }, \
  { 0x03, 0x45, 0xB2, 0x50 }, \
  { 0x80, 0x46, 0xB2, 0x50 }, \
  { 0x21, 0x00, 0xFF, 0xC1 }, \
  { 0x44, 0xF1, 0x06, 0x5C }, \
  { 0xFF, 0xFF, 0xFF, 0x8F }, \
  { 0x10, 0x16, 0x09, 0x54 }, \
  { 0x10, 0x12, 0x09, 0x54 }, \
  { 0x02, 0x1A, 0x09, 0x54 }, \
  { 0x10, 0x14, 0x09, 0x54 }, \
  { 0x10, 0x15, 0x09, 0x54 }, \
  { 0x80, 0x46, 0x05, 0x54 }, \
  { 0xFF, 0xFF, 0xFF, 0x8F }, \
  { 0xFF, 0xFF, 0xFF, 0xFB }, \
  { 0x00, 0x07, 0x08, 0x4F }, \
  { 0x80, 0x00, 0x80, 0x90 }, \
  { 0x00, 0x46, 0x9F, 0x50 }, \
  { 0x00, 0x46, 0x70, 0x50 }, \
  { 0x00, 0x03, 0x01, 0x4F }, \
  { 0x01, 0x05, 0xFF, 0x92 }, \
  { 0x00, 0x07, 0x08, 0x4F }, \
  { 0x80, 0x01, 0x80, 0x95 }, \
  { 0xFF, 0xFF, 0xFF, 0x8F }, \
  { 0x00, 0x53, 0x0E, 0x4F }, \
  { 0x00, 0x01, 0x01, 0x92 }, \
  { 0x00, 0x09, 0x08, 0x4F }, \
  { 0x00, 0x01, 0xFF, 0x90 }, \
  { 0xFF, 0xFF, 0xFF, 0x8F }, \
  { 0x00, 0x88, 0x70, 0x4F }, \
  { 0x01, 0x89, 0x70, 0x4F }, \
  { 0x00, 0x60, 0x01, 0x73 }, \
  { 0x01, 0x61, 0x01, 0x73 }, \
  { 0x00, 0x87, 0x70, 0x4F }, \
  { 0x00, 0x50, 0x1F, 0x73 }, \
  { 0x70, 0x00, 0x7E, 0x29 }, \
  { 0x40, 0x00, 0x70, 0x28 }, \
  { 0x9F, 0xE5, 0xFF, 0x96 }, \
  { 0x00, 0xF0, 0xFF, 0x07 }, \
  { 0x02, 0x00, 0x70, 0x20 }, \
  { 0xBE, 0x05, 0xFF, 0x90 }, \
  { 0x38, 0x57, 0xFF, 0x83 }, \
  { 0x01, 0x00, 0x7E, 0x21 }, \
  { 0x40, 0x00, 0x70, 0x28 }, \
  { 0x34, 0x57, 0xFF, 0x83 }, \
  { 0x01, 0xC2, 0x04, 0x50 }, \
  { 0x01, 0x45, 0x68, 0x50 }, \
  { 0x01, 0x45, 0x69, 0x50 }, \
  { 0x01, 0x45, 0x6A, 0x50 }, \
  { 0x01, 0x45, 0x6B, 0x50 }, \
  { 0x01, 0x45, 0x6C, 0x50 }, \
  { 0x01, 0x45, 0x6D, 0x50 }, \
  { 0x00, 0x46, 0x70, 0x50 }, \
  { 0x00, 0x45, 0x74, 0x50 }, \
  { 0x4B, 0x46, 0x74, 0x50 }, \
  { 0x00, 0x47, 0x74, 0x50 }, \
  { 0x4B, 0x48, 0x74, 0x50 }, \
  { 0x00, 0x49, 0x74, 0x50 }, \
  { 0x00, 0xDA, 0x74, 0x50 }, \
  { 0x00, 0x45, 0x75, 0x50 }, \
  { 0x4B, 0x46, 0x75, 0x50 }, \
  { 0x00, 0x47, 0x75, 0x50 }, \
  { 0x4B, 0x48, 0x75, 0x50 }, \
  { 0x00, 0x49, 0x75, 0x50 }, \
  { 0x00, 0xDA, 0x75, 0x50 }, \
  { 0x00, 0x45, 0x76, 0x50 }, \
  { 0x4B, 0x46, 0x76, 0x50 }, \
  { 0x00, 0x47, 0x76, 0x50 }, \
  { 0x4B, 0x48, 0x76, 0x50 }, \
  { 0x00, 0x49, 0x76, 0x50 }, \
  { 0x00, 0xDA, 0x76, 0x50 }, \
  { 0x00, 0x45, 0x77, 0x50 }, \
  { 0x4B, 0x46, 0x77, 0x50 }, \
  { 0x00, 0x47, 0x77, 0x50 }, \
  { 0x4B, 0x48, 0x77, 0x50 }, \
  { 0x00, 0x49, 0x77, 0x50 }, \
  { 0x00, 0xDA, 0x77, 0x50 }, \
  { 0x00, 0x60, 0x01, 0x4F }, \
  { 0x01, 0x61, 0x01, 0x4F }, \
  { 0x00, 0x88, 0x70, 0x73 }, \
  { 0x01, 0x89, 0x70, 0x73 }, \
  { 0x00, 0x50, 0x1F, 0x4F }, \
  { 0x00, 0x87, 0x70, 0x73 }, \
  { 0x01, 0x53, 0x0E, 0x50 }, \
  { 0xFF, 0xFF, 0xFF, 0x8F }, \
  { 0xFF, 0xFF, 0xFF, 0xFB }, \
  { 0xFF, 0xFF, 0xFF, 0xFB }, \
  { 0x00, 0x46, 0x07, 0x50 }, \
  { 0xFF, 0xFF, 0xFF, 0xFB }, \
  { 0x03, 0x09, 0x08, 0x4F }, \
  { 0x00, 0x30, 0xFF, 0xB7 }, \
  { 0x03, 0x07, 0x08, 0x4F }, \
  { 0x00, 0x31, 0xFF, 0x90 }, \
  { 0x20, 0x85, 0x72, 0x50 }, \
  { 0x02, 0xCA, 0x08, 0x4F }, \
  { 0x00, 0x21, 0xFF, 0x90 }, \
  { 0x10, 0x85, 0x72, 0x50 }, \
  { 0x0C, 0x00, 0x71, 0x28 }, \
  { 0x03, 0x07, 0x08, 0x4F }, \
  { 0x02, 0xCA, 0x08, 0x4F }, \
  { 0x38, 0x58, 0xFF, 0x9B }, \
  { 0xFF, 0xFF, 0xFF, 0x8F }, \
  { 0xFF, 0xFF, 0xFF, 0xFB }, \
  { 0x01, 0xC0, 0xFF, 0xD9 }, \
  { 0x00, 0x09, 0x08, 0x4F }, \
  { 0x74, 0x00, 0x7E, 0x29 }, \
  { 0x02, 0x4A, 0xFF, 0x04 }, \
  { 0x34, 0x55, 0xFF, 0x9B }, \
  { 0xFF, 0xF1, 0x70, 0x2A }, \
  { 0x02, 0x4A, 0xFF, 0x04 }, \
  { 0x34, 0x55, 0xFF, 0x9B }, \
  { 0xFF, 0xF3, 0x70, 0x2A }, \
  { 0x02, 0x4A, 0xFF, 0x04 }, \
  { 0x34, 0x55, 0xFF, 0x9B }, \
  { 0xFF, 0xF2, 0x70, 0x2A }, \
  { 0x02, 0x4A, 0xFF, 0x04 }, \
  { 0x34, 0x55, 0xFF, 0x9B }, \
  { 0x01, 0xC0, 0xFF, 0xDB }, \
  { 0xFF, 0xFF, 0xFF, 0x8F }, \
  { 0xFF, 0xFF, 0xFF, 0xFB }, \
  { 0x06, 0x09, 0x08, 0x50 }, \
  { 0x09, 0x00, 0x71, 0x28 }, \
  { 0x03, 0xC8, 0x08, 0x4F }, \
  { 0x02, 0xC7, 0x08, 0x4F }, \
  { 0x38, 0x58, 0xFF, 0x9B }, \
  { 0x0A, 0x00, 0x71, 0x28 }, \
  { 0x00, 0x00, 0x73, 0x28 }, \
  { 0x02, 0xC9, 0x08, 0x4F }, \
  { 0x38, 0x58, 0xFF, 0x9B }, \
  { 0xFF, 0xFF, 0xFF, 0x8F }, \
  { 0x00, 0x5C, 0x09, 0x4F }, \
  { 0x01, 0x00, 0x01, 0x92 }, \
  { 0x00, 0x5C, 0x09, 0x4F }, \
  { 0x10, 0x00, 0xF0, 0x30 }, \
  { 0xC4, 0x58, 0xFF, 0x83 }, \
  { 0x00, 0x5C, 0x09, 0x4F }, \
  { 0x0F, 0x00, 0xF0, 0x2C }, \
  { 0x00, 0x5C, 0x09, 0x73 }, \
  { 0xFF, 0xFF, 0xFF, 0x8F }, \
  { 0xFF, 0xFF, 0xFF, 0xFB }, \
  { 0xFF, 0xFF, 0xFF, 0x8F }, \
  { 0xFF, 0xFF, 0xFF, 0xFB }, \
  { 0xFF, 0xFF, 0xFF, 0xFB }, \
  { 0xFF, 0xFF, 0xFF, 0xFB }, \
  { 0x00, 0x4C, 0x70, 0x50 }, \
  { 0x29, 0x45, 0x0E, 0x50 }, \
  { 0x02, 0xE5, 0x07, 0x50 }, \
  { 0x00, 0x07, 0x08, 0x4F }, \
  { 0x80, 0x01, 0x80, 0x91 }, \
  { 0x4D, 0x01, 0xFF, 0xC1 }, \
  { 0xFF, 0xFF, 0xFF, 0x8F }, \
  { 0x00, 0x69, 0x64, 0x4F }, \
  { 0x00, 0x01, 0x01, 0x92 }, \
  { 0x00, 0x69, 0x64, 0x50 }, \
  { 0x0A, 0x00, 0xFE, 0xC1 }, \
  { 0x01, 0x69, 0x64, 0x50 }, \
  { 0x4D, 0x01, 0xFF, 0xC1 }, \
  { 0x00, 0x49, 0x71, 0x50 }, \
  { 0x00, 0x4A, 0x71, 0x50 }, \
  { 0x00, 0x4B, 0x71, 0x50 }, \
  { 0x00, 0x4A, 0x71, 0x50 }, \
  { 0x00, 0x4A, 0x72, 0x50 }, \
  { 0x00, 0x4B, 0x72, 0x50 }, \
  { 0x00, 0x60, 0x72, 0x50 }, \
  { 0x00, 0x61, 0x72, 0x50 }, \
  { 0xFF, 0xFF, 0xFF, 0x8F }, \
  { 0x00, 0x00, 0x70, 0x28 }, \
  { 0x02, 0x4B, 0x70, 0x50 }, \
  { 0x00, 0x0A, 0x09, 0x4F }, \
  { 0x01, 0x01, 0xFF, 0xB7 }, \
  { 0x02, 0xE5, 0x07, 0x50 }, \
  { 0x80, 0x46, 0x07, 0x50 }, \
  { 0x01, 0x57, 0x06, 0x5E }, \
  { 0x00, 0x4B, 0x70, 0x50 }, \
  { 0xFF, 0xFF, 0xFF, 0x8F }, \
  { 0x01, 0x4B, 0x70, 0x4F }, \
  { 0x02, 0x11, 0x02, 0xB7 }, \
  { 0x01, 0xC8, 0x08, 0x4F }, \
  { 0x00, 0x11, 0x08, 0xB7 }, \
  { 0x04, 0x47, 0x70, 0x4F }, \
  { 0x05, 0x48, 0x70, 0x4F }, \
  { 0x01, 0x00, 0x71, 0x28 }, \
  { 0xF1, 0xFF, 0x74, 0x3D }, \
  { 0x01, 0x41, 0x01, 0x92 }, \
  { 0x01, 0x00, 0x71, 0x20 }, \
  { 0x0D, 0x15, 0xFF, 0xB7 }, \
  { 0x78, 0x59, 0xFF, 0x83 }, \
  { 0xFF, 0xF1, 0x7F, 0x2A }, \
  { 0x08, 0x00, 0x7E, 0x28 }, \
  { 0xF2, 0xC7, 0xFF, 0x44 }, \
  { 0xF3, 0xC8, 0xFF, 0x44 }, \
  { 0x0F, 0x00, 0x71, 0x20 }, \
  { 0xC8, 0x59, 0xFF, 0x9B }, \
  { 0x38, 0x58, 0xFF, 0x9B }, \
  { 0x0F, 0x00, 0x71, 0x24 }, \
  { 0x01, 0x00, 0x71, 0x20 }, \
  { 0x0D, 0x15, 0xFF, 0xB7 }, \
  { 0x78, 0x59, 0xFF, 0x83 }, \
  { 0xFF, 0xFF, 0xFF, 0xFB }, \
  { 0xFF, 0xFF, 0xFF, 0xFB }, \
  { 0xFF, 0xFF, 0xFF, 0xFB }, \
  { 0xFF, 0xFF, 0xFF, 0x8F }, \
  { 0x08, 0x31, 0x08, 0xB7 }, \
  { 0x08, 0x67, 0x70, 0x4F }, \
  { 0x00, 0x81, 0x01, 0xB7 }, \
  { 0xFF, 0xFF, 0x78, 0x2A }, \
  { 0x01, 0x00, 0x78, 0x20 }, \
  { 0x20, 0x00, 0xFE, 0xC1 }, \
  { 0x01, 0x00, 0x78, 0x24 }, \
  { 0x00, 0x81, 0xFF, 0x90 }, \
  { 0xDC, 0x59, 0xFF, 0x83 }, \
  { 0xFF, 0xF2, 0x78, 0x2B }, \
  { 0x20, 0x00, 0xFE, 0xC1 }, \
  { 0x0F, 0x00, 0x7A, 0x28 }, \
  { 0x80, 0x91, 0x80, 0x90 }, \
  { 0x80, 0x91, 0x00, 0x94 }, \
  { 0x20, 0x00, 0xFE, 0xC1 }, \
  { 0x01, 0x00, 0x7A, 0x24 }, \
  { 0x00, 0xA1, 0xFF, 0xB7 }, \
  { 0xF1, 0xFF, 0x78, 0x39 }, \
  { 0xF8, 0x59, 0xFF, 0x83 }, \
  { 0x20, 0x00, 0xFE, 0xC1 }, \
  { 0x01, 0x00, 0x7A, 0x24 }, \
  { 0x00, 0xA1, 0xFF, 0xB7 }, \
  { 0xF1, 0xFF, 0x78, 0x39 }, \
  { 0xF8, 0x59, 0xFF, 0x83 }, \
  { 0xFF, 0xFF, 0xFF, 0xFB }, \
  { 0x10, 0x84, 0x08, 0x4F }, \
  { 0x7F, 0x00, 0xF0, 0x2C }, \
  { 0x10, 0x84, 0x08, 0x73 }, \
  { 0x08, 0x0E, 0x7E, 0x29 }, \
  { 0xF0, 0x84, 0xFF, 0x0C }, \
  { 0x10, 0x86, 0x08, 0x4F }, \
  { 0x7F, 0x00, 0xF0, 0x2C }, \
  { 0x08, 0x0E, 0x7E, 0x29 }, \
  { 0xF0, 0x86, 0xFF, 0x0C }, \
  { 0x10, 0x86, 0x08, 0x73 }, \
  { 0x05, 0x5B, 0x09, 0x4F }, \
  { 0xF0, 0x51, 0xFF, 0x96 }, \
  { 0x16, 0x04, 0x01, 0x4F }, \
  { 0x00, 0x61, 0xFF, 0x94 }, \
  { 0x16, 0xC7, 0x08, 0x4F }, \
  { 0x17, 0xC8, 0x08, 0x4F }, \
  { 0xF6, 0xF7, 0xF6, 0x32 }, \
  { 0x40, 0x61, 0x40, 0x90 }, \
  { 0x7C, 0x5A, 0xFF, 0x83 }, \
  { 0xA0, 0x5A, 0xFF, 0x83 }, \
  { 0x08, 0xBE, 0x9E, 0x4F }, \
  { 0x01, 0x80, 0x01, 0x91 }, \
  { 0x01, 0xB4, 0x9E, 0x4F }, \
  { 0x01, 0x46, 0x70, 0x73 }, \
  { 0x04, 0x48, 0x64, 0x50 }, \
  { 0x01, 0x5B, 0x09, 0x50 }, \
  { 0x04, 0x00, 0x71, 0x28 }, \
  { 0x38, 0x58, 0xFF, 0x9B }, \
  { 0xFF, 0xFF, 0xFF, 0x8F }, \
  { 0xFF, 0xFF, 0xFF, 0xFB }, \
  { 0x01, 0x5B, 0x09, 0x50 }, \
  { 0x04, 0x00, 0x71, 0x28 }, \
  { 0x38, 0x58, 0xFF, 0x9B }, \
  { 0xFF, 0xFF, 0xFF, 0x8F }, \
  { 0x10, 0x40, 0x0A, 0x4F }, \
  { 0x0F, 0x00, 0xF0, 0x2C }, \
  { 0x10, 0x40, 0x0A, 0x73 }, \
  { 0x30, 0x40, 0x0A, 0x4F }, \
  { 0x0F, 0x00, 0xF0, 0x2C }, \
  { 0x30, 0x40, 0x0A, 0x73 }, \
  { 0x80, 0x40, 0x24, 0x4F }, \
  { 0x0F, 0x00, 0xF0, 0x2C }, \
  { 0x80, 0x40, 0x24, 0x73 }, \
  { 0x20, 0x40, 0x24, 0x4F }, \
  { 0x0F, 0x00, 0xF0, 0x2C }, \
  { 0x20, 0x40, 0x24, 0x73 }, \
  { 0x40, 0x40, 0x24, 0x4F }, \
  { 0x0F, 0x00, 0xF0, 0x2C }, \
  { 0x40, 0x40, 0x24, 0x73 }, \
  { 0x60, 0x40, 0x0A, 0x4F }, \
  { 0x0F, 0x00, 0xF0, 0x2C }, \
  { 0x60, 0x40, 0x0A, 0x73 }, \
  { 0xA0, 0x40, 0x0A, 0x4F }, \
  { 0x0F, 0x00, 0xF0, 0x2C }, \
  { 0xA0, 0x40, 0x0A, 0x73 }, \
  { 0x10, 0xC8, 0x08, 0x4F }, \
  { 0x80, 0x00, 0x80, 0x90 }, \
  { 0x80, 0x46, 0x0B, 0x51 }, \
  { 0x30, 0xC8, 0x08, 0x4F }, \
  { 0x80, 0x00, 0x80, 0x90 }, \
  { 0x80, 0x46, 0x0B, 0x53 }, \
  { 0x80, 0xC9, 0x08, 0x4F }, \
  { 0x80, 0x00, 0x80, 0x90 }, \
  { 0x80, 0x46, 0x2C, 0x58 }, \
  { 0x20, 0xC9, 0x08, 0x4F }, \
  { 0x80, 0x00, 0x80, 0x90 }, \
  { 0x80, 0x46, 0x2C, 0x52 }, \
  { 0x60, 0xC8, 0x08, 0x4F }, \
  { 0x80, 0x00, 0x80, 0x90 }, \
  { 0x80, 0x46, 0x0B, 0x56 }, \
  { 0xA0, 0xC8, 0x08, 0x4F }, \
  { 0x80, 0x00, 0x80, 0xB7 }, \
  { 0x80, 0x46, 0x0B, 0x5A }, \
  { 0xFF, 0xFF, 0xFF, 0x8F }, \
  { 0xFF, 0xFF, 0xFF, 0xFB }, \
  { 0x05, 0x51, 0x83, 0x50 }, \
  { 0x02, 0x42, 0x19, 0x50 }, \
  { 0x00, 0x8D, 0x08, 0x4F }, \
  { 0x01, 0x01, 0xFF, 0x91 }, \
  { 0x00, 0x8D, 0x08, 0x53 }, \
  { 0x00, 0x8D, 0x08, 0x58 }, \
  { 0x00, 0x8D, 0x08, 0x50 }, \
  { 0x64, 0x00, 0xFF, 0xC1 }, \
  { 0x30, 0x00, 0x73, 0x28 }, \
  { 0x30, 0x04, 0x01, 0x4F }, \
  { 0x81, 0x04, 0x01, 0x4F }, \
  { 0xF0, 0xF1, 0xF0, 0x32 }, \
  { 0x21, 0x04, 0x01, 0x4F }, \
  { 0xF0, 0xF1, 0xF0, 0x32 }, \
  { 0x51, 0x01, 0xFF, 0x90 }, \
  { 0xC0, 0x5B, 0xFF, 0x83 }, \
  { 0x2C, 0x01, 0xFF, 0xC1 }, \
  { 0x01, 0x33, 0xFF, 0x97 }, \
  { 0x30, 0x09, 0x17, 0x4F }, \
  { 0x81, 0x09, 0x71, 0x4F }, \
  { 0xF0, 0xF1, 0xF0, 0x32 }, \
  { 0x21, 0x09, 0x71, 0x4F }, \
  { 0xF0, 0xF1, 0xF0, 0x32 }, \
  { 0x00, 0x00, 0x30, 0x91 }, \
  { 0x01, 0x00, 0x73, 0x24 }, \
  { 0x98, 0x5B, 0xFF, 0x83 }, \
  { 0x40, 0x91, 0x08, 0x5E }, \
  { 0xFF, 0xFF, 0xFF, 0xFB }, \
  { 0xFF, 0xFF, 0xFF, 0x8F }, \
  { 0xFF, 0xFF, 0xFF, 0xFB }, \
  { 0x0B, 0x00, 0xFF, 0xC1 }, \
  { 0x52, 0x84, 0x08, 0x5E }, \
  { 0x31, 0x86, 0x08, 0x5E }, \
  { 0xFF, 0xFF, 0xFF, 0x8F }, \
  { 0xFF, 0xFF, 0xFF, 0xFB }, \
  { 0x00, 0x00, 0x7F, 0x28 }, \
  { 0x80, 0x41, 0x0E, 0x5E }, \
  { 0x01, 0xE3, 0xFF, 0x5E }, \
  { 0x0C, 0x00, 0xFF, 0x9B }, \
  { 0x1E, 0x00, 0xFF, 0xC1 }, \
  { 0x00, 0x41, 0x0E, 0x5E }, \
  { 0xFF, 0xF0, 0x74, 0x2B }, \
  { 0xFF, 0xFF, 0xFF, 0xFB }, \
  { 0xFF, 0xFF, 0xFF, 0xFB }, \
  { 0xFF, 0xF4, 0x72, 0x2B }, \
  { 0x03, 0x00, 0x71, 0x28 }, \
  { 0x38, 0x58, 0xFF, 0x9B }, \
  { 0xFF, 0xFF, 0xFF, 0x8F }, \
  { 0xFF, 0xFF, 0xFF, 0xFB }, \
  { 0x01, 0x00, 0x70, 0x29 }, \
  { 0x2C, 0x00, 0xFF, 0x9B }, \
  { 0x01, 0x21, 0x01, 0x90 }, \
  { 0x18, 0x5C, 0xFF, 0x83 }, \
  { 0xFF, 0xFF, 0xFF, 0xFB }, \
  { 0x0A, 0x57, 0x70, 0x73 }, \
  { 0x0B, 0x58, 0x70, 0x73 }, \
  { 0xFF, 0xF4, 0x72, 0x2B }, \
  { 0x05, 0x00, 0x71, 0x28 }, \
  { 0x38, 0x58, 0xFF, 0x9B }, \
  { 0xFF, 0xFF, 0xFF, 0x8F }, \
  { 0xFF, 0xFF, 0xFF, 0xFB }, \
  { 0x08, 0x41, 0x39, 0x00 }, \
  { 0x00, 0xA0, 0xD1, 0x51 }, \
  { 0x10, 0x5D, 0x0B, 0x60 }, \
  { 0xE4, 0x44, 0x0B, 0x50 }, \
  { 0x1E, 0x00, 0xFF, 0xC1 }, \
  { 0x05, 0x42, 0xB3, 0x50 }, \
  { 0x00, 0x42, 0x36, 0x50 }, \
  { 0x00, 0x44, 0x36, 0x50 }, \
  { 0x80, 0x46, 0x36, 0x50 }, \
  { 0x80, 0x47, 0x36, 0x50 }, \
  { 0x00, 0x5D, 0xFF, 0x9B }, \
  { 0x01, 0x51, 0x36, 0x4F }, \
  { 0x01, 0x59, 0x36, 0x73 }, \
  { 0x00, 0x50, 0x36, 0x4F }, \
  { 0x00, 0x58, 0x36, 0x73 }, \
  { 0x01, 0x44, 0x36, 0x50 }, \
  { 0x80, 0x47, 0x36, 0x50 }, \
  { 0x00, 0x5D, 0xFF, 0x9B }, \
  { 0x03, 0x51, 0x36, 0x4F }, \
  { 0x02, 0x50, 0x36, 0x4F }, \
  { 0xF2, 0xF0, 0x74, 0x27 }, \
  { 0x05, 0x5D, 0x36, 0x73 }, \
  { 0x04, 0x5C, 0x36, 0x73 }, \
  { 0x02, 0x44, 0x36, 0x50 }, \
  { 0x80, 0x47, 0x36, 0x50 }, \
  { 0x00, 0x5D, 0xFF, 0x9B }, \
  { 0x07, 0x51, 0x36, 0x4F }, \
  { 0x06, 0x50, 0x36, 0x4F }, \
  { 0xF6, 0xF0, 0x78, 0x27 }, \
  { 0x09, 0x5B, 0x36, 0x73 }, \
  { 0x08, 0x5A, 0x36, 0x73 }, \
  { 0x80, 0x57, 0x36, 0x50 }, \
  { 0x10, 0x42, 0x36, 0x50 }, \
  { 0x48, 0x44, 0x36, 0x50 }, \
  { 0x80, 0x47, 0x36, 0x50 }, \
  { 0x00, 0x5D, 0xFF, 0x9B }, \
  { 0x0B, 0x50, 0x36, 0x4F }, \
  { 0x0C, 0x51, 0x36, 0x4F }, \
  { 0x0B, 0x4D, 0x70, 0x73 }, \
  { 0x0C, 0x4E, 0x70, 0x73 }, \
  { 0x00, 0x46, 0x0B, 0x50 }, \
  { 0xE0, 0x44, 0x0B, 0x50 }, \
  { 0x80, 0xA0, 0xD1, 0x51 }, \
  { 0x02, 0x45, 0x39, 0x50 }, \
  { 0xFF, 0xFF, 0xFF, 0x8F }, \
  { 0x03, 0x00, 0xFF, 0xC1 }, \
  { 0x0A, 0x08, 0x36, 0x4F }, \
  { 0x01, 0xA1, 0x01, 0xB7 }, \
  { 0x00, 0x5D, 0xFF, 0x83 }, \
  { 0x05, 0xDA, 0xFF, 0x04 }, \
  { 0x01, 0xD8, 0xFF, 0x04 }, \
  { 0x80, 0x46, 0xFF, 0x04 }, \
  { 0x00, 0x4B, 0x70, 0x4F }, \
  { 0x00, 0x01, 0x01, 0x90 }, \
  { 0x5C, 0x5D, 0xFF, 0x83 }, \
  { 0x02, 0x47, 0x70, 0x4F }, \
  { 0x03, 0x48, 0x70, 0x4F }, \
  { 0x02, 0x01, 0x02, 0x90 }, \
  { 0xFF, 0xFF, 0xFF, 0xFB }, \
  { 0x01, 0x00, 0x70, 0x29 }, \
  { 0xFF, 0xFF, 0x70, 0x3B }, \
  { 0xF0, 0xF2, 0xF2, 0x2F }, \
  { 0xF3, 0xF2, 0xF2, 0x32 }, \
  { 0x00, 0x21, 0xFF, 0x93 }, \
  { 0xF0, 0x08, 0xFF, 0x44 }, \
  { 0x80, 0x01, 0x80, 0x92 }, \
  { 0xBF, 0x00, 0xFE, 0xC1 }, \
  { 0x4C, 0x5D, 0xFF, 0x83 }, \
  { 0x05, 0x00, 0xFF, 0xC1 }, \
  { 0xFF, 0xFF, 0xFF, 0x8F }, \
  { 0xFF, 0xFF, 0xFF, 0xFB }, \
  { 0x80, 0x46, 0x05, 0x50 }, \
  { 0x80, 0x46, 0x05, 0x51 }, \
  { 0x80, 0x46, 0x05, 0x53 }, \
  { 0x80, 0x46, 0x05, 0x58 }, \
  { 0x80, 0x46, 0x05, 0x52 }, \
  { 0x80, 0x46, 0x05, 0x54 }, \
  { 0x80, 0x46, 0x05, 0x56 }, \
  { 0x80, 0x46, 0x05, 0x57 }, \
  { 0x80, 0x46, 0x05, 0x5A }, \
  { 0x94, 0x5D, 0xFF, 0x9B }, \
  { 0xFF, 0xFF, 0xFF, 0x8F }, \
  { 0xFF, 0xFF, 0xFF, 0xFB }, \
  { 0xEC, 0x5D, 0x9F, 0x60 }, \
  { 0xBF, 0xD5, 0xFF, 0x91 }, \
  { 0x48, 0xD1, 0xFF, 0x90 }, \
  { 0xFF, 0xFF, 0xFF, 0x8F }, \
  { 0xB0, 0x5D, 0x9F, 0x60 }, \
  { 0x94, 0x5D, 0xFF, 0x83 }, \
  { 0xFF, 0xFF, 0xFF, 0xFB }, \
  { 0x01, 0x45, 0xFF, 0x04 }, \
  { 0x01, 0x46, 0xFF, 0x04 }, \
  { 0x48, 0x00, 0x76, 0x28 }, \
  { 0xCC, 0x5D, 0xFF, 0x9B }, \
  { 0x02, 0x46, 0xFF, 0x04 }, \
  { 0xFF, 0xFF, 0xFF, 0x8F }, \
  { 0xF4, 0xFF, 0xF0, 0xA3 }, \
  { 0xF0, 0xF6, 0xFF, 0x0F }, \
  { 0xFF, 0x11, 0xFF, 0xB7 }, \
  { 0x02, 0x00, 0x76, 0x20 }, \
  { 0xF2, 0xF6, 0xFF, 0x0F }, \
  { 0x02, 0x00, 0x76, 0x20 }, \
  { 0x04, 0x00, 0x74, 0x21 }, \
  { 0xCC, 0x5D, 0xFF, 0x83 }, \
  { 0xFF, 0xFF, 0xFF, 0xFB }, \
  { 0x48, 0x00, 0x7D, 0x28 }, \
  { 0xFF, 0xFF, 0xFF, 0xFB }, \
  { 0xF0, 0x46, 0xFF, 0x44 }, \
  { 0x02, 0x01, 0xFF, 0x90 }, \
  { 0xFF, 0xFF, 0xFF, 0x8F }, \
  { 0xFF, 0xFF, 0xFF, 0xFB }, \
  { 0xF6, 0xFD, 0xFF, 0x47 }, \
  { 0xFF, 0x70, 0xFF, 0x90 }, \
  { 0xFF, 0xFF, 0xFF, 0x8F }, \
  { 0xBF, 0xD2, 0xFF, 0x90 }, \
  { 0xFF, 0xFF, 0xFF, 0x8F }, \
  { 0x02, 0x00, 0x7D, 0x20 }, \
  { 0xF0, 0xFD, 0xFF, 0x47 }, \
  { 0x02, 0x00, 0x7D, 0x20 }, \
  { 0xF2, 0xFD, 0xFF, 0x47 }, \
  { 0x04, 0x00, 0x7D, 0x20 }, \
  { 0xFF, 0xFF, 0xFF, 0xD9 }, \
  { 0xFF, 0xF6, 0x7E, 0x2B }, \
  { 0x44, 0x5E, 0xFF, 0x9B }, \
  { 0xFF, 0xFF, 0xFF, 0xDB }, \
  { 0x04, 0x5E, 0xFF, 0x83 }, \
  { 0xFF, 0xFF, 0xFF, 0xFB }, \
  { 0x02, 0x00, 0x74, 0x29 }, \
  { 0x00, 0xF0, 0xFF, 0x90 }, \
  { 0x03, 0x00, 0x74, 0x29 }, \
  { 0xFF, 0xFF, 0xFF, 0xFB }, \
  { 0xF3, 0x16, 0xFF, 0x0C }, \
  { 0xF4, 0x1A, 0xFF, 0x0D }, \
  { 0xF8, 0x11, 0xFF, 0x44 }, \
  { 0xF8, 0xF0, 0xF0, 0x32 }, \
  { 0xF0, 0x11, 0xFF, 0x0C }, \
  { 0xF8, 0x12, 0xFF, 0x44 }, \
  { 0xF8, 0xF1, 0xF1, 0x32 }, \
  { 0xF1, 0x12, 0xFF, 0x0C }, \
  { 0xF8, 0x13, 0xFF, 0x44 }, \
  { 0xF8, 0xF2, 0xF2, 0x32 }, \
  { 0xF2, 0x13, 0xFF, 0x0C }, \
  { 0xF3, 0x14, 0xFF, 0x0C }, \
  { 0xF3, 0x15, 0xFF, 0x0C }, \
  { 0xFF, 0xFF, 0xFF, 0x8F }, \
  { 0x00, 0x46, 0x70, 0x4F }, \
  { 0x07, 0x00, 0x71, 0x28 }, \
  { 0xA4, 0x5E, 0x72, 0x29 }, \
  { 0x01, 0x21, 0xFF, 0xAE }, \
  { 0xFF, 0xFF, 0xFF, 0x8F }, \
  { 0xA5, 0x57, 0x08, 0x50 }, \
  { 0x00, 0x03, 0x01, 0x4F }, \
  { 0x01, 0x05, 0xFF, 0xB7 }, \
  { 0x80, 0xE0, 0x08, 0x50 }, \
  { 0x20, 0xE1, 0x08, 0x50 }, \
  { 0x01, 0x00, 0xFF, 0xC1 }, \
  { 0x00, 0xE0, 0x08, 0x50 }, \
  { 0x00, 0xE1, 0x08, 0x50 }, \
  { 0xFF, 0xFF, 0xFF, 0x8F }, \
  { 0x00, 0x4A, 0x08, 0x4F }, \
  { 0x08, 0x00, 0xFF, 0xB7 }, \
  { 0x04, 0x16, 0x08, 0x50 }, \
  { 0x00, 0x11, 0x08, 0x4F }, \
  { 0x04, 0x00, 0xF0, 0x30 }, \
  { 0x00, 0x11, 0x08, 0x73 }, \
  { 0x00, 0x12, 0x08, 0x4F }, \
  { 0x04, 0x00, 0xF0, 0x30 }, \
  { 0x00, 0x12, 0x08, 0x73 }, \
  { 0x04, 0x14, 0x08, 0x50 }, \
  { 0x04, 0x15, 0x08, 0x50 }, \
  { 0x01, 0x8D, 0x08, 0x53 }, \
  { 0x01, 0x8D, 0x08, 0x58 }, \
  { 0xFF, 0xFF, 0xFF, 0x8F }, \
  { 0xFF, 0xFF, 0xFF, 0xFB }, \
  { 0x30, 0x05, 0x01, 0x4F }, \
  { 0x3C, 0x01, 0xFF, 0x94 }, \
  { 0x80, 0x05, 0x01, 0x4F }, \
  { 0x2E, 0x01, 0xFF, 0x92 }, \
  { 0x20, 0x05, 0x01, 0x4F }, \
  { 0x25, 0x01, 0xFF, 0x96 }, \
  { 0xFF, 0xFF, 0xFF, 0x8F }, \
  { 0x50, 0x5F, 0xFF, 0x9B }, \
  { 0x00, 0x01, 0x04, 0xB7 }, \
  { 0x00, 0x9F, 0x71, 0x4F }, \
  { 0x01, 0x01, 0x01, 0xB7 }, \
  { 0x60, 0x5F, 0xFF, 0x9B }, \
  { 0xFF, 0xFF, 0xFF, 0x8F }, \
  { 0x20, 0x10, 0x76, 0x4F }, \
  { 0x00, 0x01, 0x08, 0xB7 }, \
  { 0x00, 0x9F, 0x71, 0x4F }, \
  { 0x01, 0x01, 0x01, 0xB7 }, \
  { 0x60, 0x5F, 0xFF, 0x9B }, \
  { 0xFF, 0xFF, 0xFF, 0x8F }, \
  { 0x30, 0x10, 0x1C, 0x4F }, \
  { 0x81, 0x10, 0x73, 0x4F }, \
  { 0xF1, 0xF0, 0xF0, 0x32 }, \
  { 0xFF, 0xFF, 0xFF, 0x8F }, \
  { 0x80, 0xE0, 0x1C, 0x53 }, \
  { 0x04, 0xE1, 0x1C, 0x53 }, \
  { 0x80, 0xE0, 0x73, 0x58 }, \
  { 0x04, 0xE1, 0x73, 0x58 }, \
  { 0x80, 0xE0, 0x76, 0x52 }, \
  { 0x08, 0xE1, 0x76, 0x52 }, \
  { 0x01, 0x00, 0xFF, 0xC1 }, \
  { 0x00, 0xE0, 0x1C, 0x53 }, \
  { 0x00, 0xE1, 0x1C, 0x53 }, \
  { 0x00, 0xE0, 0x73, 0x58 }, \
  { 0x00, 0xE1, 0x73, 0x58 }, \
  { 0x00, 0xE0, 0x76, 0x52 }, \
  { 0x00, 0xE1, 0x76, 0x52 }, \
  { 0xFF, 0xFF, 0xFF, 0x8F }, \
  { 0xFF, 0xFF, 0xFF, 0xFB }, \
  { 0x01, 0x09, 0x08, 0x50 }, \
  { 0x01, 0x09, 0x08, 0x5E }, \
  { 0x00, 0x00, 0x72, 0x29 }, \
  { 0x0D, 0x00, 0x71, 0x28 }, \
  { 0x38, 0x58, 0xFF, 0x9B }, \
  { 0x80, 0x41, 0x0E, 0x5E }, \
  { 0xA2, 0x45, 0x14, 0x53 }, \
  { 0xFF, 0xFF, 0xFF, 0xFB }, \
  { 0xFF, 0xFF, 0xFF, 0x8F }, \
  { 0x80, 0x04, 0x01, 0x4F }, \
  { 0x51, 0x01, 0xFF, 0x90 }, \
  { 0xFF, 0xFF, 0xFF, 0x8F }, \
  { 0x82, 0x09, 0x71, 0x4F }, \
  { 0x10, 0x21, 0x30, 0xB7 }, \
  { 0xFF, 0xFF, 0xFF, 0xFB }, \
  { 0xBF, 0x00, 0xFE, 0xC1 }, \
  { 0xCC, 0x5F, 0xFF, 0x83 }, \
  { 0x20, 0x04, 0x01, 0x4F }, \
  { 0x51, 0x01, 0xFF, 0x90 }, \
  { 0xFF, 0xFF, 0xFF, 0x8F }, \
  { 0x22, 0x09, 0x71, 0x4F }, \
  { 0x10, 0x21, 0x30, 0xB7 }, \
  { 0xFF, 0xFF, 0xFF, 0xFB }, \
  { 0xBF, 0x00, 0xFE, 0xC1 }, \
  { 0xEC, 0x5F, 0xFF, 0x83 }, \
  { 0xFF, 0xFF, 0xFF, 0xFB }, \
  { 0x0F, 0x00, 0x71, 0x28 }, \
  { 0x38, 0x58, 0xFF, 0x9B }, \
  { 0x14, 0x60, 0xFF, 0x9B }, \
  { 0xFF, 0xFF, 0xFF, 0x8F }, \
  { 0x40, 0x91, 0x08, 0x58 }, \
  { 0x40, 0x91, 0x08, 0x52 }, \
  { 0xFF, 0xFF, 0xFF, 0xFB }, \
  { 0xFF, 0xFF, 0xFF, 0xFB }, \
  { 0x9B, 0x19, 0x76, 0x29 }, \
  { 0x99, 0x00, 0x7D, 0x28 }, \
  { 0x01, 0x4B, 0x70, 0x4F }, \
  { 0x02, 0x11, 0x02, 0x90 }, \
  { 0x80, 0x30, 0x16, 0x50 }, \
  { 0xFF, 0xFF, 0xFF, 0xFB }, \
  { 0x03, 0xE5, 0x07, 0x50 }, \
  { 0x08, 0x0E, 0x7E, 0x29 }, \
  { 0x80, 0x99, 0xFF, 0x05 }, \
  { 0x02, 0xE5, 0x07, 0x50 }, \
  { 0x24, 0x00, 0x08, 0x60 }, \
  { 0x00, 0x30, 0x16, 0x50 }, \
  { 0x08, 0x00, 0x71, 0x28 }, \
  { 0x02, 0x9C, 0x70, 0x4F }, \
  { 0x38, 0x58, 0xFF, 0x9B }, \
  { 0x01, 0x00, 0x72, 0x20 }, \
  { 0xFF, 0xFF, 0xFF, 0x8F }, \
  { 0xFF, 0xFF, 0xFF, 0xFB }, \
  { 0x02, 0x4C, 0x70, 0x4F }, \
  { 0x02, 0x4F, 0x70, 0x73 }, \
  { 0x00, 0x4C, 0x70, 0x50 }, \
  { 0x80, 0x46, 0x05, 0x50 }, \
  { 0x03, 0x09, 0x08, 0x50 }, \
  { 0x03, 0x09, 0x08, 0x5E }, \
  { 0x00, 0x00, 0x72, 0x29 }, \
  { 0x0E, 0x00, 0x71, 0x28 }, \
  { 0x38, 0x58, 0xFF, 0x9B }, \
  { 0x00, 0x9C, 0x70, 0x4F }, \
  { 0x00, 0x05, 0xFF, 0x90 }, \
  { 0x04, 0x52, 0x08, 0x50 }, \
  { 0x17, 0x07, 0x70, 0x29 }, \
  { 0x10, 0x17, 0x72, 0x29 }, \
  { 0x08, 0x00, 0x7E, 0x29 }, \
  { 0x44, 0x5E, 0xFF, 0x9B }, \
  { 0xFF, 0xFF, 0xFF, 0x8F }, \
  { 0x72, 0x00, 0x7E, 0x29 }, \
  { 0x78, 0x00, 0x72, 0x28 }, \
  { 0x80, 0x00, 0x73, 0x28 }, \
  { 0x69, 0x23, 0xFF, 0x94 }, \
  { 0xF0, 0xF2, 0xFF, 0x46 }, \
  { 0xF0, 0xF3, 0xFF, 0x0E }, \
  { 0x01, 0x00, 0x72, 0x24 }, \
  { 0x01, 0x00, 0x73, 0x24 }, \
  { 0xBC, 0x60, 0xFF, 0x83 }, \
  { 0x00, 0xC7, 0x08, 0x4F }, \
  { 0x00, 0x86, 0x72, 0x73 }, \
  { 0x00, 0xC8, 0x08, 0x4F }, \
  { 0x00, 0x87, 0x72, 0x73 }, \
  { 0x00, 0xCA, 0x08, 0x4F }, \
  { 0x00, 0x88, 0x72, 0x73 }, \
  { 0x88, 0x00, 0x72, 0x28 }, \
  { 0x70, 0x00, 0x73, 0x28 }, \
  { 0x81, 0x23, 0xFF, 0xB7 }, \
  { 0xF0, 0xF2, 0xFF, 0x46 }, \
  { 0xF0, 0xF3, 0xFF, 0x0E }, \
  { 0x01, 0x00, 0x72, 0x24 }, \
  { 0x01, 0x00, 0x73, 0x24 }, \
  { 0xF4, 0x60, 0xFF, 0x83 }, \
  { 0xFF, 0xFF, 0xFF, 0xFB }, \
  { 0x00, 0x48, 0x64, 0x4F }, \
  { 0x7F, 0x00, 0xF0, 0x2C }, \
  { 0x00, 0x48, 0x64, 0x73 }, \
  { 0xFF, 0xFF, 0xFF, 0x8F }, \
  { 0xFF, 0xFF, 0xFF, 0xFB }, \
  { 0x04, 0x09, 0x08, 0x50 }, \
  { 0x06, 0x00, 0x71, 0x28 }, \
  { 0x38, 0x58, 0xFF, 0x9B }, \
  { 0x02, 0x8D, 0x72, 0x4F }, \
  { 0x08, 0xE0, 0xFF, 0x96 }, \
  { 0xFC, 0xFF, 0x70, 0xBF }, \
  { 0xF2, 0xFF, 0x71, 0x38 }, \
  { 0x42, 0x00, 0x71, 0x20 }, \
  { 0xF2, 0xF1, 0xFF, 0x46 }, \
  { 0x02, 0x46, 0x70, 0x73 }, \
  { 0x07, 0x00, 0x71, 0x28 }, \
  { 0x38, 0x58, 0xFF, 0x9B }, \
  { 0x00, 0x00, 0x73, 0x28 }, \
  { 0xFF, 0xFF, 0xFF, 0xFB }, \
  { 0xFF, 0xFF, 0xFF, 0x8F }, \
  { 0xFF, 0xFF, 0xFF, 0xFB }, \
  { 0xE0, 0x98, 0x08, 0x73 }, \
  { 0x01, 0x00, 0xFF, 0xC1 }, \
  { 0x07, 0x98, 0x08, 0x5E }, \
  { 0xFF, 0xFF, 0xFF, 0x8F }, \
  { 0x84, 0x61, 0xFF, 0x9B }, \
  { 0xA8, 0x61, 0xFF, 0x9B }, \
  { 0xCC, 0x61, 0xFF, 0x9B }, \
  { 0xFF, 0xFF, 0xFF, 0x8F }, \
  { 0x00, 0x63, 0x08, 0x58 }, \
  { 0x05, 0x00, 0xFF, 0xC1 }, \
  { 0x80, 0x62, 0x08, 0x73 }, \
  { 0x80, 0x63, 0x08, 0x58 }, \
  { 0xA5, 0x64, 0x08, 0x58 }, \
  { 0x83, 0x98, 0x08, 0x73 }, \
  { 0x01, 0x00, 0xFF, 0xC1 }, \
  { 0x07, 0x98, 0x08, 0x58 }, \
  { 0xFF, 0xFF, 0xFF, 0x8F }, \
  { 0x00, 0x63, 0x08, 0x52 }, \
  { 0x05, 0x00, 0xFF, 0xC1 }, \
  { 0x20, 0x62, 0x08, 0x73 }, \
  { 0x80, 0x63, 0x08, 0x52 }, \
  { 0xA5, 0x64, 0x08, 0x52 }, \
  { 0x23, 0x98, 0x08, 0x73 }, \
  { 0x01, 0x00, 0xFF, 0xC1 }, \
  { 0x07, 0x98, 0x08, 0x52 }, \
  { 0xFF, 0xFF, 0xFF, 0x8F }, \
  { 0xFF, 0xFF, 0xFF, 0xFB }, \
  { 0xFF, 0xFF, 0xFF, 0xFB }, \
  { 0xFF, 0xFF, 0xFF, 0x8F }, \
  { 0xFF, 0xFF, 0xFF, 0xFB }, \
  { 0x10, 0x03, 0xFF, 0xB7 }, \
  { 0x00, 0x91, 0x08, 0x50 }, \
  { 0xFF, 0xFF, 0xFF, 0xFC }, \
  { 0xFF, 0xFF, 0xFF, 0xFB }, \
  { 0xFC, 0x16, 0xFF, 0x0C }, \
  { 0x01, 0x09, 0x08, 0x4F }, \
  { 0x05, 0x11, 0xFF, 0x90 }, \
  { 0xFF, 0xFF, 0xFF, 0x8F }, \
  { 0xFF, 0xFF, 0xFF, 0xFB }, \
  { 0x01, 0x00, 0x71, 0x28 }, \
  { 0x02, 0x81, 0x72, 0x73 }, \
  { 0x38, 0x58, 0xFF, 0x9B }, \
  { 0x01, 0x51, 0x83, 0x50 }, \
  { 0x02, 0x42, 0x19, 0x50 }, \
  { 0xFF, 0xFF, 0xFF, 0x8F }, \
  { 0x00, 0x76, 0x70, 0x4F }, \
  { 0x08, 0x00, 0x0F, 0x90 }, \
  { 0x80, 0x44, 0x90, 0x51 }, \
  { 0x20, 0x05, 0x01, 0x4F }, \
  { 0x2E, 0x01, 0xFF, 0x91 }, \
  { 0x25, 0x01, 0xFF, 0x96 }, \
  { 0xF0, 0x62, 0xFF, 0x83 }, \
  { 0x09, 0x51, 0x06, 0x52 }, \
  { 0x08, 0x50, 0x06, 0x52 }, \
  { 0x01, 0x00, 0xFF, 0xC1 }, \
  { 0x80, 0x46, 0x05, 0x4F }, \
  { 0x00, 0x01, 0xFF, 0x93 }, \
  { 0xF0, 0x62, 0xFF, 0x83 }, \
  { 0x20, 0x46, 0x05, 0x4F }, \
  { 0x00, 0x01, 0xFF, 0x90 }, \
  { 0xF0, 0x62, 0xFF, 0x83 }, \
  { 0x00, 0x7E, 0x70, 0x4F }, \
  { 0x01, 0x00, 0x70, 0x20 }, \
  { 0x80, 0x00, 0xF0, 0x30 }, \
  { 0x00, 0x7E, 0x70, 0x73 }, \
  { 0x20, 0x05, 0x01, 0x4F }, \
  { 0x25, 0x01, 0xFF, 0x93 }, \
  { 0x80, 0x05, 0x01, 0x4F }, \
  { 0x2E, 0x01, 0xFF, 0x90 }, \
  { 0xF0, 0x62, 0xFF, 0x83 }, \
  { 0xA0, 0x62, 0xFF, 0x83 }, \
  { 0x00, 0x63, 0xFF, 0x9B }, \
  { 0x21, 0x10, 0x76, 0x4F }, \
  { 0x00, 0x10, 0x08, 0x90 }, \
  { 0xF0, 0x62, 0xFF, 0x83 }, \
  { 0x00, 0x9F, 0x71, 0x4F }, \
  { 0x01, 0x00, 0x01, 0x90 }, \
  { 0xF0, 0x62, 0xFF, 0x83 }, \
  { 0xC8, 0x62, 0xFF, 0x83 }, \
  { 0xB8, 0xAE, 0xFF, 0x9B }, \
  { 0x02, 0x1A, 0x73, 0x58 }, \
  { 0x04, 0x15, 0x73, 0x58 }, \
  { 0x80, 0x46, 0x05, 0x58 }, \
  { 0x81, 0x10, 0x73, 0x4F }, \
  { 0x00, 0x10, 0x04, 0x90 }, \
  { 0xF0, 0x62, 0xFF, 0x83 }, \
  { 0x00, 0x9F, 0x71, 0x4F }, \
  { 0x01, 0x00, 0x01, 0x90 }, \
  { 0xF0, 0x62, 0xFF, 0x83 }, \
  { 0x80, 0xE0, 0x73, 0x58 }, \
  { 0x04, 0xE1, 0x73, 0x58 }, \
  { 0x80, 0xE0, 0x76, 0x52 }, \
  { 0x08, 0xE1, 0x76, 0x52 }, \
  { 0x01, 0x00, 0xFF, 0xC1 }, \
  { 0x00, 0xE0, 0x73, 0x58 }, \
  { 0x00, 0xE1, 0x73, 0x58 }, \
  { 0x00, 0xE0, 0x76, 0x52 }, \
  { 0x00, 0xE1, 0x76, 0x52 }, \
  { 0x03, 0x00, 0xFF, 0xC1 }, \
  { 0x00, 0x79, 0x70, 0x4F }, \
  { 0x08, 0x00, 0x0F, 0x90 }, \
  { 0x00, 0x44, 0x90, 0x51 }, \
  { 0xFF, 0xFF, 0xFF, 0x8F }, \
  { 0x40, 0x80, 0x08, 0x52 }, \
  { 0x00, 0x4F, 0x08, 0x52 }, \
  { 0x00, 0x47, 0x09, 0x52 }, \
  { 0x21, 0x08, 0x08, 0x4F }, \
  { 0x03, 0x33, 0x16, 0x50 }, \
  { 0x80, 0x32, 0x16, 0x50 }, \
  { 0x03, 0x10, 0x03, 0x96 }, \
  { 0x04, 0x00, 0x70, 0x28 }, \
  { 0x05, 0x00, 0x73, 0x28 }, \
  { 0xA8, 0x61, 0xFF, 0x9B }, \
  { 0x01, 0x00, 0xFF, 0xC1 }, \
  { 0x21, 0x08, 0x08, 0x4F }, \
  { 0x00, 0x11, 0xFF, 0x90 }, \
  { 0x28, 0x63, 0xFF, 0x83 }, \
  { 0x02, 0x1A, 0x76, 0x52 }, \
  { 0x08, 0x15, 0x76, 0x52 }, \
  { 0x80, 0x46, 0x05, 0x52 }, \
  { 0x00, 0x33, 0x16, 0x50 }, \
  { 0xFF, 0xFF, 0xFF, 0x8F }, \
  { 0xFF, 0xFF, 0x78, 0x29 }, \
  { 0xFF, 0xFF, 0x7A, 0x29 }, \
  { 0xF4, 0xF0, 0x72, 0x27 }, \
  { 0xFF, 0x06, 0xFF, 0xB7 }, \
  { 0xF0, 0xFF, 0xF8, 0xA7 }, \
  { 0x04, 0x00, 0x70, 0x21 }, \
  { 0x54, 0x63, 0xFF, 0x83 }, \
  { 0xFF, 0xFF, 0xFF, 0xFF }, \
  { 0xFF, 0xFF, 0xFF, 0xFF }, \
  { 0xFF, 0xFF, 0xFF, 0xFF }, \
  { 0xFF, 0xFF, 0xFF, 0xFF }, \
  { 0xFF, 0xFF, 0xFF, 0xFF }, \
  { 0xFF, 0xFF, 0xFF, 0xFF }, \
  { 0xFF, 0xFF, 0xFF, 0xFF }, \
  { 0xFF, 0xFF, 0xFF, 0xFF }, \
  { 0xFF, 0xFF, 0xFF, 0xFF }, \
  { 0xFF, 0xFF, 0xFF, 0xFF }, \
  { 0xFF, 0xFF, 0xFF, 0xFF }, \
  { 0xFF, 0xFF, 0xFF, 0xFF }, \
  { 0xFF, 0xFF, 0xFF, 0xFF }, \
  { 0xFF, 0xFF, 0xFF, 0xFF }, \
  { 0xFF, 0xFF, 0xFF, 0xFF }, \
  { 0xFF, 0xFF, 0xFF, 0xFF }, \
  { 0xFF, 0xFF, 0xFF, 0xFF }, \
  { 0xFF, 0xFF, 0xFF, 0xFF }, \
  { 0xFF, 0xFF, 0xFF, 0xFF }, \
  { 0xFF, 0xFF, 0xFF, 0xFF }, \
  { 0xFF, 0xFF, 0xFF, 0xFF }, \
  { 0xFF, 0xFF, 0xFF, 0xFF }, \
  { 0xFF, 0xFF, 0xFF, 0xFF }, \
  { 0xFF, 0xFF, 0xFF, 0xFF }, \
  { 0xFF, 0xFF, 0xFF, 0xFF }, \
  { 0xFF, 0xFF, 0xFF, 0xFF }, \
  { 0xFF, 0xFF, 0xFF, 0xFF }, \
  { 0xFF, 0xFF, 0xFF, 0xFF }, \
  { 0xFF, 0xFF, 0xFF, 0xFF }, \
  { 0xFF, 0xFF, 0xFF, 0xFF }, \
  { 0xFF, 0xFF, 0xFF, 0xFF }, \
  { 0xFF, 0xFF, 0xFF, 0xFF }, \
  { 0xFF, 0xFF, 0xFF, 0xFF }, \
  { 0xFF, 0xFF, 0xFF, 0xFF }, \
  { 0xFF, 0xFF, 0xFF, 0xFF }, \
  { 0xFF, 0xFF, 0xFF, 0xFF }, \
  { 0xFF, 0xFF, 0xFF, 0xFF }, \
  { 0xFF, 0xFF, 0xFF, 0xFF }, \
  { 0xFF, 0xFF, 0xFF, 0xFF }, \
  { 0xFF, 0xFF, 0xFF, 0xFF }, \
  { 0xFF, 0xFF, 0xFF, 0xFF }, \
  { 0xFF, 0xFF, 0xFF, 0xFF }, \
  { 0xFF, 0xFF, 0xFF, 0xFF }, \
  { 0xFF, 0xFF, 0xFF, 0xFF }, \
  { 0xFF, 0xFF, 0xFF, 0xFF }, \
  { 0xFF, 0xFF, 0xFF, 0xFF }, \
  { 0xFF, 0xFF, 0xFF, 0xFF }, \
  { 0xFF, 0xFF, 0xFF, 0xFF }, \
  { 0xFF, 0xFF, 0xFF, 0xFF }, \
  { 0xFF, 0xFF, 0xFF, 0xFF }, \
  { 0xFF, 0xFF, 0xFF, 0xFF }, \
  { 0xFF, 0xFF, 0xFF, 0xFF }, \
  { 0xFF, 0xFF, 0xFF, 0xFF }, \
  { 0xFF, 0xFF, 0xFF, 0xFF }, \
  { 0xFF, 0xFF, 0xFF, 0xFF }, \
  { 0xFF, 0xFF, 0xFF, 0xFF }, \
  { 0xFF, 0xFF, 0xFF, 0xFF }, \
  { 0xFF, 0xFF, 0xFF, 0xFF }, \
  { 0xFF, 0xFF, 0xFF, 0xFF }, \
  { 0xFF, 0xFF, 0xFF, 0xFF }, \
  { 0xFF, 0xFF, 0xFF, 0xFF }, \
  { 0xFF, 0xFF, 0xFF, 0xFF }, \
  { 0xFF, 0xFF, 0xFF, 0xFF }, \
  { 0xFF, 0xFF, 0xFF, 0xFF }, \
  { 0xFF, 0xFF, 0xFF, 0xFF }, \
  { 0xFF, 0xFF, 0xFF, 0xFF }, \
  { 0xFF, 0xFF, 0xFF, 0xFF }, \
  { 0xFF, 0xFF, 0xFF, 0xFF }, \
  { 0xFF, 0xFF, 0xFF, 0xFF }, \
  { 0xFF, 0xFF, 0xFF, 0xFF }, \
  { 0xFF, 0xFF, 0xFF, 0xFF }, \
  { 0xFF, 0xFF, 0xFF, 0xFF }, \
  { 0xFF, 0xFF, 0xFF, 0xFF }, \
  { 0xFF, 0xFF, 0xFF, 0xFF }, \
  { 0xFF, 0xFF, 0xFF, 0xFF }, \
  { 0xFF, 0xFF, 0xFF, 0xFF }, \
  { 0xFF, 0xFF, 0xFF, 0xFF }, \
  { 0xFF, 0xFF, 0xFF, 0xFF }, \
  { 0xFF, 0xFF, 0xFF, 0xFF }, \
  { 0xFF, 0xFF, 0xFF, 0xFF }, \
  { 0xFF, 0xFF, 0xFF, 0xFF }, \
  { 0xFF, 0xFF, 0xFF, 0xFF }, \
  { 0xFF, 0xFF, 0xFF, 0xFF }, \
  { 0xFF, 0xFF, 0xFF, 0xFF }, \
  { 0x00, 0x5F, 0x7F, 0x4F }, \
  { 0x01, 0x00, 0x01, 0x92 }, \
  { 0x30, 0x4A, 0x29, 0x4F }, \
  { 0x02, 0x00, 0xF0, 0x30 }, \
  { 0x30, 0x4A, 0x29, 0x73 }, \
  { 0x00, 0x5F, 0x7F, 0x4F }, \
  { 0x02, 0x00, 0x02, 0xB7 }, \
  { 0x30, 0x52, 0x28, 0x4F }, \
  { 0x81, 0x40, 0x12, 0x4F }, \
  { 0xF0, 0xF1, 0xF0, 0x32 }, \
  { 0x01, 0x01, 0x01, 0xB7 }, \
  { 0x01, 0x46, 0x2D, 0x53 }, \
  { 0x30, 0x44, 0x2D, 0x4F }, \
  { 0x02, 0x00, 0xF0, 0x30 }, \
  { 0x30, 0x44, 0x2D, 0x73 }, \
  { 0x00, 0x03, 0xFF, 0xC1 }, \
  { 0x30, 0x44, 0x2D, 0x4F }, \
  { 0xFD, 0x00, 0xF0, 0x2C }, \
  { 0x30, 0x44, 0x2D, 0x73 }, \
  { 0x00, 0x46, 0x2D, 0x53 }, \
  { 0x30, 0x44, 0x2B, 0x4F }, \
  { 0x01, 0x00, 0xF0, 0x30 }, \
  { 0x30, 0x44, 0x2B, 0x73 }, \
  { 0x0F, 0x5C, 0x15, 0x58 }, \
  { 0x00, 0x03, 0xFF, 0xC1 }, \
  { 0x30, 0x44, 0x2B, 0x4F }, \
  { 0xFE, 0x00, 0xF0, 0x2C }, \
  { 0x30, 0x44, 0x2B, 0x73 }, \
  { 0x30, 0x44, 0x2B, 0x4F }, \
  { 0x02, 0x00, 0xF0, 0x30 }, \
  { 0x30, 0x44, 0x2B, 0x73 }, \
  { 0x00, 0x5C, 0x15, 0x58 }, \
  { 0x02, 0x44, 0x15, 0x58 }, \
  { 0x02, 0x44, 0x15, 0x52 }, \
  { 0xFF, 0xFF, 0xFF, 0x8F }, \
  { 0xFF, 0xFF, 0xFF, 0xFB }, \
  { 0xFF, 0xFF, 0xFF, 0xFB }, \
  { 0xFF, 0xFF, 0xFF, 0xFB }, \
  { 0xFF, 0xFF, 0xFF, 0xFB }, \
  { 0xFF, 0xFF, 0xFF, 0x8F }, \
  { 0x00, 0x03, 0x01, 0x4F }, \
  { 0x02, 0x03, 0xFF, 0x90 }, \
  { 0xFF, 0xFF, 0xFF, 0x8F }, \
  { 0x00, 0x40, 0x88, 0x51 }, \
  { 0x80, 0x46, 0x88, 0x51 }, \
  { 0x10, 0x08, 0x88, 0x4F }, \
  { 0x00, 0x01, 0x01, 0x90 }, \
  { 0x98, 0x65, 0xFF, 0x83 }, \
  { 0x01, 0xDA, 0x50, 0x50 }, \
  { 0x01, 0xDA, 0x51, 0x50 }, \
  { 0x80, 0x46, 0x50, 0x50 }, \
  { 0x70, 0x00, 0xFF, 0xC1 }, \
  { 0x00, 0x08, 0x50, 0x4F }, \
  { 0x80, 0x01, 0x80, 0x90 }, \
  { 0x84, 0x65, 0xFF, 0x83 }, \
  { 0xAA, 0x40, 0x51, 0x50 }, \
  { 0x00, 0x00, 0x7F, 0x28 }, \
  { 0x01, 0x00, 0x7E, 0x28 }, \
  { 0x00, 0x47, 0x70, 0x4F }, \
  { 0x01, 0x48, 0x70, 0x4F }, \
  { 0x01, 0x01, 0x01, 0x90 }, \
  { 0xC4, 0x65, 0xFF, 0x83 }, \
  { 0xF5, 0x03, 0xFF, 0x44 }, \
  { 0xF4, 0x02, 0xFF, 0x44 }, \
  { 0xF4, 0xFF, 0x75, 0x38 }, \
  { 0xF5, 0xF4, 0xF6, 0x32 }, \
  { 0xF6, 0x00, 0xFF, 0x0C }, \
  { 0x01, 0x00, 0x7F, 0x20 }, \
  { 0xF1, 0xFF, 0x70, 0x3D }, \
  { 0x0D, 0xF5, 0xFF, 0xB7 }, \
  { 0xA8, 0x65, 0xFF, 0x83 }, \
  { 0xFF, 0xFF, 0xFF, 0xFB }, \
  { 0xFF, 0xFF, 0xFF, 0xFB }, \
  { 0x00, 0xE9, 0x0E, 0x5E }, \
  { 0x00, 0x46, 0x0E, 0x50 }, \
  { 0x00, 0x4B, 0x70, 0x4F }, \
  { 0x02, 0x01, 0x02, 0xB7 }, \
  { 0x21, 0x45, 0x14, 0x53 }, \
  { 0x00, 0x49, 0x09, 0x53 }, \
  { 0x30, 0x05, 0x01, 0x4F }, \
  { 0x3C, 0x01, 0xFF, 0x91 }, \
  { 0x04, 0x42, 0x27, 0x53 }, \
  { 0x08, 0x66, 0xFF, 0x83 }, \
  { 0x00, 0x42, 0x27, 0x53 }, \
  { 0x80, 0x44, 0x29, 0x53 }, \
  { 0xFF, 0x44, 0x28, 0x53 }, \
  { 0x5D, 0x45, 0x28, 0x53 }, \
  { 0x00, 0x42, 0x10, 0x58 }, \
  { 0x52, 0x84, 0x08, 0x58 }, \
  { 0x31, 0x86, 0x08, 0x58 }, \
  { 0x00, 0x42, 0x10, 0x52 }, \
  { 0x52, 0x84, 0x08, 0x52 }, \
  { 0x31, 0x86, 0x08, 0x52 }, \
  { 0xFF, 0xFF, 0xFF, 0x8F }, \
  { 0x00, 0x79, 0x70, 0x4F }, \
  { 0x08, 0x00, 0x0F, 0x95 }, \
  { 0x01, 0x41, 0x90, 0x51 }, \
  { 0x00, 0xDA, 0x90, 0x51 }, \
  { 0x80, 0x46, 0x90, 0x51 }, \
  { 0x02, 0x40, 0x90, 0x51 }, \
  { 0x80, 0x44, 0x90, 0x51 }, \
  { 0x01, 0x00, 0xFF, 0xC1 }, \
  { 0x00, 0x7E, 0x70, 0x50 }, \
  { 0x00, 0x7C, 0x70, 0x4F }, \
  { 0x2E, 0x01, 0xFF, 0x91 }, \
  { 0x25, 0x01, 0xFF, 0x90 }, \
  { 0x10, 0x67, 0xFF, 0x83 }, \
  { 0x00, 0x7F, 0x70, 0x4F }, \
  { 0x02, 0x01, 0x02, 0x91 }, \
  { 0x01, 0x01, 0x01, 0x94 }, \
  { 0x10, 0x67, 0xFF, 0x83 }, \
  { 0x02, 0x80, 0x70, 0x4F }, \
  { 0x02, 0x00, 0xF2, 0x30 }, \
  { 0x02, 0x80, 0x70, 0x73 }, \
  { 0x90, 0x66, 0xFF, 0x83 }, \
  { 0x02, 0x80, 0x70, 0x4F }, \
  { 0x01, 0x00, 0xF2, 0x30 }, \
  { 0x02, 0x80, 0x70, 0x73 }, \
  { 0x01, 0x7F, 0x70, 0x4F }, \
  { 0x80, 0x10, 0x80, 0x92 }, \
  { 0x02, 0x80, 0x70, 0x4F }, \
  { 0x80, 0x00, 0xF2, 0x30 }, \
  { 0x02, 0x80, 0x70, 0x73 }, \
  { 0x01, 0x7F, 0x70, 0x4F }, \
  { 0x40, 0x11, 0x40, 0x90 }, \
  { 0x10, 0x67, 0xFF, 0x83 }, \
  { 0x00, 0xDA, 0x2D, 0x50 }, \
  { 0x00, 0x66, 0x2D, 0x50 }, \
  { 0x04, 0x16, 0x2D, 0x50 }, \
  { 0x04, 0x14, 0x2D, 0x50 }, \
  { 0x00, 0x11, 0x2D, 0x4F }, \
  { 0x04, 0x00, 0xF0, 0x30 }, \
  { 0x00, 0x11, 0x2D, 0x73 }, \
  { 0x00, 0x12, 0x2D, 0x4F }, \
  { 0x04, 0x00, 0xF0, 0x30 }, \
  { 0x00, 0x12, 0x2D, 0x73 }, \
  { 0x03, 0x1A, 0x2D, 0x50 }, \
  { 0x00, 0x1B, 0x2D, 0x50 }, \
  { 0x00, 0x15, 0x2D, 0x4F }, \
  { 0x04, 0x00, 0xF0, 0x30 }, \
  { 0x00, 0x15, 0x2D, 0x73 }, \
  { 0x00, 0x81, 0x70, 0x4F }, \
  { 0x01, 0x82, 0x70, 0x4F }, \
  { 0x00, 0x60, 0x2D, 0x73 }, \
  { 0x01, 0x61, 0x2D, 0x73 }, \
  { 0x03, 0x65, 0x2D, 0x50 }, \
  { 0x80, 0x66, 0x2D, 0x50 }, \
  { 0x02, 0x80, 0x70, 0x4F }, \
  { 0x40, 0x00, 0xF2, 0x30 }, \
  { 0x02, 0x80, 0x70, 0x73 }, \
  { 0x00, 0x79, 0x70, 0x4F }, \
  { 0x08, 0x00, 0x0F, 0x90 }, \
  { 0x00, 0x44, 0x90, 0x51 }, \
  { 0xFF, 0xFF, 0xFF, 0x8F }, \
  { 0x4A, 0x40, 0x39, 0x58 }, \
  { 0x80, 0x46, 0x37, 0x58 }, \
  { 0x80, 0x47, 0x37, 0x58 }, \
  { 0x81, 0x0D, 0x16, 0x4F }, \
  { 0x04, 0x11, 0x04, 0xB7 }, \
  { 0xCD, 0x0C, 0xFF, 0xC1 }, \
  { 0xFF, 0xFF, 0xFF, 0x8F }, \
  { 0x4A, 0x40, 0x39, 0x52 }, \
  { 0x80, 0x46, 0x37, 0x52 }, \
  { 0x80, 0x47, 0x37, 0x52 }, \
  { 0x21, 0x0D, 0x16, 0x4F }, \
  { 0x04, 0x11, 0x04, 0xB7 }, \
  { 0xCD, 0x0C, 0xFF, 0xC1 }, \
  { 0xFF, 0xFF, 0xFF, 0x8F }, \
  { 0xFF, 0xFF, 0xFF, 0xFB }, \
  { 0xFF, 0xFF, 0xFF, 0xFB }, \
  { 0x01, 0x09, 0x08, 0x50 }, \
  { 0xE4, 0x44, 0x0B, 0x53 }, \
  { 0x01, 0x09, 0x08, 0x5E }, \
  { 0x80, 0x46, 0x0B, 0x5E }, \
  { 0x80, 0x47, 0x09, 0x58 }, \
  { 0x80, 0x47, 0x09, 0x52 }, \
  { 0x00, 0x46, 0x0B, 0x50 }, \
  { 0x02, 0xE5, 0x07, 0x50 }, \
  { 0x02, 0xE5, 0x12, 0x50 }, \
  { 0x03, 0x00, 0xFF, 0xC1 }, \
  { 0x00, 0x47, 0x70, 0x4F }, \
  { 0x04, 0x00, 0x04, 0x91 }, \
  { 0x3C, 0x67, 0xFF, 0x9B }, \
  { 0xB4, 0x67, 0xFF, 0x83 }, \
  { 0x00, 0x48, 0x70, 0x4F }, \
  { 0x01, 0x00, 0x01, 0x91 }, \
  { 0x20, 0x67, 0xFF, 0x9B }, \
  { 0xB4, 0x67, 0xFF, 0x83 }, \
  { 0x00, 0x47, 0x70, 0x4F }, \
  { 0x08, 0x00, 0x08, 0x90 }, \
  { 0x58, 0x6D, 0xFF, 0x9B }, \
  { 0xE0, 0x44, 0x0B, 0x53 }, \
  { 0x00, 0x4E, 0x70, 0x4F }, \
  { 0x20, 0x01, 0x20, 0x91 }, \
  { 0x00, 0x95, 0x70, 0x50 }, \
  { 0xCC, 0x67, 0xFF, 0x83 }, \
  { 0x01, 0x95, 0x70, 0x50 }, \
  { 0x00, 0x4E, 0x70, 0x4F }, \
  { 0x10, 0x01, 0x10, 0x91 }, \
  { 0x00, 0x94, 0x70, 0x50 }, \
  { 0xE0, 0x67, 0xFF, 0x83 }, \
  { 0x01, 0x94, 0x70, 0x50 }, \
  { 0x00, 0x4E, 0x70, 0x4F }, \
  { 0x04, 0x01, 0x04, 0x91 }, \
  { 0x00, 0x96, 0x70, 0x50 }, \
  { 0xF4, 0x67, 0xFF, 0x83 }, \
  { 0x01, 0x96, 0x70, 0x50 }, \
  { 0x00, 0x4E, 0x70, 0x4F }, \
  { 0x00, 0x01, 0x80, 0x93 }, \
  { 0x00, 0x95, 0x70, 0x50 }, \
  { 0x01, 0x94, 0x70, 0x50 }, \
  { 0x00, 0x96, 0x70, 0x50 }, \
  { 0x0C, 0x68, 0xFF, 0x83 }, \
  { 0x00, 0x4B, 0x70, 0x4F }, \
  { 0x02, 0x01, 0x02, 0x90 }, \
  { 0x80, 0x46, 0x07, 0x50 }, \
  { 0xFF, 0xFF, 0xFF, 0xFB }, \
  { 0x81, 0x4A, 0x51, 0x5E }, \
  { 0x01, 0x4A, 0x51, 0x50 }, \
  { 0x80, 0x46, 0x61, 0x50 }, \
  { 0x01, 0xEA, 0x51, 0x50 }, \
  { 0x00, 0x54, 0x51, 0x4F }, \
  { 0x01, 0x55, 0x51, 0x4F }, \
  { 0x02, 0x56, 0x51, 0x4F }, \
  { 0x03, 0x57, 0x51, 0x4F }, \
  { 0x00, 0x5A, 0x71, 0x73 }, \
  { 0x01, 0x5B, 0x71, 0x73 }, \
  { 0x02, 0x5C, 0x71, 0x73 }, \
  { 0x03, 0x5D, 0x71, 0x73 }, \
  { 0x80, 0x16, 0x08, 0x50 }, \
  { 0x80, 0x11, 0x08, 0x50 }, \
  { 0x80, 0x13, 0x08, 0x50 }, \
  { 0x03, 0x1A, 0x08, 0x50 }, \
  { 0x80, 0x14, 0x08, 0x50 }, \
  { 0x80, 0x15, 0x08, 0x50 }, \
  { 0x00, 0x4C, 0x70, 0x4F }, \
  { 0x01, 0x00, 0x70, 0x20 }, \
  { 0x00, 0x4C, 0x70, 0x73 }, \
  { 0x80, 0x46, 0x0B, 0x51 }, \
  { 0x80, 0x46, 0x2C, 0x54 }, \
  { 0x80, 0x46, 0x0B, 0x56 }, \
  { 0x80, 0x46, 0x0B, 0x5A }, \
  { 0x80, 0x46, 0x0B, 0x53 }, \
  { 0x80, 0x46, 0x2C, 0x58 }, \
  { 0x80, 0x46, 0x2C, 0x52 }, \
  { 0xBC, 0x6D, 0x0B, 0x61 }, \
  { 0xBC, 0x6D, 0x2C, 0x64 }, \
  { 0xBC, 0x6D, 0x0B, 0x66 }, \
  { 0xBC, 0x6D, 0x0B, 0x6A }, \
  { 0xBC, 0x6D, 0x2C, 0x68 }, \
  { 0xBC, 0x6D, 0x2C, 0x62 }, \
  { 0xFF, 0xFF, 0xFF, 0xFB }, \
  { 0xBC, 0x6D, 0x0A, 0x61 }, \
  { 0xBC, 0x6D, 0x24, 0x64 }, \
  { 0xBC, 0x6D, 0x0A, 0x66 }, \
  { 0xBC, 0x6D, 0x0A, 0x6A }, \
  { 0xBC, 0x6D, 0x24, 0x68 }, \
  { 0xBC, 0x6D, 0x24, 0x62 }, \
  { 0x30, 0x05, 0x01, 0x4F }, \
  { 0x25, 0x01, 0xFF, 0x91 }, \
  { 0xBC, 0x6D, 0x0B, 0x63 }, \
  { 0xBC, 0x6D, 0x0A, 0x63 }, \
  { 0x00, 0x53, 0x9A, 0x51 }, \
  { 0x09, 0xDA, 0x9A, 0x51 }, \
  { 0xCF, 0x84, 0x08, 0x51 }, \
  { 0x8B, 0x86, 0x08, 0x51 }, \
  { 0x01, 0x02, 0x7E, 0x29 }, \
  { 0xFF, 0xFF, 0xFF, 0xFB }, \
  { 0xFF, 0xFF, 0xFF, 0xFB }, \
  { 0x0D, 0xF2, 0x0F, 0x90 }, \
  { 0x38, 0x69, 0xFF, 0x83 }, \
  { 0xF0, 0x04, 0xFF, 0x44 }, \
  { 0x51, 0x01, 0xFF, 0x91 }, \
  { 0x01, 0x00, 0x7F, 0x20 }, \
  { 0xE4, 0x68, 0xFF, 0x83 }, \
  { 0x8B, 0x00, 0x72, 0x28 }, \
  { 0xF0, 0x06, 0xFF, 0x44 }, \
  { 0x01, 0x01, 0xFF, 0x92 }, \
  { 0x00, 0xF1, 0x01, 0x91 }, \
  { 0x01, 0x00, 0x7F, 0x20 }, \
  { 0xE4, 0x68, 0xFF, 0x83 }, \
  { 0x08, 0x00, 0x7E, 0x28 }, \
  { 0xCF, 0x84, 0xFF, 0x04 }, \
  { 0xF2, 0x86, 0xFF, 0x0C }, \
  { 0x01, 0x00, 0x7E, 0x28 }, \
  { 0x01, 0x00, 0x7F, 0x20 }, \
  { 0x0D, 0xF5, 0x0F, 0x90 }, \
  { 0xE4, 0x68, 0xFF, 0x83 }, \
  { 0x00, 0x46, 0x76, 0x29 }, \
  { 0x84, 0x00, 0x7D, 0x28 }, \
  { 0x10, 0x6E, 0x08, 0x61 }, \
  { 0x80, 0x32, 0x16, 0x50 }, \
  { 0x86, 0x00, 0x7D, 0x28 }, \
  { 0x10, 0x6E, 0x08, 0x61 }, \
  { 0x80, 0x32, 0x16, 0x50 }, \
  { 0x06, 0x48, 0x2C, 0x53 }, \
  { 0x00, 0x00, 0xFF, 0xC1 }, \
  { 0x30, 0x05, 0x01, 0x4F }, \
  { 0x3C, 0x01, 0xFF, 0x90 }, \
  { 0x0B, 0x80, 0x29, 0x53 }, \
  { 0xB8, 0xAE, 0xFF, 0x9B }, \
  { 0x00, 0x40, 0x2C, 0x53 }, \
  { 0x00, 0x45, 0x16, 0x58 }, \
  { 0x00, 0x45, 0x16, 0x52 }, \
  { 0x0F, 0xB0, 0x2C, 0x53 }, \
  { 0x8F, 0xB2, 0x2C, 0x53 }, \
  { 0x05, 0xB1, 0x2C, 0x53 }, \
  { 0x50, 0x40, 0xB3, 0x51 }, \
  { 0x07, 0x41, 0xB3, 0x51 }, \
  { 0x98, 0x6D, 0xB3, 0x61 }, \
  { 0x01, 0xDA, 0xB5, 0x51 }, \
  { 0x01, 0xDA, 0xB4, 0x51 }, \
  { 0xBC, 0x6D, 0x0D, 0x61 }, \
  { 0x3A, 0x40, 0x0D, 0x51 }, \
  { 0x07, 0x41, 0x0D, 0x51 }, \
  { 0x01, 0x44, 0x14, 0x51 }, \
  { 0x01, 0x00, 0xFF, 0xC1 }, \
  { 0x08, 0x40, 0x0D, 0x51 }, \
  { 0x07, 0x41, 0x0D, 0x51 }, \
  { 0x01, 0x89, 0x9B, 0x51 }, \
  { 0x01, 0x89, 0x9E, 0x51 }, \
  { 0x01, 0x89, 0xA1, 0x51 }, \
  { 0x01, 0x89, 0xA4, 0x51 }, \
  { 0x01, 0x89, 0xA7, 0x51 }, \
  { 0x01, 0x89, 0xAA, 0x51 }, \
  { 0x01, 0x89, 0xAD, 0x51 }, \
  { 0x01, 0x89, 0x9B, 0x56 }, \
  { 0x01, 0x89, 0x9B, 0x57 }, \
  { 0x01, 0x89, 0x9B, 0x5A }, \
  { 0x1C, 0x81, 0x9B, 0x51 }, \
  { 0x1C, 0x81, 0x9E, 0x51 }, \
  { 0x1C, 0x81, 0xA1, 0x51 }, \
  { 0x1C, 0x81, 0xA4, 0x51 }, \
  { 0x1C, 0x81, 0xA7, 0x51 }, \
  { 0x1C, 0x81, 0xAA, 0x51 }, \
  { 0x1C, 0x81, 0xAD, 0x51 }, \
  { 0x1C, 0x81, 0x9B, 0x56 }, \
  { 0x1C, 0x81, 0x9B, 0x57 }, \
  { 0x1C, 0x81, 0x9B, 0x5A }, \
  { 0x5F, 0x71, 0x9C, 0x51 }, \
  { 0x5F, 0x71, 0x9F, 0x51 }, \
  { 0x5F, 0x71, 0xA2, 0x51 }, \
  { 0x5F, 0x71, 0xA5, 0x51 }, \
  { 0x5F, 0x71, 0xA8, 0x51 }, \
  { 0x5F, 0x71, 0xAB, 0x51 }, \
  { 0x5F, 0x71, 0xAE, 0x51 }, \
  { 0x5F, 0x71, 0x9C, 0x56 }, \
  { 0x5F, 0x71, 0x9C, 0x57 }, \
  { 0x5F, 0x71, 0x9C, 0x5A }, \
  { 0xB0, 0xA5, 0x9B, 0x51 }, \
  { 0xB0, 0xA5, 0x9E, 0x51 }, \
  { 0xB0, 0xA5, 0xA1, 0x51 }, \
  { 0xB0, 0xA5, 0xA4, 0x51 }, \
  { 0xB0, 0xA5, 0xA7, 0x51 }, \
  { 0xB0, 0xA5, 0xAA, 0x51 }, \
  { 0xB0, 0xA5, 0xAD, 0x51 }, \
  { 0xB0, 0xA5, 0x9B, 0x56 }, \
  { 0xB0, 0xA5, 0x9B, 0x57 }, \
  { 0xB0, 0xA5, 0x9B, 0x5A }, \
  { 0x08, 0x62, 0xAE, 0x51 }, \
  { 0x02, 0x63, 0xAE, 0x51 }, \
  { 0x08, 0x62, 0x9C, 0x5A }, \
  { 0x02, 0x63, 0x9C, 0x5A }, \
  { 0x6C, 0x88, 0xA1, 0x51 }, \
  { 0x6C, 0x88, 0xA7, 0x51 }, \
  { 0x6C, 0x88, 0xAA, 0x51 }, \
  { 0x6C, 0x88, 0xAD, 0x51 }, \
  { 0x6C, 0x88, 0xB0, 0x51 }, \
  { 0x6C, 0x88, 0xB3, 0x51 }, \
  { 0x6C, 0x88, 0x9B, 0x56 }, \
  { 0x6C, 0x88, 0x9B, 0x5A }, \
  { 0x6C, 0x88, 0xB0, 0x51 }, \
  { 0x83, 0x56, 0x9B, 0x51 }, \
  { 0x20, 0x55, 0x9B, 0x51 }, \
  { 0x82, 0x56, 0x9E, 0x51 }, \
  { 0x20, 0x55, 0x9E, 0x51 }, \
  { 0x82, 0x56, 0xA7, 0x51 }, \
  { 0x20, 0x55, 0xA7, 0x51 }, \
  { 0x82, 0x56, 0xAA, 0x51 }, \
  { 0x20, 0x55, 0xAA, 0x51 }, \
  { 0x82, 0x56, 0xAD, 0x51 }, \
  { 0x20, 0x55, 0xAD, 0x51 }, \
  { 0x00, 0x47, 0x70, 0x4F }, \
  { 0x00, 0x01, 0x40, 0x97 }, \
  { 0x80, 0x94, 0x9B, 0x51 }, \
  { 0x80, 0x94, 0x9E, 0x51 }, \
  { 0x01, 0x95, 0x9E, 0x51 }, \
  { 0x9B, 0xC0, 0x9E, 0x51 }, \
  { 0x80, 0xC1, 0x9E, 0x51 }, \
  { 0x9B, 0xC0, 0x9F, 0x51 }, \
  { 0x9B, 0xC0, 0xA0, 0x51 }, \
  { 0x01, 0x96, 0x9B, 0x51 }, \
  { 0x80, 0x94, 0xA1, 0x51 }, \
  { 0x80, 0x94, 0xA4, 0x51 }, \
  { 0x01, 0x95, 0xA4, 0x51 }, \
  { 0xA1, 0xC0, 0xA4, 0x51 }, \
  { 0x80, 0xC1, 0xA4, 0x51 }, \
  { 0xA1, 0xC0, 0xA5, 0x51 }, \
  { 0xA1, 0xC0, 0xA6, 0x51 }, \
  { 0x01, 0x96, 0xA1, 0x51 }, \
  { 0x01, 0x48, 0x70, 0x4F }, \
  { 0x00, 0x11, 0x04, 0x94 }, \
  { 0xB8, 0x40, 0xAD, 0x51 }, \
  { 0x03, 0x41, 0xAD, 0x51 }, \
  { 0x98, 0x6D, 0xAD, 0x61 }, \
  { 0x01, 0xDA, 0xAF, 0x51 }, \
  { 0x01, 0xDA, 0xAE, 0x51 }, \
  { 0x48, 0x40, 0xB0, 0x51 }, \
  { 0x05, 0x41, 0xB0, 0x51 }, \
  { 0x98, 0x6D, 0xB0, 0x61 }, \
  { 0x01, 0xDA, 0xB2, 0x51 }, \
  { 0x01, 0xDA, 0xB1, 0x51 }, \
  { 0xBC, 0x6D, 0xD1, 0x61 }, \
  { 0xBC, 0x6D, 0x0B, 0x60 }, \
  { 0x00, 0x47, 0x70, 0x4F }, \
  { 0x00, 0x01, 0x40, 0x96 }, \
  { 0x38, 0x40, 0x9B, 0x56 }, \
  { 0x03, 0x41, 0x9B, 0x56 }, \
  { 0x98, 0x6D, 0x9B, 0x66 }, \
  { 0x01, 0xDA, 0x9D, 0x56 }, \
  { 0x01, 0xDA, 0x9D, 0x56 }, \
  { 0x01, 0xDA, 0x9B, 0x56 }, \
  { 0x68, 0x6B, 0xFF, 0x83 }, \
  { 0x38, 0x40, 0x9E, 0x51 }, \
  { 0x03, 0x41, 0x9E, 0x51 }, \
  { 0x98, 0x6D, 0x9E, 0x61 }, \
  { 0x01, 0xDA, 0xA0, 0x51 }, \
  { 0x01, 0xDA, 0x9E, 0x51 }, \
  { 0x01, 0x48, 0x70, 0x4F }, \
  { 0x04, 0x11, 0x04, 0x93 }, \
  { 0x38, 0x40, 0xC8, 0x51 }, \
  { 0x03, 0x41, 0xC8, 0x51 }, \
  { 0x98, 0x6D, 0xC8, 0x61 }, \
  { 0x8C, 0x6B, 0xFF, 0x83 }, \
  { 0x38, 0x40, 0xC9, 0x51 }, \
  { 0x03, 0x41, 0xC9, 0x51 }, \
  { 0x98, 0x6D, 0xC9, 0x61 }, \
  { 0xB8, 0x40, 0xAA, 0x51 }, \
  { 0x03, 0x41, 0xAA, 0x51 }, \
  { 0x98, 0x6D, 0xAA, 0x61 }, \
  { 0x01, 0xDA, 0xAC, 0x51 }, \
  { 0x38, 0x40, 0xA7, 0x51 }, \
  { 0x03, 0x41, 0xA7, 0x51 }, \
  { 0x98, 0x6D, 0xA7, 0x61 }, \
  { 0x01, 0xDA, 0xA9, 0x51 }, \
  { 0x38, 0x40, 0xC2, 0x51 }, \
  { 0x03, 0x41, 0xC2, 0x51 }, \
  { 0x98, 0x6D, 0xC2, 0x61 }, \
  { 0x08, 0x40, 0xD5, 0x51 }, \
  { 0x07, 0x41, 0xD5, 0x51 }, \
  { 0x98, 0x6D, 0xD5, 0x61 }, \
  { 0x00, 0x95, 0x70, 0x4F }, \
  { 0x00, 0x00, 0x71, 0x28 }, \
  { 0x08, 0x6D, 0x72, 0x29 }, \
  { 0x01, 0x21, 0xFF, 0xAE }, \
  { 0x00, 0x95, 0x70, 0x4F }, \
  { 0x01, 0x00, 0x71, 0x28 }, \
  { 0x34, 0x6D, 0x72, 0x29 }, \
  { 0x01, 0x21, 0xFF, 0xAE }, \
  { 0x01, 0x48, 0x70, 0x4F }, \
  { 0x04, 0x11, 0x04, 0x92 }, \
  { 0x98, 0x6D, 0xAD, 0x61 }, \
  { 0x01, 0xDA, 0xAF, 0x51 }, \
  { 0x00, 0x6C, 0xFF, 0x83 }, \
  { 0x98, 0x6D, 0x9B, 0x6A }, \
  { 0x01, 0xDA, 0x9D, 0x5A }, \
  { 0xF0, 0x40, 0xCB, 0x51 }, \
  { 0x02, 0x41, 0xCB, 0x51 }, \
  { 0x98, 0x6D, 0xCB, 0x61 }, \
  { 0x08, 0x40, 0xD6, 0x51 }, \
  { 0x07, 0x41, 0xD6, 0x51 }, \
  { 0x98, 0x6D, 0xD6, 0x61 }, \
  { 0x98, 0x6D, 0xD0, 0x61 }, \
  { 0x98, 0x6D, 0xC5, 0x61 }, \
  { 0x90, 0x40, 0xC7, 0x51 }, \
  { 0x03, 0x41, 0xC7, 0x51 }, \
  { 0x98, 0x6D, 0xC7, 0x61 }, \
  { 0x98, 0x6D, 0xD7, 0x61 }, \
  { 0x00, 0x95, 0x70, 0x4F }, \
  { 0x00, 0x01, 0x01, 0x90 }, \
  { 0x44, 0x6C, 0xFF, 0x83 }, \
  { 0x8D, 0x64, 0xC3, 0x51 }, \
  { 0x98, 0x6D, 0xC3, 0x61 }, \
  { 0x80, 0x45, 0x50, 0x50 }, \
  { 0x8D, 0x64, 0xC1, 0x51 }, \
  { 0x98, 0x6D, 0xC1, 0x61 }, \
  { 0xA4, 0x6D, 0xD9, 0x61 }, \
  { 0x74, 0x6E, 0xFF, 0x9B }, \
  { 0x98, 0x6E, 0xFF, 0x9B }, \
  { 0x00, 0x94, 0x70, 0x4F }, \
  { 0x01, 0x01, 0x01, 0x92 }, \
  { 0x88, 0x40, 0x44, 0x54 }, \
  { 0x0B, 0x41, 0x44, 0x54 }, \
  { 0x78, 0x6C, 0xFF, 0x83 }, \
  { 0xC8, 0x40, 0x44, 0x54 }, \
  { 0x09, 0x41, 0x44, 0x54 }, \
  { 0x98, 0x6D, 0x44, 0x64 }, \
  { 0x98, 0x6D, 0xD3, 0x61 }, \
  { 0x98, 0x6D, 0xCD, 0x61 }, \
  { 0x00, 0x96, 0x70, 0x4F }, \
  { 0x00, 0x01, 0x01, 0x90 }, \
  { 0xAC, 0x6C, 0xFF, 0x83 }, \
  { 0x90, 0x40, 0xDC, 0x51 }, \
  { 0x0B, 0x41, 0xDC, 0x51 }, \
  { 0xA4, 0x6D, 0xDC, 0x61 }, \
  { 0x90, 0x40, 0xD8, 0x51 }, \
  { 0x0B, 0x41, 0xD8, 0x51 }, \
  { 0xA4, 0x6D, 0xD8, 0x61 }, \
  { 0xAA, 0xE6, 0xD8, 0x51 }, \
  { 0x38, 0x40, 0xA1, 0x51 }, \
  { 0x03, 0x41, 0xA1, 0x51 }, \
  { 0x98, 0x6D, 0xA1, 0x61 }, \
  { 0x01, 0xDA, 0xA3, 0x51 }, \
  { 0xBC, 0x6D, 0x60, 0x60 }, \
  { 0x14, 0x44, 0x59, 0x50 }, \
  { 0x14, 0x4D, 0x59, 0x50 }, \
  { 0xBC, 0x6D, 0x59, 0x60 }, \
  { 0xD0, 0x6C, 0xFF, 0x83 }, \
  { 0xB8, 0xAE, 0xFF, 0x9B }, \
  { 0x00, 0x40, 0x2C, 0x53 }, \
  { 0x00, 0x45, 0x16, 0x58 }, \
  { 0x00, 0x45, 0x16, 0x52 }, \
  { 0x64, 0x00, 0xFF, 0xC1 }, \
  { 0x00, 0x4B, 0x70, 0x4F }, \
  { 0x02, 0x01, 0x02, 0x90 }, \
  { 0x80, 0x46, 0x07, 0x50 }, \
  { 0x10, 0x00, 0xFF, 0xC1 }, \
  { 0x00, 0x01, 0x01, 0x5E }, \
  { 0x00, 0x01, 0x01, 0x50 }, \
  { 0xFF, 0xFF, 0xFF, 0xFB }, \
  { 0xFF, 0xFF, 0xFF, 0xFB }, \
  { 0xFF, 0xFF, 0xFF, 0x8F }, \
  { 0x01, 0x48, 0x70, 0x4F }, \
  { 0x04, 0x11, 0x04, 0x91 }, \
  { 0x1C, 0x40, 0xAD, 0x51 }, \
  { 0x04, 0x41, 0xAD, 0x51 }, \
  { 0x1C, 0x40, 0x9B, 0x5A }, \
  { 0x04, 0x41, 0x9B, 0x5A }, \
  { 0x88, 0x40, 0xC3, 0x51 }, \
  { 0x03, 0x41, 0xC3, 0x51 }, \
  { 0xF8, 0x40, 0xC1, 0x51 }, \
  { 0x01, 0x41, 0xC1, 0x51 }, \
  { 0xFF, 0xFF, 0xFF, 0x8F }, \
  { 0x01, 0x48, 0x70, 0x4F }, \
  { 0x04, 0x11, 0x04, 0x91 }, \
  { 0x58, 0x40, 0xAD, 0x51 }, \
  { 0x04, 0x41, 0xAD, 0x51 }, \
  { 0x58, 0x40, 0x9B, 0x5A }, \
  { 0x04, 0x41, 0x9B, 0x5A }, \
  { 0x58, 0x40, 0xC1, 0x51 }, \
  { 0x02, 0x41, 0xC1, 0x51 }, \
  { 0xFF, 0xFF, 0xFF, 0x8F }, \
  { 0xFF, 0xFF, 0xFF, 0xFB }, \
  { 0x31, 0x5F, 0x30, 0x4F }, \
  { 0x01, 0x11, 0x01, 0x92 }, \
  { 0xA7, 0x00, 0xFF, 0xC1 }, \
  { 0x31, 0x5F, 0x30, 0x4F }, \
  { 0x01, 0x10, 0xFF, 0xB7 }, \
  { 0x03, 0x08, 0x3C, 0x53 }, \
  { 0x01, 0x00, 0xFF, 0xC1 }, \
  { 0x31, 0x08, 0x3C, 0x4F }, \
  { 0x00, 0x10, 0xFF, 0xB7 }, \
  { 0x44, 0x58, 0x4F, 0x53 }, \
  { 0x80, 0x46, 0x4F, 0x53 }, \
  { 0x30, 0x08, 0x4F, 0x4F }, \
  { 0x0A, 0x00, 0xFF, 0xC1 }, \
  { 0x80, 0x01, 0x80, 0xB7 }, \
  { 0x88, 0x6D, 0xFF, 0x83 }, \
  { 0x01, 0xDA, 0xFF, 0x04 }, \
  { 0x00, 0xD9, 0xFF, 0x04 }, \
  { 0xC0, 0x6D, 0xFF, 0x83 }, \
  { 0x01, 0xDA, 0xFF, 0x04 }, \
  { 0x00, 0xDB, 0xFF, 0x04 }, \
  { 0x01, 0xD8, 0xFF, 0x04 }, \
  { 0x80, 0x46, 0xFF, 0x04 }, \
  { 0x0C, 0x00, 0xFF, 0xC1 }, \
  { 0xFF, 0xFF, 0xFF, 0x8F }, \
  { 0x05, 0xDA, 0xFF, 0x04 }, \
  { 0x01, 0xD8, 0xFF, 0x04 }, \
  { 0x80, 0x46, 0xFF, 0x04 }, \
  { 0x00, 0x4B, 0x70, 0x4F }, \
  { 0x00, 0x01, 0x02, 0x90 }, \
  { 0x08, 0x6E, 0xFF, 0x83 }, \
  { 0x02, 0x47, 0x70, 0x4F }, \
  { 0x03, 0x48, 0x70, 0x4F }, \
  { 0x02, 0x01, 0x02, 0x90 }, \
  { 0xFF, 0xFF, 0xFF, 0xFB }, \
  { 0x01, 0x00, 0x70, 0x29 }, \
  { 0xFF, 0xFF, 0x70, 0x3B }, \
  { 0xF0, 0xF2, 0xF2, 0x2F }, \
  { 0xF3, 0xF2, 0xF2, 0x32 }, \
  { 0x00, 0x21, 0xFF, 0x93 }, \
  { 0xF0, 0x08, 0xFF, 0x44 }, \
  { 0x80, 0x01, 0x80, 0x92 }, \
  { 0xBF, 0x00, 0xFE, 0xC1 }, \
  { 0xF8, 0x6D, 0xFF, 0x83 }, \
  { 0x05, 0x00, 0xFF, 0xC1 }, \
  { 0xFF, 0xFF, 0xFF, 0x8F }, \
  { 0xF0, 0xFD, 0xFF, 0x46 }, \
  { 0x80, 0x00, 0xF0, 0x30 }, \
  { 0xF0, 0xFD, 0xFF, 0x0E }, \
  { 0x01, 0x00, 0x7D, 0x20 }, \
  { 0x00, 0x4B, 0x70, 0x4F }, \
  { 0x02, 0x00, 0x02, 0x90 }, \
  { 0xFF, 0xFF, 0xFF, 0x8F }, \
  { 0x02, 0x47, 0x70, 0x4F }, \
  { 0x03, 0x48, 0x70, 0x4F }, \
  { 0x01, 0x00, 0x70, 0x29 }, \
  { 0xFF, 0xFF, 0x70, 0x3B }, \
  { 0xF0, 0xF2, 0xF2, 0x2F }, \
  { 0xF3, 0xF2, 0xF2, 0x32 }, \
  { 0x00, 0x20, 0xFF, 0x91 }, \
  { 0xFF, 0xFF, 0xFF, 0x8F }, \
  { 0xFF, 0xFF, 0xFF, 0xFB }, \
  { 0x3F, 0x02, 0xFE, 0xC1 }, \
  { 0xF0, 0xFD, 0xFF, 0x46 }, \
  { 0x80, 0x00, 0x80, 0x90 }, \
  { 0xFF, 0xFF, 0xFF, 0x8F }, \
  { 0x01, 0x00, 0x76, 0x25 }, \
  { 0x00, 0x66, 0x00, 0x90 }, \
  { 0x50, 0x6E, 0xFF, 0x83 }, \
  { 0x00, 0x91, 0x08, 0x50 }, \
  { 0xFF, 0xFF, 0xFF, 0xFC }, \
  { 0x00, 0x46, 0xB2, 0x50 }, \
  { 0x01, 0x40, 0xB2, 0x50 }, \
  { 0x80, 0x44, 0xB2, 0x50 }, \
  { 0x01, 0xDA, 0xB2, 0x50 }, \
  { 0x03, 0x45, 0xB2, 0x50 }, \
  { 0x80, 0x46, 0xB2, 0x50 }, \
  { 0x21, 0x00, 0xFF, 0xC1 }, \
  { 0x44, 0xF1, 0x06, 0x5C }, \
  { 0xFF, 0xFF, 0xFF, 0x8F }, \
  { 0x10, 0x16, 0x09, 0x54 }, \
  { 0x10, 0x12, 0x09, 0x54 }, \
  { 0x02, 0x1A, 0x09, 0x54 }, \
  { 0x10, 0x14, 0x09, 0x54 }, \
  { 0x10, 0x15, 0x09, 0x54 }, \
  { 0x80, 0x46, 0x05, 0x54 }, \
  { 0xFF, 0xFF, 0xFF, 0x8F }, \
  { 0xFF, 0xFF, 0xFF, 0xFB }, \
  { 0x00, 0x40, 0x2C, 0x53 }, \
  { 0x00, 0x45, 0x16, 0x58 }, \
  { 0x00, 0x45, 0x16, 0x52 }, \
  { 0x00, 0x96, 0x70, 0x4F }, \
  { 0x00, 0x01, 0x01, 0x90 }, \
  { 0x08, 0x6F, 0xFF, 0x83 }, \
  { 0x90, 0x40, 0xDC, 0x51 }, \
  { 0x0B, 0x41, 0xDC, 0x51 }, \
  { 0x07, 0x45, 0xDC, 0x51 }, \
  { 0x34, 0x72, 0xDC, 0x61 }, \
  { 0x80, 0x46, 0xDC, 0x51 }, \
  { 0x11, 0x00, 0xFF, 0xC1 }, \
  { 0x00, 0x47, 0xDC, 0x51 }, \
  { 0x90, 0x40, 0xD8, 0x51 }, \
  { 0x0B, 0x41, 0xD8, 0x51 }, \
  { 0x07, 0x45, 0xD8, 0x51 }, \
  { 0x34, 0x72, 0xD8, 0x61 }, \
  { 0x80, 0x46, 0xD8, 0x51 }, \
  { 0x11, 0x00, 0xFF, 0xC1 }, \
  { 0x00, 0x47, 0xD8, 0x51 }, \
  { 0x00, 0x95, 0x70, 0x4F }, \
  { 0x00, 0x01, 0x01, 0x92 }, \
  { 0x58, 0x40, 0xC1, 0x51 }, \
  { 0x02, 0x41, 0xC1, 0x51 }, \
  { 0x24, 0x6F, 0xFF, 0x83 }, \
  { 0xF8, 0x40, 0xC1, 0x51 }, \
  { 0x01, 0x41, 0xC1, 0x51 }, \
  { 0x3A, 0x40, 0x0D, 0x51 }, \
  { 0x07, 0x41, 0x0D, 0x51 }, \
  { 0x01, 0x44, 0x14, 0x51 }, \
  { 0x01, 0x00, 0xFF, 0xC1 }, \
  { 0x08, 0x40, 0x0D, 0x51 }, \
  { 0x07, 0x41, 0x0D, 0x51 }, \
  { 0x14, 0x44, 0x59, 0x50 }, \
  { 0x14, 0x4D, 0x59, 0x50 }, \
  { 0x34, 0x72, 0xB3, 0x61 }, \
  { 0x01, 0x48, 0x70, 0x4F }, \
  { 0x00, 0x11, 0x04, 0x90 }, \
  { 0x34, 0x72, 0xAD, 0x61 }, \
  { 0x34, 0x72, 0xB0, 0x61 }, \
  { 0x34, 0x72, 0xD1, 0x61 }, \
  { 0x00, 0x47, 0x70, 0x4F }, \
  { 0x40, 0x01, 0x40, 0x91 }, \
  { 0x34, 0x72, 0x9E, 0x61 }, \
  { 0x70, 0x6F, 0xFF, 0x83 }, \
  { 0x34, 0x72, 0x9B, 0x66 }, \
  { 0x01, 0x48, 0x70, 0x4F }, \
  { 0x04, 0x11, 0x04, 0x91 }, \
  { 0x34, 0x72, 0xC8, 0x61 }, \
  { 0x84, 0x6F, 0xFF, 0x83 }, \
  { 0x34, 0x72, 0xC9, 0x61 }, \
  { 0x34, 0x72, 0xAA, 0x61 }, \
  { 0x34, 0x72, 0xA7, 0x61 }, \
  { 0x34, 0x72, 0xC2, 0x61 }, \
  { 0x34, 0x72, 0xD5, 0x61 }, \
  { 0x01, 0x48, 0x70, 0x4F }, \
  { 0x04, 0x11, 0x04, 0x91 }, \
  { 0x34, 0x72, 0xAD, 0x61 }, \
  { 0xA8, 0x6F, 0xFF, 0x83 }, \
  { 0x34, 0x72, 0x9B, 0x6A }, \
  { 0x34, 0x72, 0xCB, 0x61 }, \
  { 0x34, 0x72, 0xD6, 0x61 }, \
  { 0x34, 0x72, 0xD0, 0x61 }, \
  { 0x34, 0x72, 0xC5, 0x61 }, \
  { 0x34, 0x72, 0xC7, 0x61 }, \
  { 0x34, 0x72, 0xD7, 0x61 }, \
  { 0x34, 0x72, 0xC3, 0x61 }, \
  { 0x34, 0x72, 0xC1, 0x61 }, \
  { 0x34, 0x72, 0xD9, 0x61 }, \
  { 0x34, 0x72, 0x44, 0x64 }, \
  { 0x34, 0x72, 0xD3, 0x61 }, \
  { 0x34, 0x72, 0xCD, 0x61 }, \
  { 0x34, 0x72, 0xDC, 0x61 }, \
  { 0x34, 0x72, 0xD8, 0x61 }, \
  { 0x34, 0x72, 0xA1, 0x61 }, \
  { 0x00, 0x95, 0x70, 0x4F }, \
  { 0x01, 0x01, 0x01, 0x90 }, \
  { 0x0C, 0x70, 0xFF, 0x83 }, \
  { 0x58, 0x40, 0xAD, 0x51 }, \
  { 0x04, 0x41, 0xAD, 0x51 }, \
  { 0x58, 0x40, 0x9B, 0x5A }, \
  { 0x04, 0x41, 0x9B, 0x5A }, \
  { 0x58, 0x40, 0xC1, 0x51 }, \
  { 0x02, 0x41, 0xC1, 0x51 }, \
  { 0x2C, 0x70, 0xFF, 0x83 }, \
  { 0x1C, 0x40, 0xAD, 0x51 }, \
  { 0x04, 0x41, 0xAD, 0x51 }, \
  { 0x1C, 0x40, 0x9B, 0x5A }, \
  { 0x04, 0x41, 0x9B, 0x5A }, \
  { 0x88, 0x40, 0xC3, 0x51 }, \
  { 0x03, 0x41, 0xC3, 0x51 }, \
  { 0xF8, 0x40, 0xC1, 0x51 }, \
  { 0x01, 0x41, 0xC1, 0x51 }, \
  { 0x07, 0x45, 0x9B, 0x51 }, \
  { 0x06, 0x45, 0xAD, 0x51 }, \
  { 0x01, 0x48, 0x70, 0x4F }, \
  { 0x04, 0x11, 0x04, 0x91 }, \
  { 0xFF, 0xFF, 0xFF, 0xFB }, \
  { 0x4C, 0x70, 0xFF, 0x83 }, \
  { 0xB8, 0x40, 0xAD, 0x51 }, \
  { 0x03, 0x41, 0xAD, 0x51 }, \
  { 0x06, 0x45, 0xB3, 0x51 }, \
  { 0x50, 0x40, 0xB3, 0x51 }, \
  { 0x07, 0x41, 0xB3, 0x51 }, \
  { 0x98, 0x6D, 0xB3, 0x61 }, \
  { 0x01, 0x48, 0x70, 0x4F }, \
  { 0x00, 0x11, 0x04, 0x91 }, \
  { 0x06, 0x45, 0xAD, 0x51 }, \
  { 0x98, 0x6D, 0xAD, 0x61 }, \
  { 0x06, 0x45, 0xB0, 0x51 }, \
  { 0x48, 0x40, 0xB0, 0x51 }, \
  { 0x05, 0x41, 0xB0, 0x51 }, \
  { 0x98, 0x6D, 0xB0, 0x61 }, \
  { 0x07, 0x45, 0xD1, 0x51 }, \
  { 0x98, 0x6D, 0xD1, 0x61 }, \
  { 0x07, 0x45, 0x9B, 0x56 }, \
  { 0x07, 0x45, 0x9E, 0x51 }, \
  { 0x07, 0x45, 0xC8, 0x51 }, \
  { 0x07, 0x45, 0xC9, 0x51 }, \
  { 0x07, 0x45, 0xAA, 0x51 }, \
  { 0x07, 0x45, 0xA7, 0x51 }, \
  { 0x07, 0x45, 0xC2, 0x51 }, \
  { 0x06, 0x45, 0xD5, 0x51 }, \
  { 0x08, 0x40, 0xD5, 0x51 }, \
  { 0x07, 0x41, 0xD5, 0x51 }, \
  { 0x98, 0x6D, 0xD5, 0x61 }, \
  { 0x07, 0x45, 0xAD, 0x51 }, \
  { 0x98, 0x6D, 0xAD, 0x61 }, \
  { 0x07, 0x45, 0xCB, 0x51 }, \
  { 0xF0, 0x40, 0xCB, 0x51 }, \
  { 0x02, 0x41, 0xCB, 0x51 }, \
  { 0x98, 0x6D, 0xCB, 0x61 }, \
  { 0x07, 0x45, 0xD6, 0x51 }, \
  { 0x08, 0x40, 0xD6, 0x51 }, \
  { 0x07, 0x41, 0xD6, 0x51 }, \
  { 0x98, 0x6D, 0xD6, 0x61 }, \
  { 0x07, 0x45, 0xD0, 0x51 }, \
  { 0x98, 0x6D, 0xD0, 0x61 }, \
  { 0x07, 0x45, 0xC5, 0x51 }, \
  { 0x98, 0x6D, 0xC5, 0x61 }, \
  { 0x07, 0x45, 0xC7, 0x51 }, \
  { 0x90, 0x40, 0xC7, 0x51 }, \
  { 0x03, 0x41, 0xC7, 0x51 }, \
  { 0x98, 0x6D, 0xC7, 0x61 }, \
  { 0x07, 0x45, 0xD7, 0x51 }, \
  { 0x98, 0x6D, 0xD7, 0x61 }, \
  { 0x00, 0x95, 0x70, 0x4F }, \
  { 0x00, 0x01, 0x01, 0x90 }, \
  { 0x1C, 0x71, 0xFF, 0x83 }, \
  { 0x07, 0x45, 0xC3, 0x51 }, \
  { 0x88, 0x40, 0xC3, 0x51 }, \
  { 0x03, 0x41, 0xC3, 0x51 }, \
  { 0x98, 0x6D, 0xC3, 0x61 }, \
  { 0x80, 0x45, 0x50, 0x50 }, \
  { 0xC1, 0x00, 0x7E, 0x28 }, \
  { 0xF0, 0x40, 0xFF, 0x45 }, \
  { 0x64, 0x00, 0x70, 0x21 }, \
  { 0xAA, 0x00, 0x7E, 0x28 }, \
  { 0xF2, 0x40, 0xFF, 0x45 }, \
  { 0xF0, 0xF2, 0x7A, 0x27 }, \
  { 0x00, 0xA6, 0xFF, 0x91 }, \
  { 0xF0, 0x40, 0xFF, 0x0D }, \
  { 0x80, 0x01, 0xFE, 0xC1 }, \
  { 0x07, 0x45, 0xC1, 0x51 }, \
  { 0x98, 0x6D, 0xC1, 0x61 }, \
  { 0x07, 0x45, 0xD9, 0x51 }, \
  { 0x98, 0x6D, 0xD9, 0x61 }, \
  { 0x01, 0xD8, 0xD9, 0x51 }, \
  { 0x74, 0x6E, 0xFF, 0x9B }, \
  { 0x07, 0x45, 0x44, 0x54 }, \
  { 0x00, 0x94, 0x70, 0x4F }, \
  { 0x01, 0x01, 0x01, 0x93 }, \
  { 0x88, 0x40, 0x44, 0x54 }, \
  { 0x0B, 0x41, 0x44, 0x54 }, \
  { 0x98, 0x6D, 0x44, 0x64 }, \
  { 0x84, 0x71, 0xFF, 0x83 }, \
  { 0xC8, 0x40, 0x44, 0x54 }, \
  { 0x09, 0x41, 0x44, 0x54 }, \
  { 0x98, 0x6D, 0x44, 0x64 }, \
  { 0x07, 0x45, 0xD3, 0x51 }, \
  { 0x98, 0x6D, 0xD3, 0x61 }, \
  { 0x07, 0x45, 0xCD, 0x51 }, \
  { 0x98, 0x6D, 0xCD, 0x61 }, \
  { 0x07, 0x45, 0xA1, 0x51 }, \
  { 0x9C, 0x71, 0xFF, 0x83 }, \
  { 0x0C, 0x9C, 0x70, 0x4F }, \
  { 0x00, 0x47, 0x70, 0x4F }, \
  { 0x00, 0x01, 0x40, 0x91 }, \
  { 0xE4, 0x71, 0x9B, 0x66 }, \
  { 0xB4, 0x71, 0xFF, 0x83 }, \
  { 0xE4, 0x71, 0x9E, 0x61 }, \
  { 0x01, 0x48, 0x70, 0x4F }, \
  { 0x04, 0x11, 0x04, 0x91 }, \
  { 0xE4, 0x71, 0xC8, 0x61 }, \
  { 0xC8, 0x71, 0xFF, 0x83 }, \
  { 0xE4, 0x71, 0xC9, 0x61 }, \
  { 0xE4, 0x71, 0xAA, 0x61 }, \
  { 0xE4, 0x71, 0xA7, 0x61 }, \
  { 0xE4, 0x71, 0xC2, 0x61 }, \
  { 0xE4, 0x71, 0xA1, 0x61 }, \
  { 0xE4, 0x71, 0x9B, 0x61 }, \
  { 0x80, 0x46, 0x4F, 0x53 }, \
  { 0xFF, 0xFF, 0xFF, 0x8F }, \
  { 0x07, 0x45, 0xFF, 0x04 }, \
  { 0xF0, 0x42, 0xFF, 0x45 }, \
  { 0xF6, 0xFF, 0x74, 0xA3 }, \
  { 0x00, 0xC5, 0xFF, 0x96 }, \
  { 0xF1, 0xF5, 0x7B, 0x26 }, \
  { 0x00, 0xB6, 0xFF, 0x94 }, \
  { 0x00, 0xB1, 0xFF, 0x90 }, \
  { 0x28, 0x72, 0xFF, 0x83 }, \
  { 0xF0, 0xF4, 0x7A, 0x26 }, \
  { 0x00, 0xA6, 0xFF, 0x90 }, \
  { 0x28, 0x72, 0xFF, 0x83 }, \
  { 0x02, 0x00, 0x76, 0x21 }, \
  { 0xF6, 0xFF, 0x74, 0xA3 }, \
  { 0xF4, 0x40, 0xFF, 0x0D }, \
  { 0x02, 0x00, 0x76, 0x21 }, \
  { 0x80, 0x46, 0xFF, 0x04 }, \
  { 0xFF, 0xFF, 0xFF, 0x8F }, \
  { 0x04, 0x00, 0x76, 0x21 }, \
  { 0x80, 0x46, 0xFF, 0x04 }, \
  { 0xFF, 0xFF, 0xFF, 0x8F }, \
  { 0xF0, 0x08, 0xFF, 0x44 }, \
  { 0x80, 0x01, 0x80, 0xB7 }, \
  { 0x00, 0x46, 0xFF, 0x04 }, \
  { 0xFF, 0xFF, 0xFF, 0x8F }, \
  { 0x01, 0xDA, 0x59, 0x50 }, \
  { 0xFF, 0xFF, 0xFF, 0x8F }, \
  { 0xFF, 0xFF, 0xFF, 0xFB }, \
  { 0x00, 0x5F, 0x7F, 0x4F }, \
  { 0x01, 0x00, 0x01, 0x92 }, \
  { 0x30, 0x4A, 0x29, 0x4F }, \
  { 0x02, 0x00, 0xF0, 0x30 }, \
  { 0x30, 0x4A, 0x29, 0x73 }, \
  { 0x00, 0x5F, 0x7F, 0x4F }, \
  { 0x02, 0x01, 0x02, 0x90 }, \
  { 0xC0, 0x72, 0xFF, 0x83 }, \
  { 0x30, 0x52, 0x28, 0x4F }, \
  { 0x81, 0x40, 0x12, 0x4F }, \
  { 0xF0, 0xF1, 0xF0, 0x32 }, \
  { 0x01, 0x01, 0x01, 0xB7 }, \
  { 0x01, 0x46, 0x2D, 0x53 }, \
  { 0x30, 0x44, 0x2D, 0x4F }, \
  { 0x02, 0x00, 0xF0, 0x30 }, \
  { 0x30, 0x44, 0x2D, 0x73 }, \
  { 0x00, 0x03, 0xFF, 0xC1 }, \
  { 0x30, 0x44, 0x2D, 0x4F }, \
  { 0xFD, 0x00, 0xF0, 0x2C }, \
  { 0x30, 0x44, 0x2D, 0x73 }, \
  { 0x00, 0x46, 0x2D, 0x53 }, \
  { 0x30, 0x44, 0x2B, 0x4F }, \
  { 0x01, 0x00, 0xF0, 0x30 }, \
  { 0x30, 0x44, 0x2B, 0x73 }, \
  { 0x0F, 0x5C, 0x15, 0x58 }, \
  { 0x08, 0x43, 0x13, 0x58 }, \
  { 0x0F, 0x5C, 0x15, 0x52 }, \
  { 0x08, 0x43, 0x13, 0x52 }, \
  { 0x00, 0x46, 0x37, 0x50 }, \
  { 0x80, 0x47, 0x37, 0x50 }, \
  { 0x00, 0x46, 0x5B, 0x50 }, \
  { 0x00, 0x46, 0x58, 0x50 }, \
  { 0x00, 0x46, 0xCE, 0x51 }, \
  { 0x00, 0x46, 0x40, 0x54 }, \
  { 0x00, 0x46, 0x42, 0x54 }, \
  { 0x00, 0x46, 0x43, 0x54 }, \
  { 0x00, 0x46, 0x45, 0x54 }, \
  { 0x00, 0x46, 0x46, 0x54 }, \
  { 0x00, 0x46, 0x9B, 0x51 }, \
  { 0x88, 0xA0, 0xA1, 0x51 }, \
  { 0x88, 0xA0, 0xAA, 0x51 }, \
  { 0x88, 0xA0, 0xA7, 0x51 }, \
  { 0x88, 0xA0, 0xAD, 0x51 }, \
  { 0x88, 0xA0, 0xAD, 0x51 }, \
  { 0x80, 0xA0, 0xB3, 0x51 }, \
  { 0x80, 0xA0, 0xB0, 0x51 }, \
  { 0x88, 0xA0, 0x9B, 0x51 }, \
  { 0x88, 0xA0, 0xA7, 0x51 }, \
  { 0x88, 0xA0, 0x9E, 0x51 }, \
  { 0x80, 0x45, 0x50, 0x50 }, \
  { 0x00, 0x49, 0x59, 0x50 }, \
  { 0x18, 0x00, 0x59, 0x60 }, \
  { 0x18, 0x00, 0x60, 0x60 }, \
  { 0x18, 0x00, 0xA1, 0x61 }, \
  { 0x00, 0x49, 0xD8, 0x51 }, \
  { 0x18, 0x00, 0xD8, 0x61 }, \
  { 0x21, 0x00, 0xFF, 0xC1 }, \
  { 0x00, 0x47, 0xD8, 0x51 }, \
  { 0x21, 0x00, 0xFF, 0xC1 }, \
  { 0x00, 0x49, 0xDC, 0x51 }, \
  { 0x18, 0x00, 0xDC, 0x61 }, \
  { 0x21, 0x00, 0xFF, 0xC1 }, \
  { 0x00, 0x47, 0xDC, 0x51 }, \
  { 0x21, 0x00, 0xFF, 0xC1 }, \
  { 0x18, 0x00, 0xCD, 0x61 }, \
  { 0x18, 0x00, 0xD3, 0x61 }, \
  { 0x18, 0x00, 0x44, 0x64 }, \
  { 0x80, 0x74, 0xFF, 0x9B }, \
  { 0x18, 0x00, 0xD9, 0x61 }, \
  { 0x18, 0x00, 0xC1, 0x61 }, \
  { 0x00, 0x45, 0x50, 0x50 }, \
  { 0x1E, 0x00, 0xFF, 0xC1 }, \
  { 0x18, 0x00, 0xC3, 0x61 }, \
  { 0x18, 0x00, 0xD7, 0x61 }, \
  { 0x18, 0x00, 0xC7, 0x61 }, \
  { 0x18, 0x00, 0xC5, 0x61 }, \
  { 0x00, 0x49, 0xD0, 0x51 }, \
  { 0x18, 0x00, 0xD0, 0x61 }, \
  { 0x18, 0x00, 0xD6, 0x61 }, \
  { 0x18, 0x00, 0xCB, 0x61 }, \
  { 0x01, 0x48, 0x70, 0x4F }, \
  { 0x04, 0x11, 0x04, 0x91 }, \
  { 0x00, 0x49, 0xAD, 0x51 }, \
  { 0x18, 0x00, 0xAD, 0x61 }, \
  { 0x18, 0x00, 0x9B, 0x6A }, \
  { 0x84, 0x00, 0xFF, 0xC1 }, \
  { 0x3C, 0x00, 0xFF, 0xC1 }, \
  { 0x00, 0x46, 0x07, 0x00 }, \
  { 0x01, 0x00, 0xFF, 0xC1 }, \
  { 0x00, 0x4B, 0x70, 0x4F }, \
  { 0x02, 0x01, 0x02, 0x91 }, \
  { 0x80, 0x46, 0x07, 0x00 }, \
  { 0x01, 0x00, 0xFF, 0xC1 }, \
  { 0x02, 0x09, 0x08, 0x5E }, \
  { 0x18, 0x00, 0xD5, 0x61 }, \
  { 0x18, 0x00, 0xC2, 0x61 }, \
  { 0x18, 0x00, 0xA7, 0x61 }, \
  { 0x18, 0x00, 0xAA, 0x61 }, \
  { 0x18, 0x00, 0xC8, 0x61 }, \
  { 0x18, 0x00, 0xC9, 0x61 }, \
  { 0x00, 0x47, 0x70, 0x4F }, \
  { 0x40, 0x01, 0x40, 0x91 }, \
  { 0x18, 0x00, 0x9E, 0x61 }, \
  { 0xF4, 0x73, 0xFF, 0x83 }, \
  { 0x18, 0x00, 0x9B, 0x66 }, \
  { 0x18, 0x00, 0x0B, 0x60 }, \
  { 0x18, 0x00, 0xD1, 0x61 }, \
  { 0x00, 0x49, 0xB0, 0x51 }, \
  { 0x18, 0x00, 0xB0, 0x61 }, \
  { 0x00, 0x49, 0xAD, 0x51 }, \
  { 0x18, 0x00, 0xAD, 0x61 }, \
  { 0x00, 0x44, 0x14, 0x51 }, \
  { 0x01, 0x00, 0xFF, 0xC1 }, \
  { 0x18, 0x00, 0x0D, 0x61 }, \
  { 0x00, 0x49, 0xB3, 0x51 }, \
  { 0x18, 0x00, 0xB3, 0x61 }, \
  { 0x00, 0x46, 0x37, 0x50 }, \
  { 0x03, 0x00, 0xFF, 0xC1 }, \
  { 0x00, 0x5F, 0x7F, 0x4F }, \
  { 0x02, 0x00, 0x02, 0x95 }, \
  { 0x30, 0x44, 0x2B, 0x4F }, \
  { 0xFE, 0x00, 0xF0, 0x2C }, \
  { 0x30, 0x44, 0x2B, 0x73 }, \
  { 0x30, 0x44, 0x2B, 0x4F }, \
  { 0x02, 0x00, 0xF0, 0x30 }, \
  { 0x30, 0x44, 0x2B, 0x73 }, \
  { 0x00, 0x5C, 0x15, 0x58 }, \
  { 0x02, 0x44, 0x15, 0x58 }, \
  { 0x00, 0x5C, 0x15, 0x52 }, \
  { 0x02, 0x44, 0x15, 0x52 }, \
  { 0x00, 0x48, 0x64, 0x4F }, \
  { 0x7F, 0x00, 0xF0, 0x2C }, \
  { 0x00, 0x48, 0x64, 0x73 }, \
  { 0x00, 0x46, 0x12, 0x4F }, \
  { 0x80, 0x01, 0xFF, 0x90 }, \
  { 0xFF, 0xFF, 0xFF, 0x8F }, \
  { 0x03, 0x71, 0x83, 0x50 }, \
  { 0x02, 0x42, 0x21, 0x50 }, \
  { 0x96, 0x00, 0xFF, 0xC1 }, \
  { 0xFF, 0xFF, 0xFF, 0x8F }, \
  { 0x00, 0x44, 0xB2, 0x50 }, \
  { 0x11, 0x00, 0xFF, 0xC1 }, \
  { 0xFF, 0xFF, 0xFF, 0x8F }, \
  { 0xFF, 0xFF, 0xFF, 0xFF }, \
  { 0xFF, 0xFF, 0xFF, 0xFF }, \
  { 0xFF, 0xFF, 0xFF, 0xFF }, \
  { 0xFF, 0xFF, 0xFF, 0xFF }, \
  { 0xFF, 0xFF, 0xFF, 0xFF }, \
  { 0xFF, 0xFF, 0xFF, 0xFF }, \
  { 0xFF, 0xFF, 0xFF, 0xFF }, \
  { 0xFF, 0xFF, 0xFF, 0xFF }, \
  { 0xFF, 0xFF, 0xFF, 0xFF }, \
  { 0xFF, 0xFF, 0xFF, 0xFF }, \
  { 0xFF, 0xFF, 0xFF, 0xFF }, \
  { 0xFF, 0xFF, 0xFF, 0xFF }, \
  { 0xFF, 0xFF, 0xFF, 0xFF }, \
  { 0xFF, 0xFF, 0xFF, 0xFF }, \
  { 0xFF, 0xFF, 0xFF, 0xFF }, \
  { 0xFF, 0xFF, 0xFF, 0xFF }, \
  { 0xFF, 0xFF, 0xFF, 0xFF }, \
  { 0xFF, 0xFF, 0xFF, 0xFF }, \
  { 0xFF, 0xFF, 0xFF, 0xFF }, \
  { 0xFF, 0xFF, 0xFF, 0xFF }, \
  { 0xFF, 0xFF, 0xFF, 0xFF }, \
  { 0xFF, 0xFF, 0xFF, 0xFF }, \
  { 0xFF, 0xFF, 0xFF, 0xFF }, \
  { 0xFF, 0xFF, 0xFF, 0xFF }, \
  { 0xFF, 0xFF, 0xFF, 0xFF }, \
  { 0xFF, 0xFF, 0xFF, 0xFF }, \
  { 0xFF, 0xFF, 0xFF, 0xFF }, \
  { 0xFF, 0xFF, 0xFF, 0xFF }, \
  { 0xFF, 0xFF, 0xFF, 0xFF }, \
  { 0xFF, 0xFF, 0xFF, 0xFF }, \
  { 0xFF, 0xFF, 0xFF, 0xFF }, \
  { 0xFF, 0xFF, 0xFF, 0xFF }, \
  { 0xFF, 0xFF, 0xFF, 0xFF }, \
  { 0xFF, 0xFF, 0xFF, 0xFF }, \
  { 0xFF, 0xFF, 0xFF, 0xFF }, \
  { 0xFF, 0xFF, 0xFF, 0xFF }, \
  { 0xFF, 0xFF, 0xFF, 0xFF }, \
  { 0xFF, 0xFF, 0xFF, 0xFF }, \
  { 0xFF, 0xFF, 0xFF, 0xFF }, \
  { 0xFF, 0xFF, 0xFF, 0xFF }, \
  { 0xFF, 0xFF, 0xFF, 0xFF }, \
  { 0xFF, 0xFF, 0xFF, 0xFF }, \
  { 0xFF, 0xFF, 0xFF, 0xFF }, \
  { 0xFF, 0xFF, 0xFF, 0xFF }, \
  { 0xFF, 0xFF, 0xFF, 0xFF }, \
  { 0xFF, 0xFF, 0xFF, 0xFF }, \
  { 0xFF, 0xFF, 0xFF, 0xFF }, \
  { 0xFF, 0xFF, 0xFF, 0xFF }, \
  { 0xFF, 0xFF, 0xFF, 0xFF }, \
  { 0xFF, 0xFF, 0xFF, 0xFF }, \
  { 0xFF, 0xFF, 0xFF, 0xFF }, \
  { 0xFF, 0xFF, 0xFF, 0xFF }, \
  { 0xFF, 0xFF, 0xFF, 0xFF }, \
  { 0xFF, 0xFF, 0xFF, 0xFF }, \
  { 0xFF, 0xFF, 0xFF, 0xFF }, \
  { 0xFF, 0xFF, 0xFF, 0xFF }, \
  { 0xFF, 0xFF, 0xFF, 0xFF }, \
  { 0xFF, 0xFF, 0xFF, 0xFF }, \
  { 0xFF, 0xFF, 0xFF, 0xFF }, \
  { 0xFF, 0xFF, 0xFF, 0xFF }, \
  { 0xFF, 0xFF, 0xFF, 0xFF }, \
  { 0xFF, 0xFF, 0xFF, 0xFF }, \
  { 0xFF, 0xFF, 0xFF, 0xFF }, \
  { 0xFF, 0xFF, 0xFF, 0xFF }, \
  { 0xFF, 0xFF, 0xFF, 0xFF }, \
  { 0xFF, 0xFF, 0xFF, 0xFF }, \
  { 0xFF, 0xFF, 0xFF, 0xFF }, \
  { 0xFF, 0xFF, 0xFF, 0xFF }, \
  { 0xFF, 0xFF, 0xFF, 0xFF }, \
  { 0xFF, 0xFF, 0xFF, 0xFF }, \
  { 0xFF, 0xFF, 0xFF, 0xFF }, \
  { 0xFF, 0xFF, 0xFF, 0xFF }, \
  { 0xFF, 0xFF, 0xFF, 0xFF }, \
  { 0xFF, 0xFF, 0xFF, 0xFF }, \
  { 0xFF, 0xFF, 0xFF, 0xFF }, \
  { 0xFF, 0xFF, 0xFF, 0xFF }, \
  { 0xFF, 0xFF, 0xFF, 0xFF }, \
  { 0xFF, 0xFF, 0xFF, 0xFF }, \
  { 0xFF, 0xFF, 0xFF, 0xFF }, \
  { 0xFF, 0xFF, 0xFF, 0xFF }, \
  { 0xFF, 0xFF, 0xFF, 0xFF }, \
  { 0xFF, 0xFF, 0xFF, 0xFF }, \
  { 0xFF, 0xFF, 0xFF, 0xFF }, \
  { 0xFF, 0xFF, 0xFF, 0xFF }, \
  { 0xFF, 0xFF, 0xFF, 0xFF }, \
  { 0xFF, 0xFF, 0xFF, 0xFF }, \
  { 0xFF, 0xFF, 0xFF, 0xFF }, \
  { 0xFF, 0xFF, 0xFF, 0xFF }, \
  { 0xFF, 0xFF, 0xFF, 0xFF }, \
  { 0xFF, 0xFF, 0xFF, 0xFF }, \
  { 0xFF, 0xFF, 0xFF, 0xFF }, \
  { 0xFF, 0xFF, 0xFF, 0xFF }, \
  { 0xFF, 0xFF, 0xFF, 0xFF }, \
  { 0xFF, 0xFF, 0xFF, 0xFF }, \
  { 0xFF, 0xFF, 0xFF, 0xFF }, \
  { 0xFF, 0xFF, 0xFF, 0xFF }, \
  { 0xFF, 0xFF, 0xFF, 0xFF }, \
  { 0xFF, 0xFF, 0xFF, 0xFF }, \
  { 0xFF, 0xFF, 0xFF, 0xFF }, \
  { 0xFF, 0xFF, 0xFF, 0xFF }, \
  { 0xFF, 0xFF, 0xFF, 0xFF }, \
  { 0xFF, 0xFF, 0xFF, 0xFF }, \
  { 0xFF, 0xFF, 0xFF, 0xFF }, \
  { 0xFF, 0xFF, 0xFF, 0xFF }, \
  { 0xFF, 0xFF, 0xFF, 0xFF }, \
  { 0xFF, 0xFF, 0xFF, 0xFF }, \
  { 0xFF, 0xFF, 0xFF, 0xFF }, \
  { 0xFF, 0xFF, 0xFF, 0xFF }, \
  { 0xFF, 0xFF, 0xFF, 0xFF }, \
  { 0xFF, 0xFF, 0xFF, 0xFF }, \
  { 0xFF, 0xFF, 0xFF, 0xFF }, \
  { 0xFF, 0xFF, 0xFF, 0xFF }, \
  { 0xFF, 0xFF, 0xFF, 0xFF }, \
  { 0xFF, 0xFF, 0xFF, 0xFF }, \
  { 0xFF, 0xFF, 0xFF, 0xFF }, \
  { 0xFF, 0xFF, 0xFF, 0xFF }, \
  { 0xFF, 0xFF, 0xFF, 0xFF }, \
  { 0xFF, 0xFF, 0xFF, 0xFF }, \
  { 0xFF, 0xFF, 0xFF, 0xFF }, \
  { 0xFF, 0xFF, 0xFF, 0xFF }, \
  { 0xFF, 0xFF, 0xFF, 0xFF }, \
  { 0xFF, 0xFF, 0xFF, 0xFF }, \
  { 0xFF, 0xFF, 0xFF, 0xFF }, \
  { 0xFF, 0xFF, 0xFF, 0xFF }, \
  { 0xFF, 0xFF, 0xFF, 0xFF }, \
  { 0xFF, 0xFF, 0xFF, 0xFF }, \
  { 0xFF, 0xFF, 0xFF, 0xFF }, \
  { 0xFF, 0xFF, 0xFF, 0xFF }, \
  { 0xFF, 0xFF, 0xFF, 0xFF }, \
  { 0xFF, 0xFF, 0xFF, 0xFF }, \
  { 0xFF, 0xFF, 0xFF, 0xFF }, \
  { 0xFF, 0xFF, 0xFF, 0xFF }, \
  { 0xFF, 0xFF, 0xFF, 0xFF }, \
  { 0xFF, 0xFF, 0xFF, 0xFF }, \
  { 0xFF, 0xFF, 0xFF, 0xFF }, \
  { 0xFF, 0xFF, 0xFF, 0xFF }, \
  { 0xFF, 0xFF, 0xFF, 0xFF }, \
  { 0xFF, 0xFF, 0xFF, 0xFF }, \
  { 0xFF, 0xFF, 0xFF, 0xFF }, \
  { 0xFF, 0xFF, 0xFF, 0xFF }, \
  { 0xFF, 0xFF, 0xFF, 0xFF }, \
  { 0xFF, 0xFF, 0xFF, 0xFF }, \
  { 0xFF, 0xFF, 0xFF, 0xFF }, \
  { 0xFF, 0xFF, 0xFF, 0xFF }, \
  { 0xFF, 0xFF, 0xFF, 0xFF }, \
  { 0xFF, 0xFF, 0xFF, 0xFF }, \
  { 0xFF, 0xFF, 0xFF, 0xFF }, \
  { 0xFF, 0xFF, 0xFF, 0xFF }, \
  { 0xFF, 0xFF, 0xFF, 0xFF }, \
  { 0xFF, 0xFF, 0xFF, 0xFF }, \
  { 0xFF, 0xFF, 0xFF, 0xFF }, \
  { 0xFF, 0xFF, 0xFF, 0xFF }, \
  { 0xFF, 0xFF, 0xFF, 0xFF }, \
  { 0xFF, 0xFF, 0xFF, 0xFF }, \
  { 0xFF, 0xFF, 0xFF, 0xFF }, \
  { 0xFF, 0xFF, 0xFF, 0xFF }, \
  { 0xFF, 0xFF, 0xFF, 0xFF }, \
  { 0xFF, 0xFF, 0xFF, 0xFF }, \
  { 0xFF, 0xFF, 0xFF, 0xFF }, \
  { 0xFF, 0xFF, 0xFF, 0xFF }, \
  { 0xFF, 0xFF, 0xFF, 0xFF }, \
  { 0xFF, 0xFF, 0xFF, 0xFF }, \
  { 0xFF, 0xFF, 0xFF, 0xFF }, \
  { 0xFF, 0xFF, 0xFF, 0xFF }, \
  { 0xFF, 0xFF, 0xFF, 0xFF }, \
  { 0xFF, 0xFF, 0xFF, 0xFF }, \
  { 0xFF, 0xFF, 0xFF, 0xFF }, \
  { 0xFF, 0xFF, 0xFF, 0xFF }, \
  { 0xFF, 0xFF, 0xFF, 0xFF }, \
  { 0xFF, 0xFF, 0xFF, 0xFF }, \
  { 0xFF, 0xFF, 0xFF, 0xFF }, \
  { 0xFF, 0xFF, 0xFF, 0xFF }, \
  { 0xFF, 0xFF, 0xFF, 0xFF }, \
  { 0xFF, 0xFF, 0xFF, 0xFF }, \
  { 0xFF, 0xFF, 0xFF, 0xFF }, \
  { 0xFF, 0xFF, 0xFF, 0xFF }, \
  { 0xFF, 0xFF, 0xFF, 0xFF }, \
  { 0xFF, 0xFF, 0xFF, 0xFF }, \
  { 0xFF, 0xFF, 0xFF, 0xFF }, \
  { 0xFF, 0xFF, 0xFF, 0xFF }, \
  { 0xFF, 0xFF, 0xFF, 0xFF }, \
  { 0xFF, 0xFF, 0xFF, 0xFF }, \
  { 0xFF, 0xFF, 0xFF, 0xFF }, \
  { 0xFF, 0xFF, 0xFF, 0xFF }, \
  { 0xFF, 0xFF, 0xFF, 0xFF }, \
  { 0xFF, 0xFF, 0xFF, 0xFF }, \
  { 0xFF, 0xFF, 0xFF, 0xFF }, \
  { 0xFF, 0xFF, 0xFF, 0xFF }, \
  { 0xFF, 0xFF, 0xFF, 0xFF }, \
  { 0xFF, 0xFF, 0xFF, 0xFF }, \
  { 0xFF, 0xFF, 0xFF, 0xFF }, \
  { 0xFF, 0xFF, 0xFF, 0xFF }, \
  { 0xFF, 0xFF, 0xFF, 0xFF }, \
  { 0xFF, 0xFF, 0xFF, 0xFF }, \
  { 0xFF, 0xFF, 0xFF, 0xFF }, \
  { 0xFF, 0xFF, 0xFF, 0xFF }, \
  { 0xFF, 0xFF, 0xFF, 0xFF }, \
  { 0xFF, 0xFF, 0xFF, 0xFF }, \
  { 0xFF, 0xFF, 0xFF, 0xFF }, \
  { 0xFF, 0xFF, 0xFF, 0xFF }, \
  { 0xFF, 0xFF, 0xFF, 0xFF }, \
  { 0xFF, 0xFF, 0xFF, 0xFF }, \
  { 0xFF, 0xFF, 0xFF, 0xFF }, \
  { 0xFF, 0xFF, 0xFF, 0xFF }, \
  { 0xFF, 0xFF, 0xFF, 0xFF }, \
  { 0xFF, 0xFF, 0xFF, 0xFF }, \
  { 0xFF, 0xFF, 0xFF, 0xFF }, \
  { 0xFF, 0xFF, 0xFF, 0xFF }, \
  { 0xFF, 0xFF, 0xFF, 0xFF }, \
  { 0xFF, 0xFF, 0xFF, 0xFF }, \
  { 0xFF, 0xFF, 0xFF, 0xFF }, \
  { 0xFF, 0xFF, 0xFF, 0xFF }, \
  { 0xFF, 0xFF, 0xFF, 0xFF }, \
  { 0xFF, 0xFF, 0xFF, 0xFF }, \
  { 0xFF, 0xFF, 0xFF, 0xFF }, \
  { 0xFF, 0xFF, 0xFF, 0xFF }, \
  { 0xFF, 0xFF, 0xFF, 0xFF }, \
  { 0xFF, 0xFF, 0xFF, 0xFF }, \
  { 0xFF, 0xFF, 0xFF, 0xFF }, \
  { 0xFF, 0xFF, 0xFF, 0xFF }, \
  { 0xFF, 0xFF, 0xFF, 0xFF }, \
  { 0xFF, 0xFF, 0xFF, 0xFF }, \
  { 0xFF, 0xFF, 0xFF, 0xFF }, \
  { 0xFF, 0xFF, 0xFF, 0xFF }, \
  { 0xFF, 0xFF, 0xFF, 0xFF }, \
  { 0xFF, 0xFF, 0xFF, 0xFF }, \
  { 0xFF, 0xFF, 0xFF, 0xFF }, \
  { 0xFF, 0xFF, 0xFF, 0xFF }, \
  { 0xFF, 0xFF, 0xFF, 0xFF }, \
  { 0xFF, 0xFF, 0xFF, 0xFF }, \
  { 0xFF, 0xFF, 0xFF, 0xFF }, \
  { 0xFF, 0xFF, 0xFF, 0xFF }, \
  { 0xFF, 0xFF, 0xFF, 0xFF }, \
  { 0xFF, 0xFF, 0xFF, 0xFF }, \
  { 0xFF, 0xFF, 0xFF, 0xFF }, \
  { 0xFF, 0xFF, 0xFF, 0xFF }, \
  { 0xFF, 0xFF, 0xFF, 0xFF }, \
  { 0xFF, 0xFF, 0xFF, 0xFF }, \
  { 0xFF, 0xFF, 0xFF, 0xFF }, \
  { 0xFF, 0xFF, 0xFF, 0xFF }, \
  { 0xFF, 0xFF, 0xFF, 0xFF }, \
  { 0xFF, 0xFF, 0xFF, 0xFF }, \
  { 0xFF, 0xFF, 0xFF, 0xFF }, \
  { 0xFF, 0xFF, 0xFF, 0xFF }, \
  { 0xFF, 0xFF, 0xFF, 0xFF }, \
  { 0xFF, 0xFF, 0xFF, 0xFF }, \
  { 0xFF, 0xFF, 0xFF, 0xFF }, \
  { 0xFF, 0xFF, 0xFF, 0xFF }, \
  { 0xFF, 0xFF, 0xFF, 0xFF }, \
  { 0xFF, 0xFF, 0xFF, 0xFF }, \
  { 0xFF, 0xFF, 0xFF, 0xFF }, \
  { 0xFF, 0xFF, 0xFF, 0xFF }, \
  { 0xFF, 0xFF, 0xFF, 0xFF }, \
  { 0xFF, 0xFF, 0xFF, 0xFF }, \
  { 0xFF, 0xFF, 0xFF, 0xFF }, \
  { 0xFF, 0xFF, 0xFF, 0xFF }, \
  { 0xFF, 0xFF, 0xFF, 0xFF }, \
  { 0xFF, 0xFF, 0xFF, 0xFF }, \
  { 0xFF, 0xFF, 0xFF, 0xFF }, \
  { 0xFF, 0xFF, 0xFF, 0xFF }, \
  { 0xFF, 0xFF, 0xFF, 0xFF }, \
  { 0xFF, 0xFF, 0xFF, 0xFF }, \
  { 0xFF, 0xFF, 0xFF, 0xFF }, \
  { 0x00, 0xFF, 0xFF, 0xFF }, \
  { 0xFF, 0xFF, 0xFF, 0xFF }, \
  { 0xFF, 0xFF, 0xFF, 0xFF }, \
  { 0x00, 0xFF, 0xFF, 0xFF }, \
  { 0xFF, 0xFF, 0xFF, 0xFF }, \
  { 0x00, 0xFF, 0xFF, 0xFF }, \
  { 0xFF, 0xFF, 0xFF, 0xFF }, \
  { 0xFF, 0xFF, 0xFF, 0xFF }, \
  { 0xFF, 0xFF, 0xFF, 0xFF }, \
  { 0xFF, 0xFF, 0xFF, 0xFF }, \
  { 0xFF, 0xFF, 0xFF, 0xFF }, \
  { 0x08, 0xFF, 0xFF, 0xFF }, \
  { 0x80, 0xFF, 0xFF, 0xFF }, \
  { 0x00, 0xFF, 0xFF, 0xFF }, \
  { 0x00, 0x00, 0x76, 0x28 }, \
  { 0x60, 0xF1, 0xF6, 0xB8 }, \
  { 0x01, 0x00, 0x76, 0x28 }, \
  { 0x0C, 0x79, 0x78, 0x29 }, \
  { 0x60, 0x81, 0xFF, 0xAE }, \
  { 0x02, 0x00, 0x76, 0x28 }, \
  { 0x58, 0x79, 0x78, 0x29 }, \
  { 0x60, 0x81, 0xFF, 0xAE }, \
  { 0xF4, 0x79, 0xFF, 0x9B }, \
  { 0x48, 0x7A, 0xFF, 0x9B }, \
  { 0xFF, 0xFF, 0xFF, 0x8F }, \
  { 0xAC, 0x78, 0x72, 0x29 }, \
  { 0xF2, 0xFF, 0x76, 0xA3 }, \
  { 0xF6, 0xFF, 0x78, 0xA3 }, \
  { 0xFF, 0xF8, 0x76, 0x2B }, \
  { 0x04, 0x00, 0x76, 0x21 }, \
  { 0xF6, 0xFF, 0x7F, 0xA2 }, \
  { 0xFF, 0xF8, 0x76, 0x2B }, \
  { 0x05, 0x00, 0x76, 0x21 }, \
  { 0xF6, 0xFF, 0x72, 0xA2 }, \
  { 0xFF, 0xF8, 0x76, 0x2B }, \
  { 0x06, 0x00, 0x76, 0x21 }, \
  { 0xF6, 0xFF, 0x73, 0xA2 }, \
  { 0xFF, 0xF8, 0x76, 0x2B }, \
  { 0x07, 0x00, 0x76, 0x21 }, \
  { 0xF6, 0xFF, 0x74, 0xA2 }, \
  { 0xFF, 0xF8, 0x76, 0x2B }, \
  { 0x08, 0x00, 0x76, 0x21 }, \
  { 0xF6, 0xFF, 0x75, 0xA2 }, \
  { 0xFF, 0xFF, 0xFF, 0x8F }, \
  { 0xB8, 0x78, 0x74, 0x29 }, \
  { 0xF4, 0xFF, 0x7A, 0xA3 }, \
  { 0xFA, 0xFF, 0x7C, 0xA3 }, \
  { 0xFC, 0xFF, 0x76, 0xA2 }, \
  { 0x37, 0x00, 0x77, 0x28 }, \
  { 0x80, 0x79, 0x78, 0x29 }, \
  { 0x76, 0x81, 0xFF, 0xAE }, \
  { 0xB4, 0x79, 0x78, 0x29 }, \
  { 0x76, 0x80, 0xFF, 0xAE }, \
  { 0xFF, 0xFF, 0xFF, 0x8F }, \
  { 0xD4, 0x78, 0x70, 0x29 }, \
  { 0xF0, 0xFF, 0x72, 0xA2 }, \
  { 0xD8, 0x78, 0x70, 0x29 }, \
  { 0xF0, 0xFF, 0x73, 0xA2 }, \
  { 0xFF, 0xFC, 0x70, 0x2B }, \
  { 0x03, 0x00, 0x70, 0x21 }, \
  { 0xF0, 0xFF, 0x74, 0xA2 }, \
  { 0xDC, 0x78, 0x70, 0x29 }, \
  { 0xF0, 0xFF, 0x75, 0xA2 }, \
  { 0xFF, 0xFC, 0x70, 0x2B }, \
  { 0x02, 0x00, 0x70, 0x21 }, \
  { 0xF0, 0xFF, 0x7F, 0xA2 }, \
  { 0xFF, 0xFF, 0xFF, 0x8F }, \
  { 0xFF, 0xFC, 0x70, 0x2B }, \
  { 0x07, 0x00, 0x70, 0x21 }, \
  { 0xF0, 0xFF, 0x72, 0xA2 }, \
  { 0xFF, 0xFC, 0x70, 0x2B }, \
  { 0x08, 0x00, 0x70, 0x21 }, \
  { 0xF0, 0xFF, 0x73, 0xA2 }, \
  { 0xFF, 0xFC, 0x70, 0x2B }, \
  { 0x09, 0x00, 0x70, 0x21 }, \
  { 0xF0, 0xFF, 0x74, 0xA2 }, \
  { 0xFF, 0xFC, 0x70, 0x2B }, \
  { 0x0A, 0x00, 0x70, 0x21 }, \
  { 0xF0, 0xFF, 0x75, 0xA2 }, \
  { 0xFF, 0xFC, 0x70, 0x2B }, \
  { 0x06, 0x00, 0x70, 0x21 }, \
  { 0xF0, 0xFF, 0x7F, 0xA2 }, \
  { 0xFF, 0xFF, 0xFF, 0x8F }, \
  { 0x50, 0x7D, 0xFF, 0x9B }, \
  { 0x03, 0x00, 0xFF, 0xD9 }, \
  { 0x36, 0x00, 0x7E, 0x28 }, \
  { 0x00, 0x46, 0xFF, 0x04 }, \
  { 0x03, 0x00, 0x76, 0x28 }, \
  { 0xFF, 0xF4, 0x77, 0x2A }, \
  { 0x00, 0x7C, 0x70, 0x29 }, \
  { 0x6F, 0x01, 0xFF, 0xAE }, \
  { 0x0B, 0x00, 0x76, 0x28 }, \
  { 0x0C, 0x7C, 0x70, 0x29 }, \
  { 0x6F, 0x04, 0xFF, 0xAE }, \
  { 0x03, 0x00, 0xFF, 0xDB }, \
  { 0x36, 0x00, 0x7E, 0x28 }, \
  { 0xF2, 0x42, 0xFF, 0x0C }, \
  { 0xF3, 0x43, 0xFF, 0x0C }, \
  { 0xF4, 0x44, 0xFF, 0x0C }, \
  { 0xF5, 0x45, 0xFF, 0x0C }, \
  { 0x80, 0x46, 0xFF, 0x04 }, \
  { 0x80, 0x47, 0xFF, 0x04 }, \
  { 0x68, 0x7D, 0xFF, 0x9B }, \
  { 0xFF, 0xFF, 0xFF, 0x8F }, \
  { 0x0F, 0x00, 0xFF, 0xD9 }, \
  { 0x40, 0x00, 0x70, 0x28 }, \
  { 0x1F, 0x00, 0x71, 0x28 }, \
  { 0x00, 0x00, 0x72, 0x28 }, \
  { 0xB0, 0x00, 0x73, 0x28 }, \
  { 0x68, 0x7A, 0xFF, 0x9B }, \
  { 0x0F, 0x00, 0xFF, 0xDB }, \
  { 0xFF, 0xFF, 0xFF, 0x8F }, \
  { 0x2B, 0x00, 0x7E, 0x29 }, \
  { 0x06, 0x00, 0x73, 0x20 }, \
  { 0x00, 0xF3, 0xFF, 0x06 }, \
  { 0x06, 0x00, 0x73, 0x24 }, \
  { 0xF0, 0xF3, 0xFF, 0x0E }, \
  { 0x01, 0x00, 0x73, 0x20 }, \
  { 0xF1, 0xF3, 0xFF, 0x0E }, \
  { 0x04, 0x00, 0x73, 0x20 }, \
  { 0xF2, 0xF3, 0xFF, 0x0E }, \
  { 0x01, 0x00, 0x73, 0x20 }, \
  { 0x80, 0xF3, 0xFF, 0x06 }, \
  { 0xFF, 0xFF, 0xFF, 0x8F }, \
  { 0x00, 0x00, 0x74, 0x28 }, \
  { 0xFC, 0x7A, 0xFF, 0x9B }, \
  { 0xA8, 0x78, 0x7A, 0x29 }, \
  { 0xFA, 0xFF, 0x70, 0xA2 }, \
  { 0x00, 0x00, 0x7A, 0x28 }, \
  { 0xFF, 0x00, 0x72, 0x28 }, \
  { 0xA0, 0xF0, 0xF2, 0xBA }, \
  { 0xBC, 0x78, 0x7A, 0x29 }, \
  { 0xFA, 0xFF, 0x70, 0xA2 }, \
  { 0x1E, 0xC0, 0xFF, 0xD9 }, \
  { 0x78, 0x00, 0x7E, 0x29 }, \
  { 0xF1, 0x49, 0xFF, 0x44 }, \
  { 0x01, 0x00, 0x74, 0x28 }, \
  { 0xF4, 0x7A, 0x72, 0x29 }, \
  { 0x41, 0x21, 0xFF, 0xAE }, \
  { 0x1E, 0xC0, 0xFF, 0xDB }, \
  { 0x00, 0x00, 0x7A, 0x28 }, \
  { 0xA0, 0xF1, 0xF2, 0xBA }, \
  { 0x01, 0x00, 0x70, 0x28 }, \
  { 0xA8, 0x78, 0x7A, 0x29 }, \
  { 0xFA, 0xFF, 0x70, 0xA6 }, \
  { 0x01, 0x00, 0x74, 0x28 }, \
  { 0xFF, 0xFF, 0xFF, 0x8F }, \
  { 0x01, 0x00, 0x70, 0x28 }, \
  { 0xFF, 0xFF, 0xFF, 0x8F }, \
  { 0xB4, 0x78, 0x7C, 0x29 }, \
  { 0x01, 0x00, 0x77, 0x28 }, \
  { 0xFC, 0xFF, 0x77, 0xA6 }, \
  { 0xFF, 0xFF, 0xFF, 0x8F }, \
  { 0xFC, 0xFF, 0x7E, 0xA7 }, \
  { 0xF4, 0x40, 0xFF, 0x44 }, \
  { 0xF5, 0x42, 0xFF, 0x44 }, \
  { 0xF6, 0x43, 0xFF, 0x44 }, \
  { 0xF7, 0x44, 0xFF, 0x44 }, \
  { 0xFF, 0xFC, 0x7A, 0x2B }, \
  { 0x04, 0x00, 0x7A, 0x21 }, \
  { 0xFA, 0xFF, 0xF4, 0xA7 }, \
  { 0xF4, 0x45, 0xFF, 0x44 }, \
  { 0x08, 0x00, 0x78, 0x29 }, \
  { 0xF8, 0xFC, 0x7A, 0x23 }, \
  { 0xFA, 0xFF, 0x74, 0xA6 }, \
  { 0xB0, 0x78, 0x72, 0x29 }, \
  { 0xF2, 0xFF, 0x76, 0xA3 }, \
  { 0xFF, 0xFF, 0x74, 0x29 }, \
  { 0x7C, 0x7B, 0x70, 0x29 }, \
  { 0x46, 0x01, 0xFF, 0xAF }, \
  { 0xF6, 0xFF, 0x7C, 0xA7 }, \
  { 0x02, 0x00, 0x76, 0x21 }, \
  { 0xC0, 0x78, 0x72, 0x29 }, \
  { 0x08, 0x00, 0x72, 0x21 }, \
  { 0x74, 0x7B, 0x70, 0x29 }, \
  { 0x26, 0x04, 0xFF, 0xAF }, \
  { 0xB0, 0x78, 0x72, 0x29 }, \
  { 0xF2, 0xFF, 0x76, 0xA7 }, \
  { 0xFF, 0xFF, 0xFF, 0x8F }, \
  { 0xC0, 0x78, 0x76, 0x29 }, \
  { 0xFF, 0xFF, 0xFF, 0x8F }, \
  { 0xC0, 0x78, 0x76, 0x29 }, \
  { 0xAC, 0x78, 0x7A, 0x29 }, \
  { 0xFA, 0xFF, 0x76, 0xA7 }, \
  { 0xB0, 0x78, 0x7A, 0x29 }, \
  { 0xFA, 0xFF, 0x76, 0xA7 }, \
  { 0xFF, 0xFF, 0xFF, 0x8F }, \
  { 0x31, 0x00, 0x7E, 0x29 }, \
  { 0xC8, 0x78, 0x7C, 0x29 }, \
  { 0x01, 0x00, 0x71, 0x28 }, \
  { 0x25, 0x00, 0x72, 0x29 }, \
  { 0xAC, 0x7B, 0xFF, 0x9B }, \
  { 0xFF, 0xFF, 0xFF, 0x8F }, \
  { 0xF0, 0x08, 0xFF, 0x44 }, \
  { 0x02, 0x01, 0xFF, 0xB7 }, \
  { 0xF0, 0x40, 0xFF, 0x44 }, \
  { 0x08, 0x01, 0xFF, 0xB7 }, \
  { 0x09, 0x01, 0xFF, 0xB7 }, \
  { 0x02, 0x01, 0xFF, 0xB7 }, \
  { 0x0B, 0x00, 0x74, 0x28 }, \
  { 0xF0, 0x7B, 0x76, 0x29 }, \
  { 0x40, 0x64, 0xFF, 0xAE }, \
  { 0x00, 0x41, 0xFF, 0xB7 }, \
  { 0x02, 0x08, 0xFF, 0x04 }, \
  { 0x0C, 0x7B, 0xFF, 0x9B }, \
  { 0x98, 0x7A, 0xFF, 0x9B }, \
  { 0x01, 0x00, 0x77, 0x28 }, \
  { 0xE0, 0x78, 0x72, 0x29 }, \
  { 0x74, 0x21, 0xFF, 0xAE }, \
  { 0xFF, 0xFF, 0xFF, 0x8F }, \
  { 0xF5, 0x48, 0x70, 0x40 }, \
  { 0x00, 0x51, 0x01, 0xB7 }, \
  { 0x00, 0x00, 0x74, 0x28 }, \
  { 0xFF, 0xFF, 0xFF, 0x8F }, \
  { 0x1F, 0x70, 0xFF, 0xB7 }, \
  { 0x0C, 0x7C, 0xFF, 0x9B }, \
  { 0xFF, 0xFF, 0xFF, 0x8F }, \
  { 0xFF, 0xFF, 0x78, 0x2A }, \
  { 0x78, 0x00, 0x7E, 0x29 }, \
  { 0xF8, 0x4D, 0xFF, 0x0C }, \
  { 0xF7, 0x4E, 0xFF, 0x0C }, \
  { 0x34, 0x05, 0x01, 0x4F }, \
  { 0x32, 0x41, 0xFF, 0x97 }, \
  { 0x3C, 0x41, 0xFF, 0x91 }, \
  { 0x44, 0x41, 0xFF, 0x90 }, \
  { 0x44, 0x7C, 0xFF, 0x83 }, \
  { 0xE8, 0x7C, 0xFF, 0x9B }, \
  { 0xF8, 0x7C, 0xFF, 0x9B }, \
  { 0x02, 0x00, 0xF4, 0x30 }, \
  { 0x34, 0x5D, 0x2C, 0x73 }, \
  { 0x68, 0x7C, 0xFF, 0x83 }, \
  { 0xC8, 0x7C, 0xFF, 0x9B }, \
  { 0x00, 0x00, 0x74, 0x28 }, \
  { 0xF8, 0x7C, 0xFF, 0x9B }, \
  { 0x34, 0x5D, 0x2C, 0x73 }, \
  { 0x34, 0xCF, 0x2C, 0x4F }, \
  { 0xFD, 0x00, 0xF4, 0x2C }, \
  { 0x04, 0x7D, 0xFF, 0x9B }, \
  { 0x34, 0xCF, 0x2C, 0x73 }, \
  { 0x68, 0x7C, 0xFF, 0x83 }, \
  { 0x00, 0xA9, 0x2C, 0x53 }, \
  { 0x01, 0x5A, 0x78, 0x50 }, \
  { 0x00, 0x00, 0x7F, 0x28 }, \
  { 0x00, 0x4B, 0x78, 0x50 }, \
  { 0x30, 0x7D, 0xFF, 0x9B }, \
  { 0x83, 0x00, 0x7E, 0x29 }, \
  { 0x01, 0x71, 0xFF, 0x04 }, \
  { 0x02, 0x42, 0x21, 0x50 }, \
  { 0x00, 0x4C, 0x78, 0x50 }, \
  { 0x00, 0x00, 0x7F, 0x28 }, \
  { 0x0C, 0x7D, 0xFF, 0x9B }, \
  { 0xA4, 0x7C, 0xFF, 0x9B }, \
  { 0x03, 0x00, 0x7F, 0x28 }, \
  { 0x06, 0x00, 0x74, 0x28 }, \
  { 0xFF, 0xFF, 0xFF, 0x8F }, \
  { 0x1A, 0x74, 0xFF, 0xB7 }, \
  { 0x34, 0x05, 0x01, 0x4F }, \
  { 0x32, 0x41, 0xFF, 0x91 }, \
  { 0x01, 0x5D, 0x2C, 0x53 }, \
  { 0xFF, 0xFF, 0xFF, 0x8F }, \
  { 0x34, 0xCF, 0x2C, 0x4F }, \
  { 0xFD, 0x00, 0xF4, 0x2C }, \
  { 0x34, 0xCF, 0x2C, 0x73 }, \
  { 0xFF, 0xFF, 0xFF, 0x8F }, \
  { 0x34, 0x5D, 0x2C, 0x4F }, \
  { 0x04, 0x58, 0x78, 0x73 }, \
  { 0x34, 0xCF, 0x2C, 0x4F }, \
  { 0x04, 0x56, 0x78, 0x73 }, \
  { 0x01, 0x59, 0x78, 0x50 }, \
  { 0x34, 0xA9, 0x2C, 0x4F }, \
  { 0x04, 0x57, 0x78, 0x73 }, \
  { 0xFF, 0xFF, 0xFF, 0x8F }, \
  { 0x34, 0x5D, 0x2C, 0x4F }, \
  { 0x04, 0x58, 0x78, 0x73 }, \
  { 0x01, 0x59, 0x78, 0x50 }, \
  { 0xFF, 0xFF, 0xFF, 0x8F }, \
  { 0x1F, 0x71, 0xFF, 0xB7 }, \
  { 0x01, 0x00, 0x74, 0x28 }, \
  { 0xFF, 0xFF, 0xFF, 0x8F }, \
  { 0x02, 0x00, 0xF4, 0x30 }, \
  { 0xFF, 0xFF, 0xFF, 0x8F }, \
  { 0x60, 0x00, 0xFE, 0xC1 }, \
  { 0x00, 0x5A, 0x78, 0x4F }, \
  { 0x0F, 0x4C, 0x78, 0x4F }, \
  { 0x01, 0x00, 0x7F, 0x20 }, \
  { 0x0F, 0x4C, 0x78, 0x73 }, \
  { 0x78, 0x00, 0x7F, 0x28 }, \
  { 0x78, 0xF1, 0xFF, 0xB7 }, \
  { 0x00, 0x01, 0xFF, 0xB7 }, \
  { 0x0C, 0x7D, 0xFF, 0x83 }, \
  { 0x60, 0x00, 0xFE, 0xC1 }, \
  { 0x00, 0x71, 0x83, 0x4F }, \
  { 0x0F, 0x4B, 0x78, 0x4F }, \
  { 0x01, 0x00, 0x7F, 0x20 }, \
  { 0x0F, 0x4B, 0x78, 0x73 }, \
  { 0x78, 0xF1, 0xFF, 0xB7 }, \
  { 0x00, 0x01, 0xFF, 0xB7 }, \
  { 0x30, 0x7D, 0xFF, 0x83 }, \
  { 0x00, 0x40, 0xFF, 0xD9 }, \
  { 0x39, 0x00, 0x7E, 0x28 }, \
  { 0x06, 0x4E, 0xFF, 0x04 }, \
  { 0x60, 0x00, 0xFE, 0xC1 }, \
  { 0x00, 0x40, 0xFF, 0xDB }, \
  { 0xFF, 0xFF, 0xFF, 0x8F }, \
  { 0x00, 0x40, 0xFF, 0xD9 }, \
  { 0x39, 0x00, 0x7E, 0x28 }, \
  { 0x00, 0x4E, 0xFF, 0x04 }, \
  { 0x00, 0x40, 0xFF, 0xDB }, \
  { 0xFF, 0xFF, 0xFF, 0x8F }, \
  { 0xFF, 0xFF, 0xFF, 0xFF }, \
  { 0xFF, 0xFF, 0xFF, 0xFF }, \
  { 0xFF, 0xFF, 0xFF, 0xFF }, \
  { 0x32, 0x00, 0x7E, 0x29 }, \
  { 0x7C, 0x7D, 0x7C, 0x29 }, \
  { 0x02, 0x00, 0x71, 0x28 }, \
  { 0x25, 0x00, 0x72, 0x29 }, \
  { 0xAC, 0x7B, 0xFF, 0x9B }, \
  { 0xFF, 0xFF, 0xFF, 0x8F }, \
  { 0xFF, 0xFF, 0xFF, 0xFF }, \
  { 0xFF, 0xFF, 0xFF, 0xFF }, \
  { 0xFF, 0xFF, 0xFF, 0xFF }, \
  { 0x33, 0x00, 0x7E, 0x29 }, \
  { 0xA0, 0x7D, 0x7C, 0x29 }, \
  { 0x03, 0x00, 0x71, 0x28 }, \
  { 0x25, 0x00, 0x72, 0x29 }, \
  { 0xAC, 0x7B, 0xFF, 0x9B }, \
  { 0xFF, 0xFF, 0xFF, 0x8F }, \
  { 0x00, 0x00, 0xFF, 0xFF }, \
  { 0x00, 0x00, 0x00, 0x00 }, \
  { 0x00, 0x00, 0x00, 0x00 }, \
  { 0x00, 0x00, 0x00, 0x00 }, \
  { 0x00, 0x00, 0x00, 0x00 }, \
  { 0x00, 0x00, 0x00, 0x00 }, \
  { 0x00, 0x00, 0x00, 0x00 }, \
  { 0xFF, 0xFF, 0xFF, 0x00 }, \
  { 0x00, 0x00, 0xFF, 0xFF }, \
  { 0xFF, 0xFF, 0xFF, 0xFF }, \
  { 0xFF, 0xFF, 0xFF, 0xFF }, \
  { 0xFF, 0xFF, 0xFF, 0x00 }, \
  { 0x00, 0x00, 0xFF, 0xFF }, \
  { 0xFF, 0xFF, 0xFF, 0xFF }, \
  { 0xFF, 0xFF, 0xFF, 0xFF }, \
  { 0xFF, 0xFF, 0xFF, 0x00 }, \
  { 0x00, 0x00, 0xFF, 0xFF }, \
  { 0xFF, 0xFF, 0xFF, 0xFF }, \
  { 0xFF, 0xFF, 0xFF, 0xFF }, \
  { 0xFF, 0xFF, 0xFF, 0x00 }, \
  { 0x00, 0x00, 0xFF, 0xFF }, \
  { 0xFF, 0xFF, 0xFF, 0xFF }, \
  { 0xFF, 0xFF, 0xFF, 0xFF }, \
  { 0xFF, 0xFF, 0xFF, 0x00 }, \
  { 0x00, 0x00, 0xFF, 0xFF }, \
  { 0xFF, 0xFF, 0xFF, 0xFF }, \
  { 0xFF, 0xFF, 0xFF, 0xFF }, \
  { 0xFF, 0xFF, 0xFF, 0x00 }, \
  { 0x00, 0x00, 0xFF, 0xFF }, \
  { 0xFF, 0xFF, 0xFF, 0xFF }, \
  { 0xFF, 0xFF, 0xFF, 0xFF }, \
  { 0xFF, 0xFF, 0xFF, 0x00 }, \
  { 0x00, 0x00, 0xFF, 0xFF }, \
  { 0xFF, 0xFF, 0xFF, 0xFF }, \
  { 0xFF, 0xFF, 0xFF, 0xFF }, \
  { 0xFF, 0xFF, 0xFF, 0x00 }, \
  { 0x00, 0x00, 0xFF, 0xFF }, \
  { 0xFF, 0xFF, 0xFF, 0xFF }, \
  { 0xFF, 0xFF, 0xFF, 0xFF }, \
  { 0x00, 0xFF, 0xFF, 0xFF }, \
  { 0x2B, 0x00, 0x7E, 0x29 }, \
  { 0x06, 0x00, 0x73, 0x20 }, \
  { 0x00, 0xF3, 0xFF, 0x06 }, \
  { 0xFF, 0xFF, 0xFF, 0x8F }, \
  { 0x01, 0xE1, 0xFF, 0x04 }, \
  { 0xFF, 0xFF, 0xFF, 0xFB }, \
  { 0xFF, 0xFF, 0xFF, 0xFB }, \
  { 0xFF, 0xFF, 0xFF, 0xFB }, \
  { 0xFF, 0xFF, 0xFF, 0xFB }, \
  { 0xFF, 0xFF, 0xFF, 0xFB }, \
  { 0xFF, 0xFF, 0xFF, 0xFB }, \
  { 0x00, 0xE1, 0xFF, 0x04 }, \
  { 0xFF, 0xFF, 0xFF, 0x8F }, \
  { 0x40, 0x00, 0x71, 0x28 }, \
  { 0x06, 0x00, 0x72, 0x28 }, \
  { 0x01, 0x00, 0x73, 0x28 }, \
  { 0xFF, 0xFF, 0xFF, 0x8F }, \
  { 0x80, 0x00, 0x71, 0x28 }, \
  { 0x0C, 0x00, 0x72, 0x28 }, \
  { 0x01, 0x00, 0x73, 0x28 }, \
  { 0xFF, 0xFF, 0xFF, 0x8F }, \
  { 0x00, 0x00, 0x71, 0x28 }, \
  { 0x7D, 0x00, 0x72, 0x28 }, \
  { 0x01, 0x00, 0x73, 0x28 }, \
  { 0xFF, 0xFF, 0xFF, 0x8F }, \
  { 0xF1, 0x50, 0xFF, 0x44 }, \
  { 0xF2, 0x51, 0xFF, 0x44 }, \
  { 0xF3, 0x52, 0xFF, 0x44 }, \
  { 0xFF, 0xFF, 0xFF, 0x8F }, \
  { 0x80, 0x08, 0xFF, 0x04 }, \
  { 0x00, 0xC1, 0xFF, 0xD9 }, \
  { 0x78, 0x00, 0x7E, 0x29 }, \
  { 0xF7, 0x61, 0xFF, 0x44 }, \
  { 0x01, 0x00, 0x77, 0x20 }, \
  { 0xF7, 0x61, 0xFF, 0x0C }, \
  { 0x04, 0x48, 0x78, 0x00 }, \
  { 0x00, 0xC1, 0xFF, 0xDB }, \
  { 0x80, 0x08, 0xFF, 0x04 }, \
  { 0x74, 0x7E, 0xFF, 0x9B }, \
  { 0xFF, 0xFF, 0xFF, 0x8F }, \
  { 0x01, 0x00, 0x70, 0x28 }, \
  { 0xFA, 0x40, 0xFF, 0x44 }, \
  { 0x0B, 0x00, 0x74, 0x28 }, \
  { 0xF0, 0x7B, 0x76, 0x29 }, \
  { 0x4A, 0x64, 0xFF, 0xAE }, \
  { 0x00, 0x41, 0xFF, 0x96 }, \
  { 0x0B, 0xA4, 0xFF, 0xB7 }, \
  { 0xC4, 0x7D, 0x74, 0xA1 }, \
  { 0x01, 0x00, 0x76, 0x29 }, \
  { 0xFA, 0xFF, 0x76, 0x3B }, \
  { 0xF4, 0xF6, 0xF6, 0x2F }, \
  { 0x0B, 0x00, 0xF6, 0x2D }, \
  { 0x00, 0x60, 0xFF, 0xB7 }, \
  { 0x00, 0x00, 0x70, 0x28 }, \
  { 0x80, 0x08, 0xFF, 0x04 }, \
  { 0x03, 0x48, 0x78, 0x00 }, \
  { 0x74, 0x7E, 0xFF, 0x9B }, \
  { 0xFF, 0xFF, 0xFF, 0x8F }, \
  { 0x04, 0x7F, 0xFF, 0x9B }, \
  { 0x01, 0x00, 0xFF, 0xB7 }, \
  { 0xFF, 0xFC, 0x7A, 0x2B }, \
  { 0xFF, 0xFE, 0x74, 0x2B }, \
  { 0xF6, 0x48, 0xFF, 0x44 }, \
  { 0x00, 0x00, 0x77, 0x28 }, \
  { 0xFA, 0xFF, 0xF4, 0xA7 }, \
  { 0xE8, 0x83, 0xFF, 0x9B }, \
  { 0xF5, 0x4D, 0xFF, 0x44 }, \
  { 0xF6, 0x40, 0xFF, 0x44 }, \
  { 0xF7, 0x42, 0xFF, 0x44 }, \
  { 0x04, 0x00, 0x78, 0x29 }, \
  { 0xF8, 0xFC, 0x7A, 0x23 }, \
  { 0xFA, 0xFF, 0xF4, 0xA7 }, \
  { 0xF4, 0x43, 0xFF, 0x44 }, \
  { 0xF5, 0x44, 0xFF, 0x44 }, \
  { 0xF6, 0x45, 0xFF, 0x44 }, \
  { 0xF7, 0x41, 0xFF, 0x44 }, \
  { 0x08, 0x00, 0x78, 0x29 }, \
  { 0xF8, 0xFC, 0x7A, 0x23 }, \
  { 0xFA, 0xFF, 0xF4, 0xA7 }, \
  { 0xF4, 0x49, 0xFF, 0x44 }, \
  { 0xF5, 0x4A, 0xFF, 0x44 }, \
  { 0xF6, 0x4B, 0xFF, 0x44 }, \
  { 0xF7, 0x4C, 0xFF, 0x44 }, \
  { 0x0C, 0x00, 0x78, 0x29 }, \
  { 0xF8, 0xFC, 0x7A, 0x23 }, \
  { 0xFA, 0xFF, 0xF4, 0xA7 }, \
  { 0x01, 0x0E, 0xFF, 0x04 }, \
  { 0xFF, 0xFF, 0xFF, 0x8F }, \
  { 0x34, 0x00, 0x7E, 0x29 }, \
  { 0x08, 0x00, 0x70, 0x29 }, \
  { 0x00, 0x08, 0xFF, 0x04 }, \
  { 0xF8, 0x46, 0xFF, 0x44 }, \
  { 0x60, 0x7E, 0x7A, 0x29 }, \
  { 0xFA, 0xFF, 0x78, 0xA6 }, \
  { 0xF8, 0x41, 0xFF, 0x44 }, \
  { 0x00, 0x00, 0x79, 0x28 }, \
  { 0x48, 0x80, 0x74, 0x29 }, \
  { 0x98, 0x41, 0xE0, 0xAE }, \
  { 0x20, 0x00, 0x79, 0x28 }, \
  { 0x54, 0x80, 0x74, 0x29 }, \
  { 0x98, 0x41, 0xE0, 0xAE }, \
  { 0x40, 0x00, 0x79, 0x28 }, \
  { 0x60, 0x80, 0x74, 0x29 }, \
  { 0x98, 0x41, 0xE0, 0xAE }, \
  { 0x60, 0x00, 0x79, 0x28 }, \
  { 0x6C, 0x80, 0x74, 0x29 }, \
  { 0x98, 0x41, 0xE0, 0xAE }, \
  { 0x80, 0x00, 0x79, 0x28 }, \
  { 0x78, 0x80, 0x74, 0x29 }, \
  { 0x98, 0x41, 0xE0, 0xAE }, \
  { 0xA0, 0x00, 0x79, 0x28 }, \
  { 0x84, 0x80, 0x74, 0x29 }, \
  { 0x98, 0x41, 0xE0, 0xAE }, \
  { 0xC0, 0x00, 0x79, 0x28 }, \
  { 0x90, 0x80, 0x74, 0x29 }, \
  { 0x98, 0x41, 0xE0, 0xAE }, \
  { 0xE0, 0x00, 0x79, 0x28 }, \
  { 0x9C, 0x80, 0x74, 0x29 }, \
  { 0x98, 0x41, 0xE0, 0xAE }, \
  { 0x4C, 0x7F, 0xFF, 0x9B }, \
  { 0xFF, 0xFF, 0xFF, 0x8F }, \
  { 0xE0, 0x7D, 0x7C, 0x29 }, \
  { 0xFF, 0xFF, 0xFF, 0xFB }, \
  { 0xFF, 0xFF, 0xFF, 0x8F }, \
  { 0xF0, 0x7D, 0x7C, 0x29 }, \
  { 0xFF, 0xFF, 0xFF, 0xFB }, \
  { 0xFF, 0xFF, 0xFF, 0x8F }, \
  { 0x00, 0x7E, 0x7C, 0x29 }, \
  { 0xFF, 0xFF, 0xFF, 0xFB }, \
  { 0xFF, 0xFF, 0xFF, 0x8F }, \
  { 0x10, 0x7E, 0x7C, 0x29 }, \
  { 0xFF, 0xFF, 0xFF, 0xFB }, \
  { 0xFF, 0xFF, 0xFF, 0x8F }, \
  { 0x20, 0x7E, 0x7C, 0x29 }, \
  { 0xFF, 0xFF, 0xFF, 0xFB }, \
  { 0xFF, 0xFF, 0xFF, 0x8F }, \
  { 0x30, 0x7E, 0x7C, 0x29 }, \
  { 0xFF, 0xFF, 0xFF, 0xFB }, \
  { 0xFF, 0xFF, 0xFF, 0x8F }, \
  { 0x40, 0x7E, 0x7C, 0x29 }, \
  { 0xFF, 0xFF, 0xFF, 0xFB }, \
  { 0xFF, 0xFF, 0xFF, 0x8F }, \
  { 0x50, 0x7E, 0x7C, 0x29 }, \
  { 0xFF, 0xFF, 0xFF, 0xFB }, \
  { 0xFF, 0xFF, 0xFF, 0x8F }, \
  { 0x00, 0x00, 0x00, 0x00 }, \
  { 0x00, 0x00, 0xFF, 0xFF }, \
  { 0x01, 0x00, 0x70, 0x28 }, \
  { 0xFF, 0xF4, 0x77, 0x2A }, \
  { 0x01, 0x00, 0x77, 0x24 }, \
  { 0xF7, 0xFF, 0x70, 0x3A }, \
  { 0xF0, 0xF1, 0xF8, 0x32 }, \
  { 0xFF, 0xF8, 0x71, 0x2A }, \
  { 0xFF, 0xFF, 0xFF, 0x8F }, \
  { 0xA8, 0x80, 0x72, 0x29 }, \
  { 0xF2, 0xFF, 0x71, 0xA2 }, \
  { 0x01, 0x00, 0x70, 0x28 }, \
  { 0xFF, 0xF4, 0x72, 0x2A }, \
  { 0x01, 0x00, 0x72, 0x24 }, \
  { 0xF2, 0xFF, 0x70, 0x3A }, \
  { 0x3F, 0x00, 0x72, 0x28 }, \
  { 0xF0, 0xF2, 0xF3, 0x76 }, \
  { 0xF3, 0xF1, 0xF0, 0x2E }, \
  { 0xA8, 0x80, 0x72, 0x29 }, \
  { 0xF2, 0xFF, 0x70, 0xA6 }, \
  { 0xF0, 0x50, 0x78, 0x08 }, \
  { 0xFF, 0xFF, 0xFF, 0x8F }, \
  { 0xA8, 0x80, 0x78, 0x29 }, \
  { 0x00, 0x00, 0x77, 0x28 }, \
  { 0xFF, 0xF4, 0x76, 0x2A }, \
  { 0xF6, 0xF8, 0x78, 0x23 }, \
  { 0xF8, 0xFF, 0x70, 0xA2 }, \
  { 0x01, 0x00, 0x70, 0x20 }, \
  { 0xF8, 0xFF, 0x70, 0xA6 }, \
  { 0xFF, 0xFF, 0xFF, 0x8F }, \
  { 0xC8, 0x7D, 0x7A, 0x29 }, \
  { 0x01, 0x41, 0xFF, 0xB7 }, \
  { 0xCC, 0x7D, 0x7A, 0x29 }, \
  { 0x02, 0x41, 0xFF, 0xB7 }, \
  { 0xD0, 0x7D, 0x7A, 0x29 }, \
  { 0x03, 0x41, 0xFF, 0xB7 }, \
  { 0xD4, 0x7D, 0x7A, 0x29 }, \
  { 0x04, 0x41, 0xFF, 0xB7 }, \
  { 0xD8, 0x7D, 0x7A, 0x29 }, \
  { 0x05, 0x41, 0xFF, 0xB7 }, \
  { 0xDC, 0x7D, 0x7A, 0x29 }, \
  { 0x06, 0x41, 0xFF, 0xB7 }, \
  { 0xFF, 0xFF, 0xFF, 0x8F }, \
  { 0x40, 0x00, 0x73, 0x28 }, \
  { 0x01, 0x41, 0xFF, 0xB7 }, \
  { 0x50, 0x00, 0x73, 0x28 }, \
  { 0x02, 0x41, 0xFF, 0xB7 }, \
  { 0x60, 0x00, 0x73, 0x28 }, \
  { 0x03, 0x41, 0xFF, 0xB7 }, \
  { 0x70, 0x00, 0x73, 0x28 }, \
  { 0x04, 0x41, 0xFF, 0xB7 }, \
  { 0x80, 0x00, 0x73, 0x28 }, \
  { 0x05, 0x41, 0xFF, 0xB7 }, \
  { 0x90, 0x00, 0x73, 0x28 }, \
  { 0x06, 0x41, 0xFF, 0xB7 }, \
  { 0xFF, 0xFF, 0xFF, 0x8F }, \
  { 0x00, 0x00, 0x75, 0x28 }, \
  { 0x01, 0x00, 0x70, 0x28 }, \
  { 0xFF, 0xF4, 0x77, 0x2A }, \
  { 0x01, 0x00, 0x77, 0x24 }, \
  { 0xF7, 0xFF, 0x70, 0x3A }, \
  { 0xF0, 0xF1, 0xF8, 0x2E }, \
  { 0x00, 0x00, 0x70, 0x28 }, \
  { 0xFF, 0x00, 0x79, 0x28 }, \
  { 0x08, 0xF0, 0xF9, 0xB8 }, \
  { 0xF0, 0x41, 0xFF, 0x44 }, \
  { 0x0C, 0x00, 0xF0, 0x2C }, \
  { 0x00, 0x00, 0x77, 0x28 }, \
  { 0x98, 0x7E, 0x78, 0x29 }, \
  { 0x07, 0x81, 0x0C, 0xAE }, \
  { 0x04, 0x00, 0x77, 0x28 }, \
  { 0xA8, 0x7E, 0x78, 0x29 }, \
  { 0x07, 0x81, 0x0C, 0xAE }, \
  { 0x08, 0x00, 0x77, 0x28 }, \
  { 0xB8, 0x7E, 0x78, 0x29 }, \
  { 0x07, 0x81, 0x0C, 0xAE }, \
  { 0x0C, 0x00, 0x77, 0x28 }, \
  { 0xC8, 0x7E, 0x78, 0x29 }, \
  { 0x07, 0x81, 0x0C, 0xAE }, \
  { 0x20, 0x81, 0xFF, 0x9B }, \
  { 0xFA, 0xFF, 0xF0, 0xA7 }, \
  { 0xFF, 0xF1, 0x70, 0x2A }, \
  { 0xFF, 0xF2, 0x71, 0x2A }, \
  { 0xFF, 0xF3, 0x72, 0x2A }, \
  { 0x54, 0x81, 0xFF, 0x9B }, \
  { 0x00, 0xC0, 0xFF, 0xD9 }, \
  { 0x68, 0x7A, 0xFF, 0x9B }, \
  { 0x00, 0xC0, 0xFF, 0xDB }, \
  { 0x01, 0x00, 0x75, 0x28 }, \
  { 0xFF, 0xFF, 0xFF, 0x8F }, \
  { 0x01, 0x00, 0x74, 0x28 }, \
  { 0x88, 0x81, 0xFF, 0x9B }, \
  { 0xFF, 0x00, 0x73, 0x28 }, \
  { 0x01, 0x00, 0x76, 0x28 }, \
  { 0x65, 0xF1, 0xF3, 0xB8 }, \
  { 0x02, 0x00, 0x74, 0x28 }, \
  { 0x88, 0x81, 0xFF, 0x9B }, \
  { 0xFF, 0x00, 0x73, 0x28 }, \
  { 0x01, 0x00, 0x76, 0x28 }, \
  { 0x65, 0xF1, 0xF3, 0xB8 }, \
  { 0x03, 0x00, 0x74, 0x28 }, \
  { 0x88, 0x81, 0xFF, 0x9B }, \
  { 0xFF, 0x00, 0x73, 0x28 }, \
  { 0x01, 0x00, 0x76, 0x28 }, \
  { 0x65, 0xF1, 0xF3, 0xB8 }, \
  { 0x04, 0x00, 0x74, 0x28 }, \
  { 0x88, 0x81, 0xFF, 0x9B }, \
  { 0xFF, 0x00, 0x73, 0x28 }, \
  { 0x01, 0x00, 0x76, 0x28 }, \
  { 0x65, 0xF1, 0xF3, 0xB8 }, \
  { 0x05, 0x00, 0x74, 0x28 }, \
  { 0x88, 0x81, 0xFF, 0x9B }, \
  { 0xFF, 0x00, 0x73, 0x28 }, \
  { 0x01, 0x00, 0x76, 0x28 }, \
  { 0x65, 0xF1, 0xF3, 0xB8 }, \
  { 0x06, 0x00, 0x74, 0x28 }, \
  { 0x88, 0x81, 0xFF, 0x9B }, \
  { 0xFF, 0x00, 0x73, 0x28 }, \
  { 0x01, 0x00, 0x76, 0x28 }, \
  { 0x65, 0xF1, 0xF3, 0xB8 }, \
  { 0x00, 0x00, 0x74, 0x28 }, \
  { 0xFF, 0xFF, 0xFF, 0x8F }, \
  { 0x00, 0x00, 0x75, 0x28 }, \
  { 0x01, 0x00, 0x70, 0x28 }, \
  { 0xFF, 0xF4, 0x77, 0x2A }, \
  { 0x01, 0x00, 0x77, 0x24 }, \
  { 0xF7, 0xFF, 0x70, 0x3A }, \
  { 0xF0, 0xF1, 0xF8, 0x2E }, \
  { 0x00, 0x00, 0x70, 0x28 }, \
  { 0xFF, 0x00, 0x79, 0x28 }, \
  { 0x08, 0xF1, 0xF9, 0xB8 }, \
  { 0x20, 0x81, 0xFF, 0x9B }, \
  { 0xFA, 0xFF, 0x73, 0xA2 }, \
  { 0xF6, 0x41, 0xFF, 0x44 }, \
  { 0x0C, 0x00, 0x79, 0x28 }, \
  { 0x36, 0xF0, 0xF9, 0xBA }, \
  { 0x01, 0x00, 0x75, 0x28 }, \
  { 0x0C, 0x30, 0x0C, 0xB7 }, \
  { 0x00, 0x00, 0x75, 0x28 }, \
  { 0xFF, 0xFA, 0x76, 0x2B }, \
  { 0xF2, 0x50, 0xFF, 0x44 }, \
  { 0x01, 0x00, 0x76, 0x21 }, \
  { 0xF6, 0xFF, 0x78, 0xA2 }, \
  { 0x28, 0xF0, 0xF9, 0xB8 }, \
  { 0xF2, 0x51, 0xFF, 0x44 }, \
  { 0x01, 0x00, 0x76, 0x21 }, \
  { 0xF6, 0xFF, 0x78, 0xA2 }, \
  { 0x28, 0xF0, 0xF9, 0xB8 }, \
  { 0xF2, 0x52, 0xFF, 0x44 }, \
  { 0x01, 0x00, 0x76, 0x21 }, \
  { 0xF6, 0xFF, 0x78, 0xA2 }, \
  { 0x28, 0xF0, 0xF9, 0xB8 }, \
  { 0x01, 0x00, 0x75, 0x28 }, \
  { 0xFF, 0xFF, 0xFF, 0x8F }, \
  { 0x01, 0x00, 0x74, 0x28 }, \
  { 0x90, 0x82, 0xFF, 0x9B }, \
  { 0xFF, 0x00, 0x73, 0x28 }, \
  { 0x01, 0x00, 0x76, 0x28 }, \
  { 0x65, 0xF1, 0xF3, 0xB8 }, \
  { 0x02, 0x00, 0x74, 0x28 }, \
  { 0x90, 0x82, 0xFF, 0x9B }, \
  { 0xFF, 0x00, 0x73, 0x28 }, \
  { 0x01, 0x00, 0x76, 0x28 }, \
  { 0x65, 0xF1, 0xF3, 0xB8 }, \
  { 0x03, 0x00, 0x74, 0x28 }, \
  { 0x90, 0x82, 0xFF, 0x9B }, \
  { 0xFF, 0x00, 0x73, 0x28 }, \
  { 0x01, 0x00, 0x76, 0x28 }, \
  { 0x65, 0xF1, 0xF3, 0xB8 }, \
  { 0x04, 0x00, 0x74, 0x28 }, \
  { 0x90, 0x82, 0xFF, 0x9B }, \
  { 0xFF, 0x00, 0x73, 0x28 }, \
  { 0x01, 0x00, 0x76, 0x28 }, \
  { 0x65, 0xF1, 0xF3, 0xB8 }, \
  { 0x05, 0x00, 0x74, 0x28 }, \
  { 0x90, 0x82, 0xFF, 0x9B }, \
  { 0xFF, 0x00, 0x73, 0x28 }, \
  { 0x01, 0x00, 0x76, 0x28 }, \
  { 0x65, 0xF1, 0xF3, 0xB8 }, \
  { 0x06, 0x00, 0x74, 0x28 }, \
  { 0x90, 0x82, 0xFF, 0x9B }, \
  { 0xFF, 0x00, 0x73, 0x28 }, \
  { 0x01, 0x00, 0x76, 0x28 }, \
  { 0x65, 0xF1, 0xF3, 0xB8 }, \
  { 0x00, 0x00, 0x74, 0x28 }, \
  { 0xFF, 0xFF, 0xFF, 0x8F }, \
  { 0xA8, 0x80, 0x78, 0x29 }, \
  { 0x00, 0x00, 0x77, 0x28 }, \
  { 0xFF, 0xF4, 0x76, 0x2A }, \
  { 0xF6, 0xF8, 0x78, 0x23 }, \
  { 0xF8, 0xFF, 0x70, 0xA2 }, \
  { 0x01, 0x00, 0x70, 0x24 }, \
  { 0x54, 0x81, 0xFF, 0x9B }, \
  { 0x00, 0x00, 0x77, 0x28 }, \
  { 0x01, 0x0C, 0xFF, 0xD9 }, \
  { 0x64, 0x7E, 0x7A, 0x29 }, \
  { 0x70, 0xA1, 0xFF, 0xAE }, \
  { 0xCC, 0x80, 0x7A, 0x29 }, \
  { 0x70, 0xA1, 0xFF, 0xAE }, \
  { 0x01, 0x0C, 0xFF, 0xDB }, \
  { 0xF8, 0xFF, 0x70, 0xA6 }, \
  { 0xFF, 0xFF, 0xFF, 0x8F }, \
  { 0xFF, 0xFC, 0x70, 0x2B }, \
  { 0x04, 0x00, 0x70, 0x21 }, \
  { 0xF0, 0xFF, 0x74, 0xA2 }, \
  { 0x00, 0x41, 0xFF, 0xB7 }, \
  { 0x90, 0x83, 0xFF, 0x9B }, \
  { 0xFF, 0xFF, 0xFF, 0x8F }, \
  { 0x00, 0xC0, 0xFF, 0xD9 }, \
  { 0xD0, 0x83, 0xFF, 0x9B }, \
  { 0x00, 0xC0, 0xFF, 0xDB }, \
  { 0xF2, 0x4D, 0xFF, 0x44 }, \
  { 0x00, 0x21, 0x80, 0xB7 }, \
  { 0xA8, 0x80, 0x72, 0x29 }, \
  { 0xF2, 0xFF, 0x71, 0xA2 }, \
  { 0x00, 0x00, 0x78, 0x28 }, \
  { 0x00, 0x00, 0x75, 0x28 }, \
  { 0x10, 0x83, 0x76, 0x29 }, \
  { 0x81, 0x60, 0xFF, 0xAE }, \
  { 0x00, 0x00, 0x78, 0x28 }, \
  { 0x10, 0x82, 0x76, 0x29 }, \
  { 0x85, 0x61, 0xFF, 0xAE }, \
  { 0x00, 0x00, 0x78, 0x28 }, \
  { 0xD8, 0x7E, 0x76, 0x29 }, \
  { 0x84, 0x61, 0xFF, 0xAE }, \
  { 0x00, 0x81, 0xFF, 0x9B }, \
  { 0xA8, 0x80, 0x72, 0x29 }, \
  { 0xF2, 0xFF, 0x71, 0xA2 }, \
  { 0xB0, 0x80, 0xFF, 0x9B }, \
  { 0xF2, 0xFF, 0x71, 0xA6 }, \
  { 0xF1, 0x50, 0x78, 0x08 }, \
  { 0xFF, 0xFF, 0xFF, 0x8F }, \
  { 0xFF, 0xFF, 0xFF, 0x00 }, \
  { 0x00, 0x00, 0xFF, 0xFF }, \
  { 0xFF, 0xFF, 0xFF, 0xFF }, \
  { 0xFF, 0xFF, 0xFF, 0xFF }, \
  { 0xFF, 0xFF, 0xFF, 0x00 }, \
  { 0x00, 0x00, 0xFF, 0xFF }, \
  { 0xFF, 0xFF, 0xFF, 0xFF }, \
  { 0xFF, 0xFF, 0xFF, 0xFF }, \
  { 0xFF, 0xFF, 0xFF, 0x00 }, \
  { 0x00, 0x00, 0xFF, 0xFF }, \
  { 0xFF, 0xFF, 0xFF, 0xFF }, \
  { 0xFF, 0xFF, 0xFF, 0xFF }, \
  { 0xFF, 0xFF, 0xFF, 0x00 }, \
  { 0x00, 0x00, 0xFF, 0xFF }, \
  { 0xFF, 0xFF, 0xFF, 0xFF }, \
  { 0xFF, 0xFF, 0xFF, 0xFF }, \
  { 0x00, 0xFF, 0xFF, 0xFF }, \
  { 0x35, 0x00, 0x7E, 0x29 }, \
  { 0x04, 0x00, 0x70, 0x29 }, \
  { 0x00, 0x08, 0xFF, 0x04 }, \
  { 0xF8, 0x46, 0xFF, 0x44 }, \
  { 0x88, 0x84, 0x7A, 0x29 }, \
  { 0xFA, 0xFF, 0x78, 0xA6 }, \
  { 0xF8, 0x41, 0xFF, 0x44 }, \
  { 0x00, 0x00, 0x79, 0x28 }, \
  { 0xE0, 0x84, 0x74, 0x29 }, \
  { 0x98, 0x41, 0xE0, 0xAE }, \
  { 0x20, 0x00, 0x79, 0x28 }, \
  { 0xEC, 0x84, 0x74, 0x29 }, \
  { 0x98, 0x41, 0xE0, 0xAE }, \
  { 0x40, 0x00, 0x79, 0x28 }, \
  { 0xF8, 0x84, 0x74, 0x29 }, \
  { 0x98, 0x41, 0xE0, 0xAE }, \
  { 0x60, 0x00, 0x79, 0x28 }, \
  { 0x04, 0x85, 0x74, 0x29 }, \
  { 0x98, 0x41, 0xE0, 0xAE }, \
  { 0x4C, 0x7F, 0xFF, 0x9B }, \
  { 0xFF, 0xFF, 0xFF, 0x8F }, \
  { 0x48, 0x84, 0x7C, 0x29 }, \
  { 0xFF, 0xFF, 0xFF, 0xFB }, \
  { 0xFF, 0xFF, 0xFF, 0x8F }, \
  { 0x58, 0x84, 0x7C, 0x29 }, \
  { 0xFF, 0xFF, 0xFF, 0xFB }, \
  { 0xFF, 0xFF, 0xFF, 0x8F }, \
  { 0x68, 0x84, 0x7C, 0x29 }, \
  { 0xFF, 0xFF, 0xFF, 0xFB }, \
  { 0xFF, 0xFF, 0xFF, 0x8F }, \
  { 0x78, 0x84, 0x7C, 0x29 }, \
  { 0xFF, 0xFF, 0xFF, 0xFB }, \
  { 0xFF, 0xFF, 0xFF, 0x8F }, \
  { 0xFF, 0xFF, 0xFF, 0x00 }, \
  { 0x00, 0x00, 0xFF, 0xFF }, \
  { 0xFF, 0xFF, 0xFF, 0xFF }, \
  { 0xFF, 0xFF, 0xFF, 0xFF }, \
  { 0xFF, 0xFF, 0xFF, 0x00 }, \
  { 0x00, 0x00, 0xFF, 0xFF }, \
  { 0xFF, 0xFF, 0xFF, 0xFF }, \
  { 0xFF, 0xFF, 0xFF, 0xFF }, \
  { 0xFF, 0xFF, 0xFF, 0x00 }, \
  { 0x00, 0x00, 0xFF, 0xFF }, \
  { 0xFF, 0xFF, 0xFF, 0xFF }, \
  { 0xFF, 0xFF, 0xFF, 0xFF }, \
  { 0xFF, 0xFF, 0xFF, 0x00 }, \
  { 0x00, 0x00, 0xFF, 0xFF }, \
  { 0xFF, 0xFF, 0xFF, 0xFF }, \
  { 0xFF, 0xFF, 0xFF, 0xFF }, \
  { 0xFF, 0xFF, 0xFF, 0x00 }, \
  { 0x00, 0x00, 0xFF, 0xFF }, \
  { 0xFF, 0xFF, 0xFF, 0xFF }, \
  { 0xFF, 0xFF, 0xFF, 0xFF }, \
  { 0xFF, 0xFF, 0xFF, 0x00 }, \
  { 0x00, 0x00, 0xFF, 0xFF }, \
  { 0xFF, 0xFF, 0xFF, 0xFF }, \
  { 0xFF, 0xFF, 0xFF, 0xFF }, \
  { 0xFF, 0xFF, 0xFF, 0x00 }, \
  { 0x00, 0x00, 0xFF, 0xFF }, \
  { 0xFF, 0xFF, 0xFF, 0xFF }, \
  { 0xFF, 0xFF, 0xFF, 0xFF }, \
  { 0xFF, 0xFF, 0xFF, 0x00 }, \
  { 0x00, 0x00, 0xFF, 0xFF }, \
  { 0xFF, 0xFF, 0xFF, 0xFF }, \
  { 0xFF, 0xFF, 0xFF, 0xFF }, \
  { 0x00, 0xFF, 0xFF, 0xFF }, \
  { 0x38, 0x00, 0x7E, 0x29 }, \
  { 0x08, 0x00, 0x70, 0x29 }, \
  { 0x00, 0x08, 0xFF, 0x04 }, \
  { 0xF8, 0x46, 0xFF, 0x44 }, \
  { 0x90, 0x85, 0x7A, 0x29 }, \
  { 0xFA, 0xFF, 0x78, 0xA6 }, \
  { 0xF8, 0x41, 0xFF, 0x44 }, \
  { 0x00, 0x00, 0x79, 0x28 }, \
  { 0x18, 0x86, 0x74, 0x29 }, \
  { 0x98, 0x41, 0xE0, 0xAE }, \
  { 0x20, 0x00, 0x79, 0x28 }, \
  { 0x24, 0x86, 0x74, 0x29 }, \
  { 0x98, 0x41, 0xE0, 0xAE }, \
  { 0x40, 0x00, 0x79, 0x28 }, \
  { 0x30, 0x86, 0x74, 0x29 }, \
  { 0x98, 0x41, 0xE0, 0xAE }, \
  { 0x60, 0x00, 0x79, 0x28 }, \
  { 0x3C, 0x86, 0x74, 0x29 }, \
  { 0x98, 0x41, 0xE0, 0xAE }, \
  { 0x80, 0x00, 0x79, 0x28 }, \
  { 0x48, 0x86, 0x74, 0x29 }, \
  { 0x98, 0x41, 0xE0, 0xAE }, \
  { 0xA0, 0x00, 0x79, 0x28 }, \
  { 0x54, 0x86, 0x74, 0x29 }, \
  { 0x98, 0x41, 0xE0, 0xAE }, \
  { 0xC0, 0x00, 0x79, 0x28 }, \
  { 0x60, 0x86, 0x74, 0x29 }, \
  { 0x98, 0x41, 0xE0, 0xAE }, \
  { 0xE0, 0x00, 0x79, 0x28 }, \
  { 0x6C, 0x86, 0x74, 0x29 }, \
  { 0x98, 0x41, 0xE0, 0xAE }, \
  { 0x4C, 0x7F, 0xFF, 0x9B }, \
  { 0xFF, 0xFF, 0xFF, 0x8F }, \
  { 0x10, 0x85, 0x7C, 0x29 }, \
  { 0xFF, 0xFF, 0xFF, 0xFB }, \
  { 0xFF, 0xFF, 0xFF, 0x8F }, \
  { 0x20, 0x85, 0x7C, 0x29 }, \
  { 0xFF, 0xFF, 0xFF, 0xFB }, \
  { 0xFF, 0xFF, 0xFF, 0x8F }, \
  { 0x30, 0x85, 0x7C, 0x29 }, \
  { 0xFF, 0xFF, 0xFF, 0xFB }, \
  { 0xFF, 0xFF, 0xFF, 0x8F }, \
  { 0x40, 0x85, 0x7C, 0x29 }, \
  { 0xFF, 0xFF, 0xFF, 0xFB }, \
  { 0xFF, 0xFF, 0xFF, 0x8F }, \
  { 0x50, 0x85, 0x7C, 0x29 }, \
  { 0xFF, 0xFF, 0xFF, 0xFB }, \
  { 0xFF, 0xFF, 0xFF, 0x8F }, \
  { 0x60, 0x85, 0x7C, 0x29 }, \
  { 0xFF, 0xFF, 0xFF, 0xFB }, \
  { 0xFF, 0xFF, 0xFF, 0x8F }, \
  { 0x70, 0x85, 0x7C, 0x29 }, \
  { 0xFF, 0xFF, 0xFF, 0xFB }, \
  { 0xFF, 0xFF, 0xFF, 0x8F }, \
  { 0x80, 0x85, 0x7C, 0x29 }, \
  { 0x80, 0x85, 0x72, 0x29 }, \
  { 0xFF, 0xFF, 0xFF, 0xFB }, \
  { 0xFF, 0xFF, 0xFF, 0x8F }, \
  { 0xFF, 0xFF, 0xFF, 0xFF }, \
  { 0x00, 0xFF, 0xFF, 0xFF }, \
  { 0xFF, 0xFF, 0xFF, 0xFF }, \
  { 0xFF, 0xFF, 0xFF, 0xFF }, \
  { 0xFF, 0xFF, 0xFF, 0xFF }, \
  { 0xFF, 0xFF, 0xFF, 0xFF }, \
  { 0xFF, 0xFF, 0xFF, 0xFF }, \
  { 0xFF, 0xFF, 0xFF, 0xFF }, \
  { 0xFF, 0xFF, 0xFF, 0xFF }, \
  { 0xFF, 0xFF, 0xFF, 0xFF }, \
  { 0xFF, 0xFF, 0xFF, 0xFF }, \
  { 0xFF, 0xFF, 0xFF, 0xFF }, \
  { 0xFF, 0xFF, 0xFF, 0xFF }, \
  { 0xFF, 0xFF, 0xFF, 0xFF }, \
  { 0xFF, 0xFF, 0xFF, 0xFF }, \
  { 0xFF, 0xFF, 0xFF, 0xFF }, \
  { 0xFF, 0xFF, 0xFF, 0xFF }, \
  { 0xFF, 0xFF, 0xFF, 0xFF }, \
  { 0xFF, 0xFF, 0xFF, 0xFF }, \
  { 0xFF, 0xFF, 0xFF, 0xFF }, \
  { 0xFF, 0xFF, 0xFF, 0xFF }, \
  { 0xFF, 0xFF, 0xFF, 0xFF }, \
  { 0x00, 0x00, 0x00, 0x00 }, \
  { 0x00, 0xFF, 0xFF, 0xFF }, \
  { 0x68, 0xFF, 0xFF, 0xFF }, \
  { 0x37, 0x00, 0x00, 0x00 }, \
  { 0x37, 0x00, 0x00, 0x01 }, \
  { 0x37, 0x00, 0x00, 0x02 }, \
  { 0x37, 0x00, 0x01, 0x00 }, \
  { 0x37, 0x00, 0x01, 0x01 }, \
  { 0x37, 0x00, 0x01, 0x02 }, \
  { 0x00, 0x00, 0x74, 0x28 }, \
  { 0x80, 0x86, 0x7A, 0x29 }, \
  { 0xFA, 0xFF, 0x70, 0xA2 }, \
  { 0x00, 0x00, 0x7A, 0x28 }, \
  { 0xA0, 0xF1, 0xF0, 0xB8 }, \
  { 0xA8, 0x78, 0x7A, 0x29 }, \
  { 0xFA, 0xFF, 0x70, 0xA2 }, \
  { 0x00, 0x00, 0x7A, 0x28 }, \
  { 0xA0, 0xF0, 0xF0, 0xB8 }, \
  { 0x02, 0x00, 0x70, 0x28 }, \
  { 0xA8, 0x78, 0x7A, 0x29 }, \
  { 0xFA, 0xFF, 0x70, 0xA6 }, \
  { 0x01, 0x00, 0x74, 0x28 }, \
  { 0xFF, 0xFF, 0xFF, 0x8F }, \
  { 0x80, 0x86, 0x7C, 0x29 }, \
  { 0x01, 0x00, 0x77, 0x28 }, \
  { 0xFC, 0xFF, 0x77, 0xA6 }, \
  { 0xFF, 0xFF, 0xFF, 0x8F }, \
  { 0x84, 0x86, 0x7A, 0x29 }, \
  { 0xFF, 0xFF, 0xFF, 0x8F }, \
  { 0x84, 0x86, 0x7A, 0x29 }, \
  { 0xB8, 0x78, 0x72, 0x29 }, \
  { 0xF2, 0xFF, 0x7A, 0xA7 }, \
  { 0x7C, 0x86, 0x72, 0x29 }, \
  { 0xF2, 0xFF, 0x7A, 0xA7 }, \
  { 0xFF, 0xFF, 0xFF, 0x8F }, \
  { 0xA0, 0x00, 0x70, 0x28 }, \
  { 0x0F, 0x00, 0x71, 0x28 }, \
  { 0x01, 0x00, 0x72, 0x28 }, \
  { 0xFF, 0xFF, 0xFF, 0xFB }, \
  { 0xFF, 0xFF, 0xFF, 0x8F }, \
  { 0x40, 0x00, 0x70, 0x28 }, \
  { 0x1F, 0x00, 0x71, 0x28 }, \
  { 0x01, 0x00, 0x72, 0x28 }, \
  { 0xFF, 0xFF, 0xFF, 0xFB }, \
  { 0xFF, 0xFF, 0xFF, 0x8F }, \
  { 0x80, 0x00, 0x70, 0x28 }, \
  { 0x3E, 0x00, 0x71, 0x28 }, \
  { 0x01, 0x00, 0x72, 0x28 }, \
  { 0xFF, 0xFF, 0xFF, 0xFB }, \
  { 0xFF, 0xFF, 0xFF, 0x8F }, \
  { 0x00, 0x00, 0x70, 0x28 }, \
  { 0x7D, 0x00, 0x71, 0x28 }, \
  { 0x01, 0x00, 0x72, 0x28 }, \
  { 0xFF, 0xFF, 0xFF, 0xFB }, \
  { 0xFF, 0xFF, 0xFF, 0x8F }, \
  { 0x28, 0x00, 0x70, 0x28 }, \
  { 0x00, 0x00, 0x71, 0x28 }, \
  { 0x03, 0x00, 0x72, 0x28 }, \
  { 0xFF, 0xFF, 0xFF, 0xFB }, \
  { 0xFF, 0xFF, 0xFF, 0x8F }, \
  { 0xA0, 0x00, 0x70, 0x28 }, \
  { 0x00, 0x00, 0x71, 0x28 }, \
  { 0x03, 0x00, 0x72, 0x28 }, \
  { 0xFF, 0xFF, 0xFF, 0xFB }, \
  { 0xFF, 0xFF, 0xFF, 0x8F }, \
  { 0x80, 0x00, 0x70, 0x28 }, \
  { 0x02, 0x00, 0x71, 0x28 }, \
  { 0x03, 0x00, 0x72, 0x28 }, \
  { 0xFF, 0xFF, 0xFF, 0xFB }, \
  { 0xFF, 0xFF, 0xFF, 0x8F }, \
  { 0x00, 0x00, 0x70, 0x28 }, \
  { 0x0A, 0x00, 0x71, 0x28 }, \
  { 0x03, 0x00, 0x72, 0x28 }, \
  { 0xFF, 0xFF, 0xFF, 0xFB }, \
  { 0xFF, 0xFF, 0xFF, 0x8F }, \
  { 0xA0, 0x00, 0x73, 0x28 }, \
  { 0xDC, 0x86, 0x76, 0x29 }, \
  { 0xF6, 0xFF, 0x74, 0xA2 }, \
  { 0x00, 0x00, 0x75, 0x28 }, \
  { 0x60, 0x87, 0x78, 0x29 }, \
  { 0x54, 0x81, 0x70, 0xAE }, \
  { 0x10, 0x00, 0x75, 0x28 }, \
  { 0x74, 0x87, 0x78, 0x29 }, \
  { 0x54, 0x81, 0x70, 0xAE }, \
  { 0x20, 0x00, 0x75, 0x28 }, \
  { 0x88, 0x87, 0x78, 0x29 }, \
  { 0x54, 0x81, 0x70, 0xAE }, \
  { 0x30, 0x00, 0x75, 0x28 }, \
  { 0x9C, 0x87, 0x78, 0x29 }, \
  { 0x54, 0x81, 0x70, 0xAE }, \
  { 0x40, 0x00, 0x75, 0x28 }, \
  { 0xB0, 0x87, 0x78, 0x29 }, \
  { 0x54, 0x81, 0x70, 0xAE }, \
  { 0x50, 0x00, 0x75, 0x28 }, \
  { 0xC4, 0x87, 0x78, 0x29 }, \
  { 0x54, 0x81, 0x70, 0xAE }, \
  { 0x60, 0x00, 0x75, 0x28 }, \
  { 0xD8, 0x87, 0x78, 0x29 }, \
  { 0x54, 0x81, 0x70, 0xAE }, \
  { 0x70, 0x00, 0x75, 0x28 }, \
  { 0xEC, 0x87, 0x78, 0x29 }, \
  { 0x54, 0x81, 0x70, 0xAE }, \
  { 0x68, 0x7A, 0xFF, 0x9B }, \
  { 0xFF, 0xFF, 0xFF, 0x8F }, \
  { 0x37, 0x00, 0x7E, 0x29 }, \
  { 0xF2, 0x42, 0xFF, 0x44 }, \
  { 0xD4, 0x78, 0x70, 0x29 }, \
  { 0xF0, 0xFF, 0x72, 0xA6 }, \
  { 0xF2, 0x43, 0xFF, 0x44 }, \
  { 0xD8, 0x78, 0x70, 0x29 }, \
  { 0xF0, 0xFF, 0x72, 0xA6 }, \
  { 0xF2, 0x44, 0xFF, 0x44 }, \
  { 0xDC, 0x86, 0x70, 0x29 }, \
  { 0xF0, 0xFF, 0x72, 0xA6 }, \
  { 0xF2, 0x45, 0xFF, 0x44 }, \
  { 0xDC, 0x78, 0x70, 0x29 }, \
  { 0xF0, 0xFF, 0x72, 0xA6 }, \
  { 0xF2, 0x46, 0xFF, 0x44 }, \
  { 0xD8, 0x86, 0x70, 0x29 }, \
  { 0xF0, 0xFF, 0x72, 0xA6 }, \
  { 0xA0, 0x00, 0x73, 0x28 }, \
  { 0x00, 0x00, 0x70, 0x28 }, \
  { 0x64, 0x7E, 0x78, 0x29 }, \
  { 0x20, 0x81, 0xFF, 0xAE }, \
  { 0x00, 0x21, 0xFF, 0xB7 }, \
  { 0xD4, 0x86, 0x70, 0x29 }, \
  { 0xF0, 0xFF, 0x72, 0xA3 }, \
  { 0x00, 0xC0, 0xFF, 0xD9 }, \
  { 0x78, 0x00, 0x7E, 0x29 }, \
  { 0xF0, 0x4A, 0xFF, 0x44 }, \
  { 0x00, 0x00, 0x71, 0x28 }, \
  { 0x10, 0x89, 0x78, 0x29 }, \
  { 0x10, 0x80, 0xFF, 0xAE }, \
  { 0x00, 0xC0, 0xFF, 0xDB }, \
  { 0x00, 0x00, 0x70, 0x29 }, \
  { 0x24, 0x89, 0x78, 0x29 }, \
  { 0x20, 0x81, 0xFF, 0xAF }, \
  { 0x00, 0x88, 0xFF, 0x9B }, \
  { 0xF8, 0x86, 0xFF, 0x9B }, \
  { 0x01, 0x00, 0x77, 0x28 }, \
  { 0xE0, 0x78, 0x72, 0x29 }, \
  { 0x74, 0x21, 0xFF, 0xAE }, \
  { 0xFF, 0xFF, 0xFF, 0x8F }, \
  { 0x00, 0x00, 0x72, 0x29 }, \
  { 0xFF, 0xFF, 0xFF, 0x8F }, \
  { 0xF4, 0xF2, 0xF2, 0x33 }, \
  { 0xFF, 0xFB, 0x7A, 0x2A }, \
  { 0xFF, 0xFF, 0xFF, 0x8F }, \
  { 0x00, 0xC0, 0xFF, 0xD9 }, \
  { 0x70, 0x00, 0x7E, 0x29 }, \
  { 0xF0, 0x47, 0xFF, 0x44 }, \
  { 0xF1, 0x48, 0xFF, 0x44 }, \
  { 0xC4, 0x7D, 0x70, 0xA5 }, \
  { 0x00, 0x00, 0x72, 0x29 }, \
  { 0x00, 0x00, 0x7B, 0x28 }, \
  { 0x01, 0x00, 0x74, 0x29 }, \
  { 0x18, 0x89, 0x78, 0x29 }, \
  { 0x04, 0x81, 0xF4, 0xB3 }, \
  { 0x01, 0x00, 0x7B, 0x28 }, \
  { 0x02, 0x00, 0x74, 0x29 }, \
  { 0x18, 0x89, 0x78, 0x29 }, \
  { 0x04, 0x81, 0xF4, 0xB3 }, \
  { 0x78, 0x00, 0x7E, 0x29 }, \
  { 0x00, 0x00, 0x78, 0x28 }, \
  { 0xF8, 0x4A, 0xFF, 0x0C }, \
  { 0x00, 0xC0, 0xFF, 0xDB }, \
  { 0xD4, 0x86, 0x70, 0x29 }, \
  { 0xF0, 0xFF, 0x72, 0xA7 }, \
  { 0x02, 0x00, 0x70, 0x21 }, \
  { 0xF0, 0xFF, 0x7A, 0xA6 }, \
  { 0xF0, 0x89, 0xFF, 0x9B }, \
  { 0x30, 0x87, 0xFF, 0x9B }, \
  { 0xFF, 0xFF, 0xFF, 0x8F }, \
  { 0xE0, 0x86, 0x74, 0x29 }, \
  { 0xFA, 0xFF, 0x74, 0xA7 }, \
  { 0xD8, 0x89, 0xFF, 0x9B }, \
  { 0xE4, 0x86, 0x74, 0x29 }, \
  { 0xFA, 0xFF, 0x74, 0xA7 }, \
  { 0xD8, 0x89, 0xFF, 0x9B }, \
  { 0xE8, 0x86, 0x74, 0x29 }, \
  { 0xFA, 0xFF, 0x74, 0xA7 }, \
  { 0xD8, 0x89, 0xFF, 0x9B }, \
  { 0xFF, 0xFF, 0xFF, 0x8F }, \
  { 0xEC, 0x86, 0x74, 0x29 }, \
  { 0xFA, 0xFF, 0x74, 0xA7 }, \
  { 0xD8, 0x89, 0xFF, 0x9B }, \
  { 0xF0, 0x86, 0x74, 0x29 }, \
  { 0xFA, 0xFF, 0x74, 0xA7 }, \
  { 0xD8, 0x89, 0xFF, 0x9B }, \
  { 0xF4, 0x86, 0x74, 0x29 }, \
  { 0xFA, 0xFF, 0x74, 0xA7 }, \
  { 0xD8, 0x89, 0xFF, 0x9B }, \
  { 0xFF, 0xFF, 0xFF, 0x8F }, \
  { 0x02, 0x00, 0x7A, 0x21 }, \
  { 0x84, 0x86, 0x74, 0x29 }, \
  { 0x50, 0x00, 0x74, 0x21 }, \
  { 0x40, 0x87, 0x76, 0x29 }, \
  { 0x4A, 0x64, 0xFF, 0xAF }, \
  { 0xFF, 0xFF, 0xFF, 0x8F }, \
  { 0x7C, 0x86, 0x72, 0x29 }, \
  { 0xF2, 0xFF, 0x7A, 0xA3 }, \
  { 0xFF, 0xFF, 0x72, 0x29 }, \
  { 0x48, 0x87, 0x70, 0x29 }, \
  { 0x2A, 0x01, 0xFF, 0xAE }, \
  { 0xD4, 0x86, 0x72, 0x29 }, \
  { 0xF2, 0xFF, 0x70, 0xA3 }, \
  { 0x01, 0x00, 0x74, 0x29 }, \
  { 0x88, 0x89, 0x78, 0x29 }, \
  { 0x04, 0x81, 0xF4, 0xB3 }, \
  { 0x02, 0x00, 0x74, 0x29 }, \
  { 0xB0, 0x89, 0x78, 0x29 }, \
  { 0x04, 0x81, 0xF4, 0xB3 }, \
  { 0x7C, 0x86, 0x78, 0x29 }, \
  { 0xF8, 0xFF, 0x7A, 0xA7 }, \
  { 0xFF, 0xFF, 0xFF, 0x8F }, \
  { 0x00, 0x00, 0x00, 0x00 }, \
  { 0xA8, 0x78, 0x70, 0x29 }, \
  { 0x01, 0x00, 0x77, 0x28 }, \
  { 0xF0, 0xFF, 0x77, 0xA6 }, \
  { 0xFF, 0xFF, 0xFF, 0x8F }, \
  { 0xB4, 0x78, 0x70, 0x29 }, \
  { 0xF0, 0xFF, 0x74, 0xA2 }, \
  { 0x01, 0x00, 0x70, 0x28 }, \
  { 0x34, 0x8A, 0x7E, 0x29 }, \
  { 0x40, 0xE1, 0xFF, 0xAE }, \
  { 0xFF, 0xFF, 0xFF, 0x8F }, \
  { 0x80, 0x86, 0x7C, 0x29 }, \
  { 0x00, 0x00, 0x70, 0x28 }, \
  { 0xFC, 0xFF, 0x70, 0xA6 }, \
  { 0xA8, 0x78, 0x7C, 0x29 }, \
  { 0x00, 0x00, 0x70, 0x28 }, \
  { 0xFC, 0xFF, 0x70, 0xA6 }, \
  { 0xFF, 0xFF, 0xFF, 0x8F }, \
  { 0xFF, 0xFF, 0x74, 0x29 }, \
  { 0xFA, 0xFF, 0x74, 0xA7 }, \
  { 0xD8, 0x89, 0xFF, 0x9B }, \
  { 0xB8, 0x78, 0x70, 0x29 }, \
  { 0xF0, 0xFF, 0x7A, 0xA7 }, \
  { 0x7C, 0x86, 0x70, 0x29 }, \
  { 0xF0, 0xFF, 0x74, 0xA3 }, \
  { 0x5C, 0x8A, 0x7E, 0x29 }, \
  { 0x4A, 0xE1, 0xFF, 0xAF }, \
  { 0xBC, 0x78, 0x7A, 0x29 }, \
  { 0xFA, 0xFF, 0x70, 0xA2 }, \
  { 0x00, 0x00, 0x7A, 0x28 }, \
  { 0x44, 0x8A, 0x7E, 0x29 }, \
  { 0xA0, 0xE0, 0xFF, 0xAE }, \
  { 0xA8, 0x78, 0x74, 0x29 }, \
  { 0xF4, 0xFF, 0x70, 0xA2 }, \
  { 0xFF, 0xFF, 0xFF, 0x8F }, \
  { 0x02, 0x00, 0xFF, 0xD9 }, \
  { 0xFF, 0xFC, 0x76, 0x2B }, \
  { 0x0E, 0x00, 0x76, 0x21 }, \
  { 0xF6, 0xFF, 0x78, 0xA3 }, \
  { 0xDC, 0x8A, 0x76, 0x29 }, \
  { 0x84, 0x65, 0xFF, 0xAF }, \
  { 0x02, 0x00, 0xFF, 0xDB }, \
  { 0xFF, 0xFF, 0xFF, 0x8F }, \
  { 0x3C, 0x8B, 0xFF, 0x9B }, \
  { 0x01, 0x00, 0x71, 0x28 }, \
  { 0xF0, 0xFF, 0x71, 0x3A }, \
  { 0xF0, 0x0B, 0xFF, 0x44 }, \
  { 0xF0, 0xF1, 0xF0, 0x32 }, \
  { 0xF0, 0x0B, 0xFF, 0x0C }, \
  { 0x74, 0x7E, 0xFF, 0x9B }, \
  { 0xFF, 0xFF, 0xFF, 0x8F }, \
  { 0x02, 0x00, 0xFF, 0xD9 }, \
  { 0xFF, 0xFC, 0x76, 0x2B }, \
  { 0x0C, 0x00, 0x76, 0x21 }, \
  { 0xF6, 0xFF, 0x78, 0xA3 }, \
  { 0x1C, 0x8B, 0x76, 0x29 }, \
  { 0x84, 0x63, 0xFF, 0xAF }, \
  { 0x02, 0x00, 0xFF, 0xDB }, \
  { 0xFF, 0xFF, 0xFF, 0x8F }, \
  { 0x3C, 0x8B, 0xFF, 0x9B }, \
  { 0x01, 0x00, 0x71, 0x28 }, \
  { 0xF0, 0xFF, 0x71, 0x3A }, \
  { 0xF0, 0x09, 0xFF, 0x44 }, \
  { 0xF0, 0xF1, 0xF0, 0x32 }, \
  { 0xF0, 0x09, 0xFF, 0x0C }, \
  { 0x74, 0x7E, 0xFF, 0x9B }, \
  { 0xFF, 0xFF, 0xFF, 0x8F }, \
  { 0xFF, 0xFC, 0x78, 0x2B }, \
  { 0x0B, 0x00, 0x78, 0x21 }, \
  { 0xF8, 0xFF, 0x70, 0xA2 }, \
  { 0xF5, 0xFF, 0x70, 0x3C }, \
  { 0x07, 0x00, 0xF0, 0x2C }, \
  { 0xFF, 0xFF, 0xFF, 0x8F }, \
  { 0x06, 0x00, 0x78, 0x29 }, \
  { 0xF8, 0xFC, 0x76, 0x23 }, \
  { 0xF6, 0xFF, 0x78, 0xA2 }, \
  { 0x03, 0x00, 0xFF, 0xD9 }, \
  { 0x0B, 0x00, 0x75, 0x28 }, \
  { 0xFF, 0xF8, 0x7F, 0x2A }, \
  { 0xBC, 0x8F, 0x70, 0x29 }, \
  { 0x5F, 0x04, 0xFF, 0xAE }, \
  { 0xFF, 0xFC, 0x70, 0x2B }, \
  { 0x09, 0x00, 0x70, 0x21 }, \
  { 0xF0, 0xFF, 0x78, 0xA2 }, \
  { 0xB0, 0x8F, 0xFF, 0x9B }, \
  { 0x03, 0x00, 0xFF, 0xDB }, \
  { 0x48, 0x8E, 0x74, 0x29 }, \
  { 0x3F, 0x40, 0xFF, 0xAE }, \
  { 0x3F, 0xF0, 0xF3, 0xB8 }, \
  { 0x03, 0x00, 0x74, 0x29 }, \
  { 0xFC, 0xF4, 0x74, 0x23 }, \
  { 0x00, 0x00, 0x77, 0x28 }, \
  { 0xF4, 0xFF, 0x77, 0xA6 }, \
  { 0xFF, 0xF2, 0x7E, 0x2B }, \
  { 0x50, 0x7D, 0xFF, 0x9B }, \
  { 0xF4, 0x50, 0xFF, 0x45 }, \
  { 0x00, 0x46, 0xFF, 0x04 }, \
  { 0x68, 0x7D, 0xFF, 0x9B }, \
  { 0x07, 0x00, 0x76, 0x29 }, \
  { 0xFC, 0xF6, 0x76, 0x23 }, \
  { 0xF6, 0xFF, 0x78, 0xA2 }, \
  { 0x10, 0x00, 0x79, 0x28 }, \
  { 0x34, 0x8C, 0x76, 0x29 }, \
  { 0x98, 0x61, 0x30, 0xAE }, \
  { 0xFF, 0xF0, 0x7E, 0x2B }, \
  { 0x02, 0x00, 0x78, 0x29 }, \
  { 0xF8, 0xFC, 0x76, 0x23 }, \
  { 0xF6, 0xFF, 0x78, 0xA2 }, \
  { 0x01, 0x00, 0x76, 0x28 }, \
  { 0x01, 0x00, 0x70, 0x28 }, \
  { 0x86, 0xF1, 0xF2, 0xB8 }, \
  { 0xFC, 0xFF, 0x7E, 0xA3 }, \
  { 0x3C, 0x8B, 0xFF, 0x9B }, \
  { 0xF1, 0xFF, 0x70, 0x38 }, \
  { 0x0E, 0x00, 0xF0, 0x2C }, \
  { 0xA0, 0x00, 0x72, 0x28 }, \
  { 0xF2, 0xF0, 0x72, 0x22 }, \
  { 0xF4, 0xF2, 0xFF, 0x0F }, \
  { 0x05, 0x00, 0x78, 0x29 }, \
  { 0xF8, 0xFC, 0x72, 0x23 }, \
  { 0xF2, 0xFF, 0x71, 0xA2 }, \
  { 0x03, 0x00, 0x72, 0x28 }, \
  { 0xFC, 0x8A, 0x76, 0x29 }, \
  { 0x21, 0x61, 0x01, 0xAE }, \
  { 0x03, 0x00, 0x72, 0x28 }, \
  { 0xBC, 0x8A, 0x76, 0x29 }, \
  { 0x21, 0x61, 0x02, 0xAE }, \
  { 0x01, 0x00, 0x70, 0x28 }, \
  { 0xFF, 0xFF, 0xFF, 0x8F }, \
  { 0xCF, 0xFF, 0xFF, 0xD9 }, \
  { 0x00, 0x80, 0x70, 0x29 }, \
  { 0x60, 0x8C, 0x76, 0x29 }, \
  { 0x04, 0x65, 0xFF, 0xAF }, \
  { 0x00, 0x40, 0x70, 0x29 }, \
  { 0x58, 0x8C, 0x76, 0x29 }, \
  { 0x04, 0x65, 0xFF, 0xAF }, \
  { 0xCF, 0xFF, 0xFF, 0xDB }, \
  { 0xFF, 0xFF, 0xFF, 0x8F }, \
  { 0x00, 0x40, 0x74, 0x29 }, \
  { 0xFF, 0xFF, 0xFF, 0x8F }, \
  { 0x00, 0x00, 0x74, 0x29 }, \
  { 0xFF, 0xFF, 0xFF, 0x8F }, \
  { 0x02, 0x00, 0x78, 0x29 }, \
  { 0xF8, 0xFC, 0x76, 0x23 }, \
  { 0xF6, 0xFF, 0x78, 0xA2 }, \
  { 0x48, 0x8E, 0x7E, 0x29 }, \
  { 0x38, 0xE0, 0xFF, 0xAE }, \
  { 0x38, 0xF0, 0xF3, 0xB8 }, \
  { 0x03, 0x00, 0x78, 0x29 }, \
  { 0xF8, 0xFC, 0x76, 0x23 }, \
  { 0xF6, 0xFF, 0x79, 0xA2 }, \
  { 0xFF, 0xF2, 0x7E, 0x2B }, \
  { 0xF4, 0x50, 0xFF, 0x45 }, \
  { 0x50, 0x7D, 0xFF, 0x9B }, \
  { 0x00, 0x46, 0xFF, 0x04 }, \
  { 0x68, 0x7D, 0xFF, 0x9B }, \
  { 0x00, 0x00, 0x77, 0x28 }, \
  { 0x54, 0x8D, 0x70, 0x29 }, \
  { 0x79, 0x01, 0xFF, 0xAE }, \
  { 0x01, 0x00, 0x77, 0x28 }, \
  { 0x64, 0x8D, 0x70, 0x29 }, \
  { 0x79, 0x01, 0xFF, 0xAE }, \
  { 0x02, 0x00, 0x77, 0x28 }, \
  { 0xB0, 0x8D, 0x70, 0x29 }, \
  { 0x79, 0x01, 0xFF, 0xAE }, \
  { 0x01, 0x00, 0x70, 0x28 }, \
  { 0xFF, 0xFF, 0xFF, 0x8F }, \
  { 0x36, 0x00, 0x72, 0x29 }, \
  { 0xD8, 0x8C, 0xFF, 0x9B }, \
  { 0xFF, 0xFF, 0xFF, 0x8F }, \
  { 0x3F, 0x00, 0xFF, 0xD9 }, \
  { 0x30, 0x8A, 0x74, 0x29 }, \
  { 0x00, 0x00, 0x70, 0x28 }, \
  { 0xF4, 0xFF, 0x70, 0xA6 }, \
  { 0x78, 0x00, 0x7E, 0x29 }, \
  { 0xF0, 0x5E, 0xFF, 0x0C }, \
  { 0x2B, 0x00, 0x7E, 0x29 }, \
  { 0xB0, 0x00, 0x73, 0x28 }, \
  { 0x64, 0x7E, 0xFF, 0x9B }, \
  { 0x3F, 0x00, 0xFF, 0xDB }, \
  { 0xA8, 0x78, 0x74, 0x29 }, \
  { 0xF4, 0xFF, 0x76, 0xA2 }, \
  { 0x02, 0x00, 0x78, 0x28 }, \
  { 0x08, 0x8E, 0x7E, 0x29 }, \
  { 0x86, 0xE1, 0xFF, 0xAE }, \
  { 0x00, 0x00, 0x78, 0x28 }, \
  { 0x38, 0x8D, 0x7E, 0x29 }, \
  { 0x86, 0xE1, 0xFF, 0xAE }, \
  { 0x86, 0xF1, 0xF8, 0xB8 }, \
  { 0x01, 0x00, 0x78, 0x28 }, \
  { 0xB0, 0x8E, 0x7E, 0x29 }, \
  { 0x86, 0xE1, 0xFF, 0xAE }, \
  { 0xE0, 0x78, 0xFF, 0x9B }, \
  { 0xFF, 0xFF, 0xFF, 0x8F }, \
  { 0x00, 0xC1, 0xFF, 0xD9 }, \
  { 0x78, 0x00, 0x7E, 0x29 }, \
  { 0xF8, 0x5F, 0xFF, 0x44 }, \
  { 0x01, 0x00, 0x78, 0x20 }, \
  { 0xF8, 0x5F, 0xFF, 0x0C }, \
  { 0x00, 0xC1, 0xFF, 0xDB }, \
  { 0xFF, 0xFF, 0xFF, 0x8F }, \
  { 0x50, 0x7D, 0xFF, 0x9B }, \
  { 0xF4, 0x58, 0xFF, 0x0D }, \
  { 0x68, 0x7D, 0xFF, 0x9B }, \
  { 0xFF, 0xFF, 0xFF, 0x8F }, \
  { 0x80, 0x51, 0xFF, 0xB7 }, \
  { 0xCF, 0x00, 0xFF, 0xD9 }, \
  { 0x50, 0x7D, 0xFF, 0x9B }, \
  { 0xF0, 0x58, 0xFF, 0x45 }, \
  { 0x00, 0x80, 0x72, 0x29 }, \
  { 0xA8, 0x8D, 0x76, 0x29 }, \
  { 0x20, 0x63, 0xFF, 0xAF }, \
  { 0x98, 0x8D, 0x76, 0x29 }, \
  { 0x20, 0x64, 0xFF, 0xAF }, \
  { 0xCF, 0x00, 0xFF, 0xDB }, \
  { 0xF4, 0x5C, 0xFF, 0x0D }, \
  { 0x68, 0x7D, 0xFF, 0x9B }, \
  { 0xFF, 0xFF, 0xFF, 0x8F }, \
  { 0xFF, 0x70, 0x76, 0x37 }, \
  { 0x01, 0x00, 0x76, 0x21 }, \
  { 0xF4, 0xF6, 0x74, 0x23 }, \
  { 0xFF, 0xFF, 0xFF, 0x8F }, \
  { 0xF4, 0xF0, 0x74, 0x27 }, \
  { 0xFF, 0xFF, 0xFF, 0x8F }, \
  { 0x80, 0x51, 0xFF, 0xB7 }, \
  { 0xCF, 0x00, 0xFF, 0xD9 }, \
  { 0xF0, 0x58, 0xFF, 0x45 }, \
  { 0x00, 0x80, 0x72, 0x29 }, \
  { 0xA8, 0x8D, 0x76, 0x29 }, \
  { 0x20, 0x63, 0xFF, 0xAF }, \
  { 0x98, 0x8D, 0x76, 0x29 }, \
  { 0x20, 0x64, 0xFF, 0xAF }, \
  { 0xCF, 0x00, 0xFF, 0xDB }, \
  { 0x50, 0x7D, 0xFF, 0x9B }, \
  { 0xF4, 0x5A, 0xFF, 0x0D }, \
  { 0x80, 0x57, 0xFF, 0x04 }, \
  { 0x68, 0x7D, 0xFF, 0x9B }, \
  { 0xD4, 0x86, 0x70, 0x29 }, \
  { 0x02, 0x00, 0x70, 0x21 }, \
  { 0xF0, 0xFF, 0x77, 0xA2 }, \
  { 0xFC, 0x8D, 0x70, 0x29 }, \
  { 0xF7, 0x01, 0xFF, 0xAE }, \
  { 0xFF, 0xFF, 0xFF, 0x8F }, \
  { 0x01, 0x00, 0x77, 0x28 }, \
  { 0xBC, 0x78, 0x77, 0xA4 }, \
  { 0xFF, 0xFF, 0xFF, 0x8F }, \
  { 0x40, 0x01, 0xFF, 0xD9 }, \
  { 0xB8, 0x78, 0x74, 0x29 }, \
  { 0xF4, 0xFF, 0x7A, 0xA3 }, \
  { 0xFA, 0xFF, 0x7C, 0xA3 }, \
  { 0xFC, 0xFF, 0x70, 0xA3 }, \
  { 0x37, 0x00, 0x76, 0x28 }, \
  { 0x68, 0x8C, 0x7E, 0x29 }, \
  { 0x06, 0xE1, 0xFF, 0xAE }, \
  { 0xFC, 0xFF, 0x78, 0xA3 }, \
  { 0x37, 0x00, 0x76, 0x28 }, \
  { 0x54, 0x8B, 0x7E, 0x29 }, \
  { 0x86, 0xE0, 0xFF, 0xAE }, \
  { 0x00, 0x01, 0xFF, 0xB7 }, \
  { 0x78, 0x8A, 0xFF, 0x9B }, \
  { 0x40, 0x01, 0xFF, 0xDB }, \
  { 0xFF, 0xFF, 0xFF, 0x8F }, \
  { 0x80, 0x08, 0xFF, 0x04 }, \
  { 0x00, 0xC0, 0xFF, 0xD9 }, \
  { 0x78, 0x00, 0x7E, 0x29 }, \
  { 0xF7, 0x60, 0xFF, 0x44 }, \
  { 0x01, 0x00, 0x77, 0x20 }, \
  { 0xF7, 0x60, 0xFF, 0x0C }, \
  { 0x00, 0xC0, 0xFF, 0xDB }, \
  { 0x00, 0x00, 0x70, 0x28 }, \
  { 0xFF, 0xFF, 0xFF, 0x8F }, \
  { 0xB4, 0x78, 0x7C, 0x29 }, \
  { 0x00, 0x00, 0x70, 0x28 }, \
  { 0xFC, 0xFF, 0x70, 0xA6 }, \
  { 0xA8, 0x78, 0x7C, 0x29 }, \
  { 0x00, 0x00, 0x70, 0x28 }, \
  { 0xFC, 0xFF, 0x70, 0xA6 }, \
  { 0xFF, 0xFF, 0xFF, 0xFB }, \
  { 0xFF, 0xFF, 0xFF, 0x8F }, \
  { 0xC0, 0x78, 0x7A, 0x29 }, \
  { 0xFF, 0xFF, 0xFF, 0x8F }, \
  { 0x30, 0x87, 0xFF, 0x9B }, \
  { 0xA0, 0x8E, 0xFF, 0x9B }, \
  { 0xFF, 0xFF, 0xFF, 0x8F }, \
  { 0xA8, 0x78, 0x70, 0x29 }, \
  { 0x02, 0x00, 0x77, 0x28 }, \
  { 0xF0, 0xFF, 0x77, 0xA6 }, \
  { 0xFF, 0xFF, 0xFF, 0x8F }, \
  { 0xAC, 0x78, 0x74, 0x29 }, \
  { 0xF4, 0xFF, 0x7A, 0xA3 }, \
  { 0xFA, 0xFF, 0x7C, 0xA3 }, \
  { 0x04, 0x00, 0x78, 0x29 }, \
  { 0xF8, 0xFC, 0x76, 0x23 }, \
  { 0xF6, 0xFF, 0x74, 0xA2 }, \
  { 0x03, 0x00, 0xFF, 0xD9 }, \
  { 0x0B, 0x00, 0x75, 0x28 }, \
  { 0xFF, 0xF4, 0x7F, 0x2A }, \
  { 0xBC, 0x8F, 0x70, 0x29 }, \
  { 0x54, 0x04, 0xFF, 0xAE }, \
  { 0xFF, 0xFC, 0x70, 0x2B }, \
  { 0x07, 0x00, 0x70, 0x21 }, \
  { 0xF0, 0xFF, 0x78, 0xA2 }, \
  { 0xB0, 0x8F, 0xFF, 0x9B }, \
  { 0x03, 0x00, 0xFF, 0xDB }, \
  { 0x48, 0x8E, 0x70, 0x29 }, \
  { 0x3F, 0x00, 0xFF, 0xAE }, \
  { 0x3F, 0xF0, 0xF3, 0xB8 }, \
  { 0xFF, 0xF2, 0x7E, 0x2B }, \
  { 0xF4, 0x50, 0xFF, 0x45 }, \
  { 0x00, 0x80, 0x76, 0x29 }, \
  { 0x03, 0x00, 0x72, 0x28 }, \
  { 0xA8, 0x8F, 0x70, 0x29 }, \
  { 0x2F, 0x01, 0xFF, 0xAE }, \
  { 0x50, 0x7D, 0xFF, 0x9B }, \
  { 0x00, 0x46, 0xFF, 0x04 }, \
  { 0x68, 0x7D, 0xFF, 0x9B }, \
  { 0x05, 0x00, 0x70, 0x29 }, \
  { 0xFC, 0xF0, 0x70, 0x23 }, \
  { 0xF0, 0xFF, 0x72, 0xA2 }, \
  { 0x10, 0x00, 0x73, 0x28 }, \
  { 0x34, 0x8C, 0x70, 0x29 }, \
  { 0x32, 0x01, 0x30, 0xAE }, \
  { 0xFC, 0xFF, 0x7E, 0xA3 }, \
  { 0xF4, 0x50, 0xFF, 0x0D }, \
  { 0xF6, 0x52, 0xFF, 0x0D }, \
  { 0x01, 0x08, 0xFF, 0x04 }, \
  { 0x74, 0x7E, 0xFF, 0x9B }, \
  { 0x54, 0x8F, 0xFF, 0x9B }, \
  { 0xFF, 0xFF, 0xFF, 0x8F }, \
  { 0xFF, 0xFF, 0x74, 0x29 }, \
  { 0xFA, 0xFF, 0x74, 0xA7 }, \
  { 0x02, 0x00, 0x7A, 0x21 }, \
  { 0xC0, 0x78, 0x74, 0x29 }, \
  { 0x08, 0x00, 0x74, 0x21 }, \
  { 0x8C, 0x8E, 0x7E, 0x29 }, \
  { 0x4A, 0xE4, 0xFF, 0xAF }, \
  { 0xAC, 0x78, 0x74, 0x29 }, \
  { 0xF4, 0xFF, 0x7A, 0xA7 }, \
  { 0xB0, 0x78, 0x70, 0x29 }, \
  { 0xF0, 0xFF, 0x74, 0xA3 }, \
  { 0x6C, 0x8E, 0x7E, 0x29 }, \
  { 0x4A, 0xE1, 0xFF, 0xAF }, \
  { 0x80, 0x86, 0x70, 0x29 }, \
  { 0xF0, 0xFF, 0x74, 0xA2 }, \
  { 0x01, 0x00, 0x70, 0x28 }, \
  { 0x94, 0x8E, 0x72, 0x29 }, \
  { 0x40, 0x21, 0xFF, 0xAE }, \
  { 0xA8, 0x78, 0x74, 0x29 }, \
  { 0xF4, 0xFF, 0x70, 0xA2 }, \
  { 0xFF, 0xFF, 0xFF, 0x8F }, \
  { 0xF6, 0x52, 0xFF, 0x45 }, \
  { 0xFF, 0xFF, 0xFF, 0x8F }, \
  { 0x1F, 0x80, 0xFF, 0xB7 }, \
  { 0xBC, 0x8F, 0xFF, 0x9B }, \
  { 0xFF, 0xFF, 0xFF, 0x8F }, \
  { 0xFF, 0xFF, 0x78, 0x2A }, \
  { 0x78, 0x00, 0x7E, 0x29 }, \
  { 0xF8, 0x4D, 0xFF, 0x0C }, \
  { 0xFF, 0x4E, 0xFF, 0x04 }, \
  { 0x00, 0x00, 0x7F, 0x28 }, \
  { 0x00, 0x4B, 0x78, 0x50 }, \
  { 0x30, 0x7D, 0xFF, 0x9B }, \
  { 0x01, 0x5A, 0x78, 0x50 }, \
  { 0x83, 0x00, 0x7E, 0x29 }, \
  { 0x01, 0x71, 0xFF, 0x04 }, \
  { 0x02, 0x42, 0x21, 0x50 }, \
  { 0x00, 0x4C, 0x78, 0x50 }, \
  { 0x00, 0x00, 0x7F, 0x28 }, \
  { 0x0C, 0x7D, 0xFF, 0x9B }, \
  { 0x3F, 0x05, 0x01, 0x4F }, \
  { 0x32, 0xF1, 0xFF, 0x95 }, \
  { 0x3C, 0xF1, 0xFF, 0x91 }, \
  { 0x44, 0xF1, 0xFF, 0x90 }, \
  { 0x14, 0x90, 0xFF, 0x83 }, \
  { 0x0F, 0x58, 0x78, 0x4F }, \
  { 0x3F, 0x5D, 0x2C, 0x73 }, \
  { 0x30, 0x90, 0xFF, 0x83 }, \
  { 0x0F, 0x58, 0x78, 0x4F }, \
  { 0x3F, 0x5D, 0x2C, 0x73 }, \
  { 0x0F, 0x56, 0x78, 0x4F }, \
  { 0x3F, 0xCF, 0x2C, 0x73 }, \
  { 0x0F, 0x57, 0x78, 0x4F }, \
  { 0x3F, 0xA9, 0x2C, 0x73 }, \
  { 0x30, 0x90, 0xFF, 0x83 }, \
  { 0x03, 0x00, 0x7F, 0x28 }, \
  { 0xFF, 0xFF, 0xFF, 0x8F }, \
  { 0x36, 0x01, 0x72, 0x29 }, \
  { 0xD8, 0x8C, 0xFF, 0x9B }, \
  { 0xFF, 0xFF, 0xFF, 0x8F }, \
  { 0x36, 0x03, 0x72, 0x29 }, \
  { 0xD8, 0x8C, 0xFF, 0x9B }, \
  { 0xFF, 0xFF, 0xFF, 0x8F }, \
  { 0x36, 0x06, 0x72, 0x29 }, \
  { 0xD8, 0x8C, 0xFF, 0x9B }, \
  { 0xFF, 0xFF, 0xFF, 0x8F }, \
  { 0x36, 0x0C, 0x72, 0x29 }, \
  { 0xD8, 0x8C, 0xFF, 0x9B }, \
  { 0xFF, 0xFF, 0xFF, 0x8F }, \
  { 0x36, 0x0D, 0x72, 0x29 }, \
  { 0xD8, 0x8C, 0xFF, 0x9B }, \
  { 0xFF, 0xFF, 0xFF, 0x8F }, \
  { 0x05, 0x00, 0x74, 0x29 }, \
  { 0xFC, 0xF4, 0x74, 0x23 }, \
  { 0xF4, 0xFF, 0x76, 0xA2 }, \
  { 0x80, 0x60, 0xFC, 0xB7 }, \
  { 0x04, 0x00, 0x74, 0x29 }, \
  { 0xFC, 0xF4, 0x74, 0x23 }, \
  { 0xF4, 0xFF, 0x76, 0xA2 }, \
  { 0x16, 0xF0, 0xF6, 0xB8 }, \
  { 0x03, 0x00, 0x74, 0x29 }, \
  { 0xFC, 0xF4, 0x74, 0x23 }, \
  { 0xF4, 0xFF, 0x76, 0xA2 }, \
  { 0x00, 0x00, 0x77, 0x28 }, \
  { 0x76, 0xF0, 0xF6, 0xB8 }, \
  { 0x01, 0x00, 0x77, 0x28 }, \
  { 0xF4, 0xFF, 0x77, 0xA6 }, \
  { 0xFA, 0xFF, 0x7C, 0xA7 }, \
  { 0x02, 0x00, 0x7A, 0x21 }, \
  { 0x84, 0x86, 0x74, 0x29 }, \
  { 0x50, 0x00, 0x74, 0x21 }, \
  { 0x40, 0x87, 0x78, 0x29 }, \
  { 0x4A, 0x84, 0xFF, 0xAF }, \
  { 0x30, 0x87, 0xFF, 0x9B }, \
  { 0xFF, 0xFF, 0xFF, 0x8F }, \
  { 0x7C, 0x86, 0x7C, 0x29 }, \
  { 0xFC, 0xFF, 0x7A, 0xA3 }, \
  { 0xFF, 0xFF, 0x72, 0x29 }, \
  { 0x48, 0x87, 0x7C, 0x29 }, \
  { 0xA2, 0xC1, 0xFF, 0xAF }, \
  { 0x60, 0x7E, 0x7C, 0x29 }, \
  { 0xFC, 0xFF, 0x70, 0xA2 }, \
  { 0x80, 0x00, 0x72, 0x28 }, \
  { 0x3C, 0x91, 0x7C, 0x29 }, \
  { 0x20, 0xC1, 0xFF, 0xAE }, \
  { 0x88, 0x84, 0x7C, 0x29 }, \
  { 0xFC, 0xFF, 0x70, 0xA2 }, \
  { 0x80, 0x00, 0x72, 0x28 }, \
  { 0x80, 0x91, 0x7C, 0x29 }, \
  { 0x20, 0xC1, 0xFF, 0xAE }, \
  { 0x90, 0x85, 0x7C, 0x29 }, \
  { 0xFC, 0xFF, 0x70, 0xA2 }, \
  { 0x80, 0x00, 0x72, 0x28 }, \
  { 0xA4, 0x91, 0x7C, 0x29 }, \
  { 0x20, 0xC1, 0xFF, 0xAE }, \
  { 0x7C, 0x86, 0x7C, 0x29 }, \
  { 0xFC, 0xFF, 0x7A, 0xA7 }, \
  { 0xF8, 0x86, 0xFF, 0x9B }, \
  { 0x01, 0x00, 0x77, 0x28 }, \
  { 0xE0, 0x78, 0x72, 0x29 }, \
  { 0x74, 0x21, 0xFF, 0xAE }, \
  { 0xFF, 0xFF, 0xFF, 0x8F }, \
  { 0xE0, 0x7D, 0x7C, 0x29 }, \
  { 0x74, 0x90, 0xFF, 0x9B }, \
  { 0xF0, 0x7D, 0x7C, 0x29 }, \
  { 0x74, 0x90, 0xFF, 0x9B }, \
  { 0x00, 0x7E, 0x7C, 0x29 }, \
  { 0x74, 0x90, 0xFF, 0x9B }, \
  { 0x10, 0x7E, 0x7C, 0x29 }, \
  { 0x74, 0x90, 0xFF, 0x9B }, \
  { 0x20, 0x7E, 0x7C, 0x29 }, \
  { 0x74, 0x90, 0xFF, 0x9B }, \
  { 0x30, 0x7E, 0x7C, 0x29 }, \
  { 0x74, 0x90, 0xFF, 0x9B }, \
  { 0x40, 0x7E, 0x7C, 0x29 }, \
  { 0x74, 0x90, 0xFF, 0x9B }, \
  { 0x50, 0x7E, 0x7C, 0x29 }, \
  { 0x74, 0x90, 0xFF, 0x9B }, \
  { 0xFF, 0xFF, 0xFF, 0x8F }, \
  { 0x48, 0x84, 0x7C, 0x29 }, \
  { 0x74, 0x90, 0xFF, 0x9B }, \
  { 0x58, 0x84, 0x7C, 0x29 }, \
  { 0x74, 0x90, 0xFF, 0x9B }, \
  { 0x68, 0x84, 0x7C, 0x29 }, \
  { 0x74, 0x90, 0xFF, 0x9B }, \
  { 0x78, 0x84, 0x7C, 0x29 }, \
  { 0x74, 0x90, 0xFF, 0x9B }, \
  { 0xFF, 0xFF, 0xFF, 0x8F }, \
  { 0x10, 0x85, 0x7C, 0x29 }, \
  { 0x74, 0x90, 0xFF, 0x9B }, \
  { 0x20, 0x85, 0x7C, 0x29 }, \
  { 0x74, 0x90, 0xFF, 0x9B }, \
  { 0x30, 0x85, 0x7C, 0x29 }, \
  { 0x74, 0x90, 0xFF, 0x9B }, \
  { 0x40, 0x85, 0x7C, 0x29 }, \
  { 0x74, 0x90, 0xFF, 0x9B }, \
  { 0x50, 0x85, 0x7C, 0x29 }, \
  { 0x74, 0x90, 0xFF, 0x9B }, \
  { 0x60, 0x85, 0x7C, 0x29 }, \
  { 0x74, 0x90, 0xFF, 0x9B }, \
  { 0x70, 0x85, 0x7C, 0x29 }, \
  { 0x74, 0x90, 0xFF, 0x9B }, \
  { 0x80, 0x85, 0x7C, 0x29 }, \
  { 0x74, 0x90, 0xFF, 0x9B }, \
  { 0xFF, 0xFF, 0xFF, 0x8F }, \
  { 0xF0, 0x89, 0xFF, 0x9B }, \
  { 0x01, 0x00, 0x70, 0x28 }, \
  { 0x80, 0x86, 0x70, 0xA4 }, \
  { 0xF8, 0x86, 0xFF, 0x9B }, \
  { 0x01, 0x00, 0x77, 0x28 }, \
  { 0xE0, 0x78, 0x72, 0x29 }, \
  { 0x74, 0x21, 0xFF, 0xAE }, \
  { 0xFF, 0xFF, 0xFF, 0x8F }, \
  { 0xB0, 0x00, 0x73, 0x28 }, \
  { 0x64, 0x7E, 0xFF, 0x9B }, \
  { 0x30, 0x8A, 0x72, 0x29 }, \
  { 0xF2, 0xFF, 0x74, 0xA2 }, \
  { 0x01, 0x00, 0x74, 0x20 }, \
  { 0xF2, 0xFF, 0x74, 0xA6 }, \
  { 0x78, 0x00, 0x7E, 0x29 }, \
  { 0xF4, 0x5E, 0xFF, 0x0C }, \
  { 0x02, 0x00, 0x75, 0x28 }, \
  { 0xA8, 0x78, 0x72, 0x29 }, \
  { 0xF2, 0xFF, 0x70, 0xA2 }, \
  { 0x44, 0x92, 0x76, 0x29 }, \
  { 0x45, 0x61, 0xFF, 0xAE }, \
  { 0xE0, 0x78, 0xFF, 0x9B }, \
  { 0xFF, 0xFF, 0xFF, 0x8F }, \
  { 0xFF, 0xF0, 0x78, 0x2A }, \
  { 0x01, 0x00, 0x71, 0x28 }, \
  { 0x68, 0x92, 0x76, 0x29 }, \
  { 0x81, 0x61, 0xFF, 0xAE }, \
  { 0x02, 0x00, 0x71, 0x28 }, \
  { 0xA0, 0x92, 0x76, 0x29 }, \
  { 0x81, 0x61, 0xFF, 0xAE }, \
  { 0x02, 0x48, 0x78, 0x00 }, \
  { 0xFF, 0xFF, 0xFF, 0x8F }, \
  { 0x00, 0x01, 0xFF, 0xD9 }, \
  { 0x2C, 0x93, 0xFF, 0x9B }, \
  { 0x80, 0x08, 0xFF, 0x04 }, \
  { 0x74, 0x7E, 0xFF, 0x9B }, \
  { 0x54, 0x93, 0xFF, 0x9B }, \
  { 0x0B, 0x00, 0x7A, 0x28 }, \
  { 0xBC, 0x8F, 0x76, 0x29 }, \
  { 0xAF, 0x64, 0xFF, 0xAE }, \
  { 0xB0, 0x8F, 0xFF, 0x9B }, \
  { 0xAC, 0x78, 0x74, 0x29 }, \
  { 0xF4, 0xFF, 0x7A, 0xA3 }, \
  { 0x54, 0x8F, 0xFF, 0x9B }, \
  { 0x00, 0x01, 0xFF, 0xDB }, \
  { 0xFF, 0xFF, 0xFF, 0x8F }, \
  { 0x40, 0x93, 0xFF, 0x9B }, \
  { 0x80, 0x08, 0xFF, 0x04 }, \
  { 0x74, 0x7E, 0xFF, 0x9B }, \
  { 0x74, 0x93, 0xFF, 0x9B }, \
  { 0x0B, 0x00, 0x7A, 0x28 }, \
  { 0xBC, 0x8F, 0x76, 0x29 }, \
  { 0xAF, 0x64, 0xFF, 0xAE }, \
  { 0xB0, 0x8F, 0xFF, 0x9B }, \
  { 0xB8, 0x78, 0x76, 0x29 }, \
  { 0xF6, 0xFF, 0x7A, 0xA3 }, \
  { 0xFA, 0xFF, 0x7C, 0xA3 }, \
  { 0x06, 0x00, 0x7C, 0x21 }, \
  { 0xFC, 0xFF, 0x7A, 0xA3 }, \
  { 0x03, 0x00, 0x7C, 0x21 }, \
  { 0xFC, 0xFF, 0x7B, 0xA2 }, \
  { 0x0E, 0x86, 0x78, 0x73 }, \
  { 0x0B, 0x87, 0x78, 0x73 }, \
  { 0x0A, 0x88, 0x78, 0x73 }, \
  { 0xB8, 0x78, 0x74, 0x29 }, \
  { 0xF4, 0xFF, 0x7A, 0xA3 }, \
  { 0xFA, 0xFF, 0x7C, 0xA3 }, \
  { 0xFC, 0xFF, 0x74, 0xA3 }, \
  { 0x37, 0x00, 0x76, 0x28 }, \
  { 0x0C, 0x93, 0x78, 0x29 }, \
  { 0x46, 0x80, 0xFF, 0xAE }, \
  { 0x78, 0x8A, 0xFF, 0x9B }, \
  { 0xFF, 0xFF, 0xFF, 0x8F }, \
  { 0xFA, 0xFF, 0x76, 0xA3 }, \
  { 0x03, 0x00, 0x76, 0x21 }, \
  { 0x00, 0x00, 0x74, 0x28 }, \
  { 0xF6, 0xFF, 0x74, 0xA6 }, \
  { 0x02, 0x00, 0x76, 0x21 }, \
  { 0xF6, 0xFF, 0x74, 0xA6 }, \
  { 0xD0, 0x83, 0xFF, 0x9B }, \
  { 0xFF, 0xFF, 0xFF, 0x8F }, \
  { 0xAC, 0x78, 0x76, 0x29 }, \
  { 0xF6, 0xFF, 0x7A, 0xA3 }, \
  { 0xFA, 0xFF, 0x7C, 0xA3 }, \
  { 0xFC, 0xFF, 0x7E, 0xA3 }, \
  { 0xFF, 0xFF, 0xFF, 0x8F }, \
  { 0xB8, 0x78, 0x76, 0x29 }, \
  { 0xF6, 0xFF, 0x7A, 0xA3 }, \
  { 0xFA, 0xFF, 0x7C, 0xA3 }, \
  { 0xFC, 0xFF, 0x7E, 0xA3 }, \
  { 0xFF, 0xFF, 0xFF, 0x8F }, \
  { 0xAC, 0x78, 0x76, 0x29 }, \
  { 0xF6, 0xFF, 0x7A, 0xA3 }, \
  { 0xFA, 0xFF, 0x7C, 0xA3 }, \
  { 0x04, 0x00, 0x7C, 0x21 }, \
  { 0xFC, 0xFF, 0x7F, 0xA2 }, \
  { 0x03, 0x00, 0x7C, 0x21 }, \
  { 0xFC, 0xFF, 0x78, 0xA2 }, \
  { 0xFF, 0xFF, 0xFF, 0x8F }, \
  { 0xB8, 0x78, 0x76, 0x29 }, \
  { 0xF6, 0xFF, 0x7A, 0xA3 }, \
  { 0xFA, 0xFF, 0x7C, 0xA3 }, \
  { 0x06, 0x00, 0x7C, 0x21 }, \
  { 0xFC, 0xFF, 0x7F, 0xA2 }, \
  { 0x03, 0x00, 0x7C, 0x21 }, \
  { 0xFC, 0xFF, 0x78, 0xA2 }, \
  { 0xFF, 0xFF, 0xFF, 0x8F }, \
  { 0xFF, 0xFF, 0xFF, 0xFF }, \
  { 0xFF, 0xFF, 0xFF, 0xFF }, \
  { 0xFF, 0xFF, 0xFF, 0xFF }, \
  { 0xFF, 0xFF, 0xFF, 0xFF }, \
  { 0xFF, 0xFF, 0xFF, 0xFF }, \
  { 0xFF, 0xFF, 0xFF, 0xFF }, \
  { 0xFF, 0xFF, 0xFF, 0xFF }, \
  { 0xFF, 0xFF, 0xFF, 0xFF }, \
  { 0xFF, 0xFF, 0xFF, 0xFF }, \
  { 0xFF, 0xFF, 0xFF, 0xFF }, \
  { 0xFF, 0xFF, 0xFF, 0xFF }, \
  { 0xFF, 0xFF, 0xFF, 0xFF }, \
  { 0xFF, 0xFF, 0xFF, 0xFF }, \
  { 0xFF, 0xFF, 0xFF, 0xFF }, \
  { 0xFF, 0xFF, 0xFF, 0xFF }, \
  { 0xFF, 0xFF, 0xFF, 0xFF }, \
  { 0xFF, 0xFF, 0xFF, 0xFF }, \
  { 0xFF, 0xFF, 0xFF, 0xFF }, \
  { 0xFF, 0xFF, 0xFF, 0xFF }, \
  { 0xFF, 0xFF, 0xFF, 0xFF }, \
  { 0xFF, 0xFF, 0xFF, 0xFF }, \
  { 0xFF, 0xFF, 0xFF, 0xFF }, \
  { 0xFF, 0xFF, 0xFF, 0xFF }, \
  { 0xFF, 0xFF, 0xFF, 0xFF }, \
  { 0xFF, 0xFF, 0xFF, 0xFF }, \
  { 0xFF, 0xFF, 0xFF, 0xFF }, \
  { 0xFF, 0xFF, 0xFF, 0xFF }, \
  { 0xFF, 0xFF, 0xFF, 0xFF }, \
  { 0xFF, 0xFF, 0xFF, 0xFF }, \
  { 0xFF, 0xFF, 0xFF, 0xFF }, \
  { 0xFF, 0xFF, 0xFF, 0xFF }, \
  { 0xFF, 0xFF, 0xFF, 0xFF }, \
  { 0xFF, 0xFF, 0xFF, 0xFF }, \
  { 0xFF, 0xFF, 0xFF, 0xFF }, \
  { 0xFF, 0xFF, 0xFF, 0xFF }, \
  { 0xFF, 0xFF, 0xFF, 0xFF }, \
  { 0xFF, 0xFF, 0xFF, 0xFF }, \
  { 0xFF, 0xFF, 0xFF, 0xFF }, \
  { 0xFF, 0xFF, 0xFF, 0xFF }, \
  { 0xFF, 0xFF, 0xFF, 0xFF }, \
  { 0xFF, 0xFF, 0xFF, 0xFF }, \
  { 0xFF, 0xFF, 0xFF, 0xFF }, \
  { 0xFF, 0xFF, 0xFF, 0xFF }, \
  { 0xFF, 0xFF, 0xFF, 0xFF }, \
  { 0xFF, 0xFF, 0xFF, 0xFF }, \
  { 0xFF, 0xFF, 0xFF, 0xFF }, \
  { 0xFF, 0xFF, 0xFF, 0xFF }, \
  { 0xFF, 0xFF, 0xFF, 0xFF }, \
  { 0xFF, 0xFF, 0xFF, 0xFF }, \
  { 0xFF, 0xFF, 0xFF, 0xFF }, \
  { 0xFF, 0xFF, 0xFF, 0xFF }, \
  { 0xFF, 0xFF, 0xFF, 0xFF }, \
  { 0xFF, 0xFF, 0xFF, 0xFF }, \
  { 0xFF, 0xFF, 0xFF, 0xFF }, \
  { 0xFF, 0xFF, 0xFF, 0xFF }, \
  { 0xFF, 0xFF, 0xFF, 0xFF }, \
  { 0xFF, 0xFF, 0xFF, 0xFF }, \
  { 0xFF, 0xFF, 0xFF, 0xFF }, \
  { 0xFF, 0xFF, 0xFF, 0xFF }, \
  { 0xFF, 0xFF, 0xFF, 0xFF }, \
  { 0xFF, 0xFF, 0xFF, 0xFF }, \
  { 0xFF, 0xFF, 0xFF, 0xFF }, \
  { 0xFF, 0xFF, 0xFF, 0xFF }, \
  { 0xFF, 0xFF, 0xFF, 0xFF }, \
  { 0xFF, 0xFF, 0xFF, 0xFF }, \
  { 0xFF, 0xFF, 0xFF, 0xFF }, \
  { 0xFF, 0xFF, 0xFF, 0xFF }, \
  { 0xFF, 0xFF, 0xFF, 0xFF }, \
  { 0xFF, 0xFF, 0xFF, 0xFF }, \
  { 0xFF, 0xFF, 0xFF, 0xFF }, \
  { 0xFF, 0xFF, 0xFF, 0xFF }, \
  { 0xFF, 0xFF, 0xFF, 0xFF }, \
  { 0xFF, 0xFF, 0xFF, 0xFF }, \
  { 0xFF, 0xFF, 0xFF, 0xFF }, \
  { 0xFF, 0xFF, 0xFF, 0xFF }, \
  { 0xFF, 0xFF, 0xFF, 0xFF }, \
  { 0xFF, 0xFF, 0xFF, 0xFF }, \
  { 0xFF, 0xFF, 0xFF, 0xFF }, \
  { 0xFF, 0xFF, 0xFF, 0xFF }, \
  { 0xFF, 0xFF, 0xFF, 0xFF }, \
  { 0xFF, 0xFF, 0xFF, 0xFF }, \
  { 0xFF, 0xFF, 0xFF, 0xFF }, \
  { 0xFF, 0xFF, 0xFF, 0xFF }, \
  { 0xFF, 0xFF, 0xFF, 0xFF }, \
  { 0xFF, 0xFF, 0xFF, 0xFF }, \
  { 0xFF, 0xFF, 0xFF, 0xFF }, \
  { 0xFF, 0xFF, 0xFF, 0xFF }, \
  { 0xFF, 0xFF, 0xFF, 0xFF }, \
  { 0xFF, 0xFF, 0xFF, 0xFF }, \
  { 0xFF, 0xFF, 0xFF, 0xFF }, \
  { 0xFF, 0xFF, 0xFF, 0xFF }, \
  { 0xFF, 0xFF, 0xFF, 0xFF }, \
  { 0xFF, 0xFF, 0xFF, 0xFF }, \
  { 0xFF, 0xFF, 0xFF, 0xFF }, \
  { 0xFF, 0xFF, 0xFF, 0xFF }, \
  { 0xFF, 0xFF, 0xFF, 0xFF }, \
  { 0xFF, 0xFF, 0xFF, 0xFF }, \
  { 0xFF, 0xFF, 0xFF, 0xFF }, \
  { 0xFF, 0xFF, 0xFF, 0xFF }, \
  { 0xFF, 0xFF, 0xFF, 0xFF }, \
  { 0xFF, 0xFF, 0xFF, 0xFF }, \
  { 0xFF, 0xFF, 0xFF, 0xFF }, \
  { 0xFF, 0xFF, 0xFF, 0xFF }, \
  { 0xFF, 0xFF, 0xFF, 0xFF }, \
  { 0xFF, 0xFF, 0xFF, 0xFF }, \
  { 0xFF, 0xFF, 0xFF, 0xFF }, \
  { 0xFF, 0xFF, 0xFF, 0xFF }, \
  { 0xFF, 0xFF, 0xFF, 0xFF }, \
  { 0xFF, 0xFF, 0xFF, 0xFF }, \
  { 0xFF, 0xFF, 0xFF, 0xFF }, \
  { 0xFF, 0xFF, 0xFF, 0xFF }, \
  { 0xFF, 0xFF, 0xFF, 0xFF }, \
  { 0xFF, 0xFF, 0xFF, 0xFF }, \
  { 0xFF, 0xFF, 0xFF, 0xFF }, \
  { 0xFF, 0xFF, 0xFF, 0xFF }, \
  { 0xFF, 0xFF, 0xFF, 0xFF }, \
  { 0xFF, 0xFF, 0xFF, 0xFF }, \
  { 0xFF, 0xFF, 0xFF, 0xFF }, \
  { 0xFF, 0xFF, 0xFF, 0xFF }, \
  { 0xFF, 0xFF, 0xFF, 0xFF }, \
  { 0xFF, 0xFF, 0xFF, 0xFF }, \
  { 0xFF, 0xFF, 0xFF, 0xFF }, \
  { 0xFF, 0xFF, 0xFF, 0xFF }, \
  { 0xFF, 0xFF, 0xFF, 0xFF }, \
  { 0xFF, 0xFF, 0xFF, 0xFF }, \
  { 0xFF, 0xFF, 0xFF, 0xFF }, \
  { 0xFF, 0xFF, 0xFF, 0xFF }, \
  { 0xFF, 0xFF, 0xFF, 0xFF }, \
  { 0xFF, 0xFF, 0xFF, 0xFF }, \
  { 0xFF, 0xFF, 0xFF, 0xFF }, \
  { 0xFF, 0xFF, 0xFF, 0xFF }, \
  { 0xFF, 0xFF, 0xFF, 0xFF }, \
  { 0xFF, 0xFF, 0xFF, 0xFF }, \
  { 0xFF, 0xFF, 0xFF, 0xFF }, \
  { 0xFF, 0xFF, 0xFF, 0xFF }, \
  { 0xFF, 0xFF, 0xFF, 0xFF }, \
  { 0xFF, 0xFF, 0xFF, 0xFF }, \
  { 0xFF, 0xFF, 0xFF, 0xFF }, \
  { 0xFF, 0xFF, 0xFF, 0xFF }, \
  { 0xFF, 0xFF, 0xFF, 0xFF }, \
  { 0xFF, 0xFF, 0xFF, 0xFF }, \
  { 0xFF, 0xFF, 0xFF, 0xFF }, \
  { 0xFF, 0xFF, 0xFF, 0xFF }, \
  { 0xFF, 0xFF, 0xFF, 0xFF }, \
  { 0xFF, 0xFF, 0xFF, 0xFF }, \
  { 0xFF, 0xFF, 0xFF, 0xFF }, \
  { 0xFF, 0xFF, 0xFF, 0xFF }, \
  { 0xFF, 0xFF, 0xFF, 0xFF }, \
  { 0xFF, 0xFF, 0xFF, 0xFF }, \
  { 0xFF, 0xFF, 0xFF, 0xFF }, \
  { 0xFF, 0xFF, 0xFF, 0xFF }, \
  { 0xFF, 0xFF, 0xFF, 0xFF }, \
  { 0xFF, 0xFF, 0xFF, 0xFF }, \
  { 0xFF, 0xFF, 0xFF, 0xFF }, \
  { 0xFF, 0xFF, 0xFF, 0xFF }, \
  { 0xFF, 0xFF, 0xFF, 0xFF }, \
  { 0xFF, 0xFF, 0xFF, 0xFF }, \
  { 0xFF, 0xFF, 0xFF, 0xFF }, \
  { 0xFF, 0xFF, 0xFF, 0xFF }, \
  { 0xFF, 0xFF, 0xFF, 0xFF }, \
  { 0xFF, 0xFF, 0xFF, 0xFF }, \
  { 0xFF, 0xFF, 0xFF, 0xFF }, \
  { 0xFF, 0xFF, 0xFF, 0xFF }, \
  { 0xFF, 0xFF, 0xFF, 0xFF }, \
  { 0xFF, 0xFF, 0xFF, 0xFF }, \
  { 0xFF, 0xFF, 0xFF, 0xFF }, \
  { 0xFF, 0xFF, 0xFF, 0xFF }, \
  { 0xFF, 0xFF, 0xFF, 0xFF }, \
  { 0xFF, 0xFF, 0xFF, 0xFF }, \
  { 0xFF, 0xFF, 0xFF, 0xFF }, \
  { 0xFF, 0xFF, 0xFF, 0xFF }, \
  { 0xFF, 0xFF, 0xFF, 0xFF }, \
  { 0xFF, 0xFF, 0xFF, 0xFF }, \
  { 0xFF, 0xFF, 0xFF, 0xFF }, \
  { 0xFF, 0xFF, 0xFF, 0xFF }, \
  { 0xFF, 0xFF, 0xFF, 0xFF }, \
  { 0xFF, 0xFF, 0xFF, 0xFF }, \
  { 0xFF, 0xFF, 0xFF, 0xFF }, \
  { 0xFF, 0xFF, 0xFF, 0xFF }, \
  { 0xFF, 0xFF, 0xFF, 0xFF }, \
  { 0xFF, 0xFF, 0xFF, 0xFF }, \
  { 0xFF, 0xFF, 0xFF, 0xFF }, \
  { 0xFF, 0xFF, 0xFF, 0xFF }, \
  { 0xFF, 0xFF, 0xFF, 0xFF }, \
  { 0xFF, 0xFF, 0xFF, 0xFF }, \
  { 0xFF, 0xFF, 0xFF, 0xFF }, \
  { 0xFF, 0xFF, 0xFF, 0xFF }, \
  { 0xFF, 0xFF, 0xFF, 0xFF }, \
  { 0xFF, 0xFF, 0xFF, 0xFF }, \
  { 0xFF, 0xFF, 0xFF, 0xFF }, \
  { 0xFF, 0xFF, 0xFF, 0xFF }, \
  { 0xFF, 0xFF, 0xFF, 0xFF }, \
  { 0xFF, 0xFF, 0xFF, 0xFF }, \
  { 0xFF, 0xFF, 0xFF, 0xFF }, \
  { 0xFF, 0xFF, 0xFF, 0xFF }, \
  { 0xFF, 0xFF, 0xFF, 0xFF }, \
  { 0xFF, 0xFF, 0xFF, 0xFF }, \
  { 0xFF, 0xFF, 0xFF, 0xFF }, \
  { 0xFF, 0xFF, 0xFF, 0xFF }, \
  { 0xFF, 0xFF, 0xFF, 0xFF }, \
  { 0xFF, 0xFF, 0xFF, 0xFF }, \
  { 0xFF, 0xFF, 0xFF, 0xFF }, \
  { 0xFF, 0xFF, 0xFF, 0xFF }, \
  { 0xFF, 0xFF, 0xFF, 0xFF }, \
  { 0xFF, 0xFF, 0xFF, 0xFF }, \
  { 0xFF, 0xFF, 0xFF, 0xFF }, \
  { 0xFF, 0xFF, 0xFF, 0xFF }, \
  { 0xFF, 0xFF, 0xFF, 0xFF }, \
  { 0xFF, 0xFF, 0xFF, 0xFF }, \
  { 0xFF, 0xFF, 0xFF, 0xFF }, \
  { 0xFF, 0xFF, 0xFF, 0xFF }, \
  { 0xFF, 0xFF, 0xFF, 0xFF }, \
  { 0xFF, 0xFF, 0xFF, 0xFF }, \
  { 0xFF, 0xFF, 0xFF, 0xFF }, \
  { 0xFF, 0xFF, 0xFF, 0xFF }, \
  { 0xFF, 0xFF, 0xFF, 0xFF }, \
  { 0xFF, 0xFF, 0xFF, 0xFF }, \
  { 0xFF, 0xFF, 0xFF, 0xFF }, \
  { 0xFF, 0xFF, 0xFF, 0xFF }, \
  { 0xFF, 0xFF, 0xFF, 0xFF }, \
  { 0xFF, 0xFF, 0xFF, 0xFF }, \
  { 0xFF, 0xFF, 0xFF, 0xFF }, \
  { 0xFF, 0xFF, 0xFF, 0xFF }, \
  { 0xFF, 0xFF, 0xFF, 0xFF }, \
  { 0xFF, 0xFF, 0xFF, 0xFF }, \
  { 0xFF, 0xFF, 0xFF, 0xFF }, \
  { 0xFF, 0xFF, 0xFF, 0xFF }, \
  { 0xFF, 0xFF, 0xFF, 0xFF }, \
  { 0xFF, 0xFF, 0xFF, 0xFF }, \
  { 0xFF, 0xFF, 0xFF, 0xFF }, \
  { 0xFF, 0xFF, 0xFF, 0xFF }, \
  { 0xFF, 0xFF, 0xFF, 0xFF }, \
  { 0xFF, 0xFF, 0xFF, 0xFF }, \
  { 0xFF, 0xFF, 0xFF, 0xFF }, \
  { 0xFF, 0xFF, 0xFF, 0xFF }, \
  { 0xFF, 0xFF, 0xFF, 0xFF }, \
  { 0xFF, 0xFF, 0xFF, 0xFF }, \
  { 0xFF, 0xFF, 0xFF, 0xFF }, \
  { 0xFF, 0xFF, 0xFF, 0xFF }, \
  { 0xFF, 0xFF, 0xFF, 0xFF }, \
  { 0xFF, 0xFF, 0xFF, 0xFF }, \
  { 0xFF, 0xFF, 0xFF, 0xFF }, \
  { 0xFF, 0xFF, 0xFF, 0xFF }, \
  { 0xFF, 0xFF, 0xFF, 0xFF }, \
  { 0xFF, 0xFF, 0xFF, 0xFF }, \
  { 0xFF, 0xFF, 0xFF, 0xFF }, \
  { 0xFF, 0xFF, 0xFF, 0xFF }, \
  { 0xFF, 0xFF, 0xFF, 0xFF }, \
  { 0xFF, 0xFF, 0xFF, 0xFF }, \
  { 0xFF, 0xFF, 0xFF, 0xFF }, \
  { 0xFF, 0xFF, 0xFF, 0xFF }, \
  { 0xFF, 0xFF, 0xFF, 0xFF }, \
  { 0xFF, 0xFF, 0xFF, 0xFF }, \
  { 0xFF, 0xFF, 0xFF, 0xFF }, \
  { 0xFF, 0xFF, 0xFF, 0xFF }, \
  { 0xFF, 0xFF, 0xFF, 0xFF }, \
  { 0xFF, 0xFF, 0xFF, 0xFF }, \
  { 0xFF, 0xFF, 0xFF, 0xFF }, \
  { 0xFF, 0xFF, 0xFF, 0xFF }, \
  { 0xFF, 0xFF, 0xFF, 0xFF }, \
  { 0xFF, 0xFF, 0xFF, 0xFF }, \
  { 0xFF, 0xF3, 0x7F, 0x2A }, \
  { 0xFF, 0xF4, 0x7E, 0x2A }, \
  { 0xF0, 0xF2, 0xFF, 0x47 }, \
  { 0xFF, 0xF5, 0x7F, 0x2A }, \
  { 0xFF, 0xF6, 0x7E, 0x2A }, \
  { 0xC8, 0x99, 0xFF, 0x9B }, \
  { 0xFF, 0xF1, 0x70, 0x2A }, \
  { 0xC8, 0x99, 0xFF, 0x9B }, \
  { 0xFF, 0xFF, 0xFF, 0x8F }, \
  { 0x03, 0x00, 0x7A, 0x28 }, \
  { 0x60, 0x99, 0x7C, 0x29 }, \
  { 0xA9, 0xC1, 0xFF, 0xAE }, \
  { 0x03, 0x00, 0x73, 0x28 }, \
  { 0x4F, 0x00, 0x74, 0x28 }, \
  { 0x00, 0x00, 0x75, 0x28 }, \
  { 0x88, 0x00, 0x76, 0x28 }, \
  { 0x76, 0x00, 0x72, 0x28 }, \
  { 0xA8, 0x97, 0xFF, 0x9B }, \
  { 0x78, 0x00, 0x72, 0x28 }, \
  { 0xA8, 0x97, 0xFF, 0x9B }, \
  { 0x7A, 0x00, 0x72, 0x28 }, \
  { 0xA8, 0x97, 0xFF, 0x9B }, \
  { 0x7C, 0x00, 0x72, 0x28 }, \
  { 0xA8, 0x97, 0xFF, 0x9B }, \
  { 0x7E, 0x00, 0x72, 0x28 }, \
  { 0xA8, 0x97, 0xFF, 0x9B }, \
  { 0x80, 0x00, 0x72, 0x28 }, \
  { 0xA8, 0x97, 0xFF, 0x9B }, \
  { 0x82, 0x00, 0x72, 0x28 }, \
  { 0xFF, 0xF3, 0x7F, 0x2A }, \
  { 0xFF, 0xF4, 0x7E, 0x2A }, \
  { 0xF0, 0xF2, 0xFF, 0x46 }, \
  { 0xFF, 0xF5, 0x7F, 0x2A }, \
  { 0xFF, 0xF6, 0x7E, 0x2A }, \
  { 0xC8, 0x99, 0xFF, 0x9B }, \
  { 0x80, 0x00, 0x72, 0x28 }, \
  { 0x03, 0x00, 0x73, 0x28 }, \
  { 0x26, 0x00, 0x74, 0x28 }, \
  { 0xFF, 0xF3, 0x7F, 0x2A }, \
  { 0xFF, 0xF4, 0x7E, 0x2A }, \
  { 0xF0, 0xF2, 0xFF, 0x46 }, \
  { 0xFF, 0xF5, 0x7F, 0x2A }, \
  { 0xFF, 0xF6, 0x7E, 0x2A }, \
  { 0xC8, 0x99, 0xFF, 0x9B }, \
  { 0x06, 0x00, 0x72, 0x28 }, \
  { 0x03, 0x00, 0x73, 0x28 }, \
  { 0x26, 0x00, 0x74, 0x28 }, \
  { 0xFF, 0xF3, 0x7F, 0x2A }, \
  { 0xFF, 0xF4, 0x7E, 0x2A }, \
  { 0xF0, 0xF2, 0xFF, 0x46 }, \
  { 0xFF, 0xF5, 0x7F, 0x2A }, \
  { 0xFF, 0xF6, 0x7E, 0x2A }, \
  { 0xC8, 0x99, 0xFF, 0x9B }, \
  { 0x06, 0x00, 0x72, 0x28 }, \
  { 0x03, 0x00, 0x73, 0x28 }, \
  { 0x26, 0x00, 0x74, 0x28 }, \
  { 0xFF, 0xF3, 0x7F, 0x2A }, \
  { 0xFF, 0xF4, 0x7E, 0x2A }, \
  { 0xF0, 0xF2, 0xFF, 0x46 }, \
  { 0xFF, 0xF5, 0x7F, 0x2A }, \
  { 0xFF, 0xF6, 0x7E, 0x2A }, \
  { 0xC8, 0x99, 0xFF, 0x9B }, \
  { 0x06, 0x00, 0x72, 0x28 }, \
  { 0x03, 0x00, 0x73, 0x28 }, \
  { 0x26, 0x00, 0x74, 0x28 }, \
  { 0xFF, 0xF3, 0x7F, 0x2A }, \
  { 0xFF, 0xF4, 0x7E, 0x2A }, \
  { 0xF0, 0xF2, 0xFF, 0x46 }, \
  { 0xFF, 0xF5, 0x7F, 0x2A }, \
  { 0xFF, 0xF6, 0x7E, 0x2A }, \
  { 0xC8, 0x99, 0xFF, 0x9B }, \
  { 0x00, 0x46, 0x86, 0x4F }, \
  { 0x01, 0x47, 0x86, 0x4F }, \
  { 0x01, 0x00, 0x70, 0x21 }, \
  { 0x00, 0x46, 0x86, 0x73 }, \
  { 0x01, 0x47, 0x86, 0x73 }, \
  { 0xFF, 0xFF, 0xFF, 0x8F }, \
  { 0x02, 0xE1, 0x86, 0x50 }, \
  { 0xFF, 0xFF, 0xFF, 0x8F }, \
  { 0x01, 0x00, 0xF0, 0x30 }, \
  { 0x00, 0x45, 0x86, 0x73 }, \
  { 0x30, 0x82, 0x4F, 0x4F }, \
  { 0xC0, 0x00, 0xF0, 0x2C }, \
  { 0xF6, 0xFF, 0x70, 0x3C }, \
  { 0xFF, 0xF0, 0x79, 0x2A }, \
  { 0x4A, 0x00, 0x72, 0x28 }, \
  { 0x00, 0x00, 0x71, 0x28 }, \
  { 0xF0, 0xF2, 0x72, 0x22 }, \
  { 0xF0, 0xF2, 0x72, 0x22 }, \
  { 0x00, 0x00, 0x7F, 0x28 }, \
  { 0x86, 0x00, 0x7E, 0x28 }, \
  { 0xF0, 0xF2, 0xFF, 0x47 }, \
  { 0x00, 0x48, 0x86, 0x73 }, \
  { 0x01, 0x49, 0x86, 0x73 }, \
  { 0x00, 0x46, 0x86, 0x4F }, \
  { 0x01, 0x47, 0x86, 0x4F }, \
  { 0x02, 0x48, 0x86, 0x4F }, \
  { 0x03, 0x49, 0x86, 0x4F }, \
  { 0xCC, 0x97, 0x7A, 0x29 }, \
  { 0x20, 0xA3, 0xFF, 0xAF }, \
  { 0x00, 0x46, 0x86, 0x4F }, \
  { 0x01, 0x47, 0x86, 0x4F }, \
  { 0x02, 0x48, 0x86, 0x4F }, \
  { 0x03, 0x49, 0x86, 0x4F }, \
  { 0xDC, 0x98, 0x7A, 0x29 }, \
  { 0x20, 0xA4, 0xFF, 0xAF }, \
  { 0x00, 0x45, 0x86, 0x4F }, \
  { 0xFE, 0x00, 0xF0, 0x2C }, \
  { 0x00, 0x45, 0x86, 0x73 }, \
  { 0xFF, 0xFF, 0xFF, 0x8F }, \
  { 0x04, 0x52, 0x86, 0x4F }, \
  { 0x05, 0x53, 0x86, 0x4F }, \
  { 0x06, 0x54, 0x86, 0x4F }, \
  { 0x07, 0x55, 0x86, 0x4F }, \
  { 0x90, 0x99, 0x7A, 0x29 }, \
  { 0x60, 0xA1, 0xFF, 0xAF }, \
  { 0x94, 0x99, 0x7A, 0x29 }, \
  { 0x40, 0xA1, 0xFF, 0xAF }, \
  { 0x01, 0x00, 0x74, 0x21 }, \
  { 0xA4, 0x99, 0x7A, 0x29 }, \
  { 0x40, 0xA1, 0xFF, 0xAF }, \
  { 0xFF, 0xFF, 0xFF, 0x8F }, \
  { 0xFF, 0xFF, 0xFF, 0x8F }, \
  { 0x08, 0x57, 0x86, 0x4F }, \
  { 0x38, 0x82, 0x26, 0x73 }, \
  { 0x01, 0x83, 0x26, 0x53 }, \
  { 0xFF, 0xFF, 0xFF, 0x8F }, \
  { 0x38, 0x54, 0x26, 0x4F }, \
  { 0xFF, 0x82, 0x26, 0x53 }, \
  { 0x00, 0x83, 0x26, 0x53 }, \
  { 0xFF, 0xFF, 0xFF, 0x8F }, \
  { 0x01, 0x00, 0x7A, 0x28 }, \
  { 0x00, 0x45, 0x86, 0x4F }, \
  { 0xE4, 0x98, 0x7C, 0x29 }, \
  { 0xA0, 0xC0, 0xFF, 0xAE }, \
  { 0xFF, 0xFF, 0xFF, 0x8F }, \
  { 0xFE, 0x3F, 0xFF, 0xD9 }, \
  { 0xF1, 0x45, 0xFF, 0x44 }, \
  { 0xF2, 0x46, 0xFF, 0x44 }, \
  { 0xF3, 0x47, 0xFF, 0x44 }, \
  { 0xF4, 0x48, 0xFF, 0x44 }, \
  { 0xF5, 0x49, 0xFF, 0x44 }, \
  { 0xF6, 0x4A, 0xFF, 0x44 }, \
  { 0x01, 0x61, 0x01, 0xB7 }, \
  { 0xFF, 0xFE, 0x77, 0x2A }, \
  { 0xFE, 0xF3, 0x7E, 0x22 }, \
  { 0xF0, 0xF2, 0xFF, 0x0E }, \
  { 0x01, 0x00, 0x72, 0x20 }, \
  { 0xC0, 0x00, 0x7C, 0x28 }, \
  { 0x40, 0x9A, 0x7A, 0x29 }, \
  { 0xC2, 0xA1, 0xFF, 0xAE }, \
  { 0xFF, 0xF7, 0x7E, 0x2A }, \
  { 0xF2, 0x46, 0xFF, 0x0C }, \
  { 0xF3, 0x47, 0xFF, 0x0C }, \
  { 0x01, 0x00, 0x78, 0x28 }, \
  { 0x2C, 0x9A, 0x7A, 0x29 }, \
  { 0x53, 0xA1, 0xFF, 0xAE }, \
  { 0x01, 0x00, 0xF6, 0x2C }, \
  { 0xF6, 0x4A, 0xFF, 0x0C }, \
  { 0xFE, 0x3F, 0xFF, 0xDB }, \
  { 0xFF, 0xFF, 0xFF, 0x8F }, \
  { 0x38, 0x9A, 0x7A, 0x29 }, \
  { 0x42, 0xA1, 0xFF, 0xAE }, \
  { 0xFF, 0xFF, 0xFF, 0x8F }, \
  { 0xF6, 0xF8, 0xF6, 0x32 }, \
  { 0xFF, 0xFF, 0xFF, 0x8F }, \
  { 0x4B, 0x00, 0x72, 0x28 }, \
  { 0x01, 0x00, 0x73, 0x20 }, \
  { 0x54, 0x9A, 0x7A, 0x29 }, \
  { 0x13, 0xA5, 0xFF, 0xAE }, \
  { 0xFF, 0xFF, 0xFF, 0x8F }, \
  { 0x00, 0x00, 0x73, 0x28 }, \
  { 0xFF, 0xFF, 0xFF, 0x8F }, \
  { 0xFF, 0xFF, 0xFF, 0xFF }, \
  { 0xFF, 0xFF, 0xFF, 0xFF }, \
  { 0xFF, 0xFF, 0xFF, 0xFF }, \
  { 0xFF, 0xFF, 0xFF, 0xFF }, \
  { 0xFF, 0xFF, 0xFF, 0xFF }, \
  { 0xFF, 0xFF, 0xFF, 0xFF }, \
  { 0xFF, 0xFF, 0xFF, 0xFF }, \
  { 0xFF, 0xFF, 0xFF, 0xFF }, \
  { 0xFF, 0xFF, 0xFF, 0xFF }, \
  { 0xFF, 0xFF, 0xFF, 0xFF }, \
  { 0xFF, 0xFF, 0xFF, 0xFF }, \
  { 0xFF, 0xFF, 0xFF, 0xFF }, \
  { 0xFF, 0xFF, 0xFF, 0xFF }, \
  { 0xFF, 0xFF, 0xFF, 0xFF }, \
  { 0xFF, 0xFF, 0xFF, 0xFF }, \
  { 0xFF, 0xFF, 0xFF, 0xFF }, \
  { 0xFF, 0xFF, 0xFF, 0xFF }, \
  { 0xFF, 0xFF, 0xFF, 0xFF }, \
  { 0xFF, 0xFF, 0xFF, 0xFF }, \
  { 0xFF, 0xFF, 0xFF, 0xFF }, \
  { 0xFF, 0xFF, 0xFF, 0xFF }, \
  { 0xFF, 0xFF, 0xFF, 0xFF }, \
  { 0xFF, 0xFF, 0xFF, 0xFF }, \
  { 0xFF, 0xFF, 0xFF, 0xFF }, \
  { 0xFF, 0xFF, 0xFF, 0xFF }, \
  { 0xFF, 0xFF, 0xFF, 0xFF }, \
  { 0xFF, 0xFF, 0xFF, 0xFF }, \
  { 0xFF, 0xFF, 0xFF, 0xFF }, \
  { 0xFF, 0xFF, 0xFF, 0xFF }, \
  { 0xFF, 0xFF, 0xFF, 0xFF }, \
  { 0xFF, 0xFF, 0xFF, 0xFF }, \
  { 0xFF, 0xFF, 0xFF, 0xFF }, \
  { 0xFF, 0xFF, 0xFF, 0xFF }, \
  { 0xFF, 0xFF, 0xFF, 0xFF }, \
  { 0xFF, 0xFF, 0xFF, 0xFF }, \
  { 0xFF, 0xFF, 0xFF, 0xFF }, \
  { 0xFF, 0xFF, 0xFF, 0xFF }, \
  { 0xFF, 0xFF, 0xFF, 0xFF }, \
  { 0xFF, 0xFF, 0xFF, 0xFF }, \
  { 0xFF, 0xFF, 0xFF, 0xFF }, \
  { 0xFF, 0xFF, 0xFF, 0xFF }, \
  { 0xFF, 0xFF, 0xFF, 0xFF }, \
  { 0xFF, 0xFF, 0xFF, 0xFF }, \
  { 0xB0, 0x01, 0x7E, 0x29 }, \
  { 0x03, 0xB3, 0x7C, 0x29 }, \
  { 0x01, 0x00, 0x7D, 0x20 }, \
  { 0x11, 0x02, 0x01, 0x4F }, \
  { 0x00, 0x11, 0xFF, 0x92 }, \
  { 0x08, 0x9C, 0xFF, 0x9B }, \
  { 0xFF, 0xF0, 0x7A, 0x2A }, \
  { 0x4C, 0x9B, 0xFF, 0x9B }, \
  { 0x29, 0x05, 0x7E, 0x29 }, \
  { 0x03, 0x29, 0x7C, 0x29 }, \
  { 0xFF, 0xF0, 0x7A, 0x2A }, \
  { 0x4C, 0x9B, 0xFF, 0x9B }, \
  { 0xA1, 0x06, 0x7E, 0x29 }, \
  { 0x03, 0xA1, 0x7C, 0x29 }, \
  { 0xFF, 0xF0, 0x7A, 0x2A }, \
  { 0x4C, 0x9B, 0xFF, 0x9B }, \
  { 0xFF, 0xFF, 0xFF, 0xFC }, \
  { 0xFF, 0xFA, 0x70, 0x2A }, \
  { 0xF2, 0x57, 0xFF, 0x44 }, \
  { 0x00, 0x00, 0x74, 0x29 }, \
  { 0x00, 0x00, 0x71, 0x28 }, \
  { 0x13, 0x03, 0xFF, 0x91 }, \
  { 0x12, 0x00, 0x70, 0x24 }, \
  { 0x98, 0x9B, 0xFF, 0x83 }, \
  { 0x00, 0x21, 0xFF, 0x92 }, \
  { 0xF0, 0xF4, 0x74, 0x23 }, \
  { 0x01, 0x00, 0x72, 0x24 }, \
  { 0x68, 0x9B, 0xFF, 0x83 }, \
  { 0xF1, 0xFF, 0x74, 0x3D }, \
  { 0xF1, 0xFF, 0x74, 0x3D }, \
  { 0xF1, 0xFF, 0x74, 0x3D }, \
  { 0xF1, 0xFF, 0x74, 0x3D }, \
  { 0xF2, 0x57, 0xFF, 0x44 }, \
  { 0xF1, 0xFF, 0x72, 0x39 }, \
  { 0xF4, 0xF2, 0x76, 0x23 }, \
  { 0xC8, 0x9B, 0xFF, 0x83 }, \
  { 0x00, 0x21, 0xFF, 0x92 }, \
  { 0xF0, 0xF4, 0x74, 0x23 }, \
  { 0x01, 0x00, 0x72, 0x24 }, \
  { 0x98, 0x9B, 0xFF, 0x83 }, \
  { 0xF1, 0xFF, 0x74, 0x3D }, \
  { 0xF1, 0xFF, 0x74, 0x3D }, \
  { 0xF1, 0xFF, 0x74, 0x3D }, \
  { 0xF1, 0xFF, 0x74, 0x3D }, \
  { 0xF2, 0x57, 0xFF, 0x44 }, \
  { 0xF1, 0xFF, 0x72, 0x39 }, \
  { 0xF2, 0xF4, 0x76, 0x27 }, \
  { 0xC8, 0x9B, 0xFF, 0x83 }, \
  { 0xFF, 0xF6, 0x78, 0x2B }, \
  { 0x01, 0x00, 0xF8, 0x2D }, \
  { 0xF1, 0xFF, 0x76, 0x3D }, \
  { 0xF8, 0xF6, 0x76, 0x23 }, \
  { 0x7F, 0x63, 0xFF, 0x90 }, \
  { 0x7F, 0x00, 0x76, 0x28 }, \
  { 0xF6, 0xF6, 0xFF, 0x0C }, \
  { 0xF8, 0x80, 0xFF, 0x44 }, \
  { 0x20, 0x00, 0xF8, 0x30 }, \
  { 0xF8, 0x80, 0xFF, 0x0C }, \
  { 0xFE, 0xFC, 0x7E, 0x22 }, \
  { 0xFE, 0xFD, 0x79, 0x26 }, \
  { 0xFF, 0xF6, 0xFF, 0x90 }, \
  { 0xFF, 0xFF, 0xFF, 0x8F }, \
  { 0x4C, 0x9B, 0xFF, 0x83 }, \
  { 0xFF, 0xFF, 0xFF, 0xFC }, \
  { 0x01, 0xE6, 0xFF, 0x51 }, \
  { 0x80, 0x40, 0xFF, 0x51 }, \
  { 0x00, 0x41, 0xFF, 0x51 }, \
  { 0x00, 0xEB, 0xFF, 0x51 }, \
  { 0x01, 0xE9, 0xFF, 0x51 }, \
  { 0xF0, 0x42, 0xFF, 0x51 }, \
  { 0x00, 0x43, 0xFF, 0x51 }, \
  { 0xBF, 0x00, 0xFE, 0xC1 }, \
  { 0x10, 0x4F, 0xFF, 0x4F }, \
  { 0x00, 0x42, 0xFF, 0x51 }, \
  { 0x00, 0x43, 0xFF, 0x51 }, \
  { 0x00, 0xEB, 0xFF, 0x51 }, \
  { 0x00, 0xE9, 0xFF, 0x51 }, \
  { 0x00, 0x40, 0xFF, 0x51 }, \
  { 0x00, 0x41, 0xFF, 0x51 }, \
  { 0x00, 0xE6, 0xFF, 0x51 }, \
  { 0xFF, 0xFF, 0xFF, 0x8F }, \
  { 0xFF, 0xFF, 0xFF, 0xFF }, \
  { 0xFF, 0xFF, 0xFF, 0xFF }, \
  { 0xFF, 0xFF, 0xFF, 0xFF }, \
  { 0xFF, 0xFF, 0xFF, 0xFF }, \
  { 0xFF, 0xFF, 0xFF, 0xFF }, \
  { 0xFF, 0xFF, 0xFF, 0xFF }, \
  { 0xFF, 0xFF, 0xFF, 0xFF }, \
  { 0xFF, 0xFF, 0xFF, 0xFF }, \
  { 0xFF, 0xFF, 0xFF, 0xFF }, \
  { 0xFF, 0xFF, 0xFF, 0xFF }, \
  { 0xFF, 0xFF, 0xFF, 0xFF }, \
  { 0xFF, 0xFF, 0xFF, 0xFF }, \
  { 0xFF, 0xFF, 0xFF, 0xFF }, \
  { 0xFF, 0xFF, 0xFF, 0xFF }, \
  { 0xFF, 0xFF, 0xFF, 0xFF }, \
  { 0xFF, 0xFF, 0xFF, 0xFF }, \
  { 0xFF, 0xFF, 0xFF, 0xFF }, \
  { 0xFF, 0xFF, 0xFF, 0xFF }, \
  { 0xFF, 0xFF, 0xFF, 0xFF }, \
  { 0xFF, 0xFF, 0xFF, 0xFF }, \
  { 0xFF, 0xFF, 0xFF, 0xFF }, \
  { 0xFF, 0xFF, 0xFF, 0xFF }, \
  { 0xFF, 0xFF, 0xFF, 0xFF }, \
  { 0xFF, 0xFF, 0xFF, 0xFF }, \
  { 0xFF, 0xFF, 0xFF, 0xFF }, \
  { 0xFF, 0xFF, 0xFF, 0xFF }, \
  { 0xFF, 0xFF, 0xFF, 0xFF }, \
  { 0xFF, 0xFF, 0xFF, 0xFF }, \
  { 0xFF, 0xFF, 0xFF, 0xFF }, \
  { 0xFF, 0xFF, 0xFF, 0xFF }, \
  { 0xFF, 0xFF, 0xFF, 0xFF }, \
  { 0xFF, 0xFF, 0xFF, 0xFF }, \
  { 0xFF, 0xFF, 0xFF, 0xFF }, \
  { 0xFF, 0xFF, 0xFF, 0xFF }, \
  { 0xFF, 0xFF, 0xFF, 0xFF }, \
  { 0xFF, 0xFF, 0xFF, 0xFF }, \
  { 0xFF, 0xFF, 0xFF, 0xFF }, \
  { 0xFF, 0xFF, 0xFF, 0xFF }, \
  { 0xFF, 0xFF, 0xFF, 0xFF }, \
  { 0xFF, 0xFF, 0xFF, 0xFF }, \
  { 0xFF, 0xFF, 0xFF, 0xFF }, \
  { 0xFF, 0xFF, 0xFF, 0xFF }, \
  { 0xFF, 0xFF, 0xFF, 0xFF }, \
  { 0xFF, 0xFF, 0xFF, 0xFF }, \
  { 0xFF, 0xFF, 0xFF, 0xFF }, \
  { 0xFF, 0xFF, 0xFF, 0xFF }, \
  { 0xFF, 0xFF, 0xFF, 0xFF }, \
  { 0xFF, 0xFF, 0xFF, 0xFF }, \
  { 0xFF, 0xFF, 0xFF, 0xFF }, \
  { 0xFF, 0xFF, 0xFF, 0xFF }, \
  { 0xFF, 0xFF, 0xFF, 0xFF }, \
  { 0xFF, 0xFF, 0xFF, 0xFF }, \
  { 0xFF, 0xFF, 0xFF, 0xFF }, \
  { 0xFF, 0xFF, 0xFF, 0xFF }, \
  { 0xFF, 0xFF, 0xFF, 0xFF }, \
  { 0xFF, 0xFF, 0xFF, 0xFF }, \
  { 0xFF, 0xFF, 0xFF, 0xFF }, \
  { 0xFF, 0xFF, 0xFF, 0xFF }, \
  { 0xFF, 0xFF, 0xFF, 0xFF }, \
  { 0xFF, 0xFF, 0xFF, 0xFF }, \
  { 0xFF, 0xFF, 0xFF, 0xFF }, \
  { 0xFF, 0xFF, 0xFF, 0xFF }, \
  { 0xFF, 0xFF, 0xFF, 0xFF }, \
  { 0xFF, 0xFF, 0xFF, 0xFF }, \
  { 0xFF, 0xFF, 0xFF, 0xFF }, \
  { 0xFF, 0xFF, 0xFF, 0xFF }, \
  { 0xFF, 0xFF, 0xFF, 0xFF }, \
  { 0xFF, 0xFF, 0xFF, 0xFF }, \
  { 0xFF, 0xFF, 0xFF, 0xFF }, \
  { 0xFF, 0xFF, 0xFF, 0xFF }, \
  { 0xFF, 0xFF, 0xFF, 0xFF }, \
  { 0xFF, 0xFF, 0xFF, 0xFF }, \
  { 0xFF, 0xFF, 0xFF, 0xFF }, \
  { 0xFF, 0xFF, 0xFF, 0xFF }, \
  { 0xFF, 0xFF, 0xFF, 0xFF }, \
  { 0x7C, 0x9D, 0xFF, 0x83 }, \
  { 0x73, 0x00, 0x7A, 0x28 }, \
  { 0xF6, 0xFF, 0x7E, 0xA3 }, \
  { 0xFC, 0xFF, 0xF0, 0xA3 }, \
  { 0x00, 0x10, 0xFF, 0xB7 }, \
  { 0xF2, 0x74, 0xFF, 0x45 }, \
  { 0xF1, 0x73, 0xFF, 0x44 }, \
  { 0xFF, 0xFF, 0xFF, 0x8F }, \
  { 0x9C, 0x9D, 0xFF, 0x83 }, \
  { 0x8B, 0x00, 0x7A, 0x28 }, \
  { 0xF6, 0xFF, 0x7E, 0xA3 }, \
  { 0xFC, 0xFF, 0xF0, 0xA3 }, \
  { 0x00, 0x10, 0xFF, 0xB7 }, \
  { 0xF2, 0x8C, 0xFF, 0x45 }, \
  { 0xF1, 0x8B, 0xFF, 0x44 }, \
  { 0xFF, 0xFF, 0xFF, 0x8F }, \
  { 0xBC, 0x9D, 0xFF, 0x83 }, \
  { 0xFF, 0xF3, 0x7F, 0x2A }, \
  { 0xFF, 0x76, 0x78, 0x36 }, \
  { 0xFF, 0xF1, 0x7B, 0x2A }, \
  { 0xF8, 0xF1, 0xF1, 0x2E }, \
  { 0xFC, 0xFF, 0xF0, 0xA7 }, \
  { 0x00, 0x10, 0xFF, 0x90 }, \
  { 0xE4, 0x9D, 0xFF, 0x83 }, \
  { 0xF4, 0xFF, 0x7E, 0xA3 }, \
  { 0xF9, 0x42, 0xFF, 0x0C }, \
  { 0xFF, 0xFF, 0xFF, 0x8F }, \
  { 0xF4, 0xFF, 0x7E, 0xA3 }, \
  { 0x18, 0xE0, 0xFF, 0x95 }, \
  { 0x07, 0x00, 0x7E, 0x29 }, \
  { 0x02, 0x90, 0xFF, 0x90 }, \
  { 0x01, 0x76, 0xFF, 0x04 }, \
  { 0x08, 0x90, 0xFF, 0x90 }, \
  { 0x01, 0x8E, 0xFF, 0x04 }, \
  { 0x40, 0x9E, 0xFF, 0x83 }, \
  { 0xF4, 0xFF, 0x7E, 0xA3 }, \
  { 0x1C, 0xE0, 0xFF, 0x95 }, \
  { 0x07, 0x00, 0x7E, 0x29 }, \
  { 0x02, 0x90, 0xFF, 0x90 }, \
  { 0x01, 0x76, 0xFF, 0x04 }, \
  { 0x08, 0x90, 0xFF, 0x90 }, \
  { 0x01, 0x8E, 0xFF, 0x04 }, \
  { 0x40, 0x9E, 0xFF, 0x83 }, \
  { 0x20, 0xE0, 0xFF, 0x94 }, \
  { 0x12, 0x00, 0x7E, 0x29 }, \
  { 0x02, 0x90, 0xFF, 0x90 }, \
  { 0x01, 0x76, 0xFF, 0x04 }, \
  { 0x08, 0x90, 0xFF, 0x90 }, \
  { 0x01, 0x8E, 0xFF, 0x04 }, \
  { 0x40, 0x9E, 0xFF, 0x83 }, \
  { 0xFF, 0xF3, 0x7F, 0x2A }, \
  { 0x05, 0x00, 0x7E, 0x28 }, \
  { 0x04, 0x00, 0x7A, 0x20 }, \
  { 0x01, 0xFA, 0xFF, 0x06 }, \
  { 0x01, 0x00, 0x7A, 0x24 }, \
  { 0x01, 0xFA, 0xFF, 0x06 }, \
  { 0xFF, 0xFF, 0xFF, 0x8F }, \
  { 0xFF, 0xF3, 0x7F, 0x2A }, \
  { 0xFE, 0x00, 0xFF, 0x2C }, \
  { 0xFF, 0x76, 0x78, 0x36 }, \
  { 0xFF, 0xF1, 0x7B, 0x2A }, \
  { 0xF8, 0xF1, 0xF1, 0x2E }, \
  { 0xFC, 0xFF, 0xF0, 0xA7 }, \
  { 0x00, 0x10, 0xFF, 0x90 }, \
  { 0x88, 0x9E, 0xFF, 0x83 }, \
  { 0xF4, 0xFF, 0x7E, 0xA3 }, \
  { 0xF9, 0x42, 0xFF, 0x0C }, \
  { 0xFF, 0xFF, 0xFF, 0x8F }, \
  { 0xF4, 0xFF, 0x7E, 0xA3 }, \
  { 0x18, 0xE0, 0xFF, 0x95 }, \
  { 0x07, 0x00, 0x7E, 0x29 }, \
  { 0x02, 0x90, 0xFF, 0x90 }, \
  { 0x01, 0x76, 0xFF, 0x04 }, \
  { 0x08, 0x90, 0xFF, 0x90 }, \
  { 0x01, 0x8E, 0xFF, 0x04 }, \
  { 0xE4, 0x9E, 0xFF, 0x83 }, \
  { 0xF4, 0xFF, 0x7E, 0xA3 }, \
  { 0x1C, 0xE0, 0xFF, 0x95 }, \
  { 0x07, 0x00, 0x7E, 0x29 }, \
  { 0x02, 0x90, 0xFF, 0x90 }, \
  { 0x01, 0x76, 0xFF, 0x04 }, \
  { 0x08, 0x90, 0xFF, 0x90 }, \
  { 0x01, 0x8E, 0xFF, 0x04 }, \
  { 0xE4, 0x9E, 0xFF, 0x83 }, \
  { 0x20, 0xE0, 0xFF, 0x94 }, \
  { 0x12, 0x00, 0x7E, 0x29 }, \
  { 0x02, 0x90, 0xFF, 0x90 }, \
  { 0x01, 0x76, 0xFF, 0x04 }, \
  { 0x08, 0x90, 0xFF, 0x90 }, \
  { 0x01, 0x8E, 0xFF, 0x04 }, \
  { 0xE4, 0x9E, 0xFF, 0x83 }, \
  { 0xFF, 0xF3, 0x7F, 0x2A }, \
  { 0xFE, 0x00, 0xFF, 0x2C }, \
  { 0x05, 0x00, 0x7E, 0x28 }, \
  { 0x04, 0x00, 0x7A, 0x20 }, \
  { 0x01, 0xFA, 0xFF, 0x06 }, \
  { 0x01, 0x00, 0x7A, 0x24 }, \
  { 0x01, 0xFA, 0xFF, 0x06 }, \
  { 0xFF, 0xFF, 0xFF, 0x8F }, \
  { 0xFF, 0xFF, 0xFF, 0xFF }, \
  { 0xFF, 0xFF, 0xFF, 0xFF }, \
  { 0xFF, 0xFF, 0xFF, 0xFF }, \
  { 0xFF, 0xFF, 0xFF, 0xFF }, \
  { 0xFF, 0xFF, 0xFF, 0xFF }, \
  { 0xFF, 0xFF, 0xFF, 0xFF }, \
  { 0xFF, 0xFF, 0xFF, 0xFF }, \
  { 0xFF, 0xFF, 0xFF, 0xFF }, \
  { 0xFF, 0xFF, 0xFF, 0xFF }, \
  { 0xFF, 0xFF, 0xFF, 0xFF }, \
  { 0xFF, 0xFF, 0xFF, 0xFF }, \
  { 0xFF, 0xFF, 0xFF, 0xFF }, \
  { 0xFF, 0xFF, 0xFF, 0xFF }, \
  { 0xFF, 0xFF, 0xFF, 0xFF }, \
  { 0xFF, 0xFF, 0xFF, 0xFF }, \
  { 0xFF, 0xFF, 0xFF, 0xFF }, \
  { 0xFF, 0xFF, 0xFF, 0xFF }, \
  { 0xFF, 0xFF, 0xFF, 0xFF }, \
  { 0xFF, 0xFF, 0xFF, 0xFF }, \
  { 0xFF, 0xFF, 0xFF, 0xFF }, \
  { 0xFF, 0xFF, 0xFF, 0xFF }, \
  { 0xFF, 0xFF, 0xFF, 0xFF }, \
  { 0xFF, 0xFF, 0xFF, 0xFF }, \
  { 0xFF, 0xFF, 0xFF, 0xFF }, \
  { 0xFF, 0xFF, 0xFF, 0xFF }, \
  { 0xFF, 0xFF, 0xFF, 0xFF }, \
  { 0xFF, 0xFF, 0xFF, 0xFF }, \
  { 0xFF, 0xFF, 0xFF, 0xFF }, \
  { 0xFF, 0xFF, 0xFF, 0xFF }, \
  { 0xFF, 0xFF, 0xFF, 0xFF }, \
  { 0xFF, 0xFF, 0xFF, 0xFF }, \
  { 0xFF, 0xFF, 0xFF, 0xFF }, \
  { 0xFF, 0xFF, 0xFF, 0xFF }, \
  { 0xFF, 0xFF, 0xFF, 0xFF }, \
  { 0xFF, 0xFF, 0xFF, 0xFF }, \
  { 0xFF, 0xFF, 0xFF, 0xFF }, \
  { 0xFF, 0xFF, 0xFF, 0xFF }, \
  { 0xFF, 0xFF, 0xFF, 0xFF }, \
  { 0xFF, 0xFF, 0xFF, 0xFF }, \
  { 0xFF, 0xFF, 0xFF, 0xFF }, \
  { 0xFF, 0xFF, 0xFF, 0xFF }, \
  { 0xFF, 0xFF, 0xFF, 0xFF }, \
  { 0xFF, 0xFF, 0xFF, 0xFF }, \
  { 0xFF, 0xFF, 0xFF, 0xFF }, \
  { 0xFF, 0xFF, 0xFF, 0xFF }, \
  { 0xFF, 0xFF, 0xFF, 0xFF }, \
  { 0xFF, 0xFF, 0xFF, 0xFF }, \
  { 0xFF, 0xFF, 0xFF, 0xFF }, \
  { 0xFF, 0xFF, 0xFF, 0xFF }, \
  { 0xFF, 0xFF, 0xFF, 0xFF }, \
  { 0xFF, 0xFF, 0xFF, 0xFF }, \
  { 0xFF, 0xFF, 0xFF, 0xFF }, \
  { 0xFF, 0xFF, 0xFF, 0xFF }, \
  { 0xFF, 0xFF, 0xFF, 0xFF }, \
  { 0xFF, 0xFF, 0xFF, 0xFF }, \
  { 0xFF, 0xFF, 0xFF, 0xFF }, \
  { 0xFF, 0xFF, 0xFF, 0xFF }, \
  { 0xFF, 0xFF, 0xFF, 0xFF }, \
  { 0xFF, 0xFF, 0xFF, 0xFF }, \
  { 0xFF, 0xFF, 0xFF, 0xFF }, \
  { 0xFF, 0xFF, 0xFF, 0xFF }, \
  { 0xFF, 0xFF, 0xFF, 0xFF }, \
  { 0xFF, 0xFF, 0xFF, 0xFF }, \
  { 0xFF, 0xFF, 0xFF, 0xFF }, \
  { 0xFF, 0xFF, 0xFF, 0xFF }, \
  { 0xFF, 0xFF, 0xFF, 0xFF }, \
  { 0xFF, 0xFF, 0xFF, 0xFF }, \
  { 0xFF, 0xFF, 0xFF, 0xFF }, \
  { 0xFF, 0xFF, 0xFF, 0xFF }, \
  { 0xFF, 0xFF, 0xFF, 0xFF }, \
  { 0xFF, 0xFF, 0xFF, 0xFF }, \
  { 0xFF, 0xFF, 0xFF, 0xFF }, \
  { 0xFF, 0xFF, 0xFF, 0xFF }, \
  { 0xFF, 0xFF, 0xFF, 0xFF }, \
  { 0xFF, 0xFF, 0xFF, 0xFF }, \
  { 0xFF, 0xFF, 0xFF, 0xFF }, \
  { 0xFF, 0xFF, 0xFF, 0xFF }, \
  { 0xFF, 0xFF, 0xFF, 0xFF }, \
  { 0xFF, 0xFF, 0xFF, 0xFF }, \
  { 0xFF, 0xFF, 0xFF, 0xFF }, \
  { 0xFF, 0xFF, 0xFF, 0xFF }, \
  { 0xFF, 0xFF, 0xFF, 0xFF }, \
  { 0xFF, 0xFF, 0xFF, 0xFF }, \
  { 0xFF, 0xFF, 0xFF, 0xFF }, \
  { 0xFF, 0xFF, 0xFF, 0xFF }, \
  { 0xFF, 0xFF, 0xFF, 0xFF }, \
  { 0xFF, 0xFF, 0xFF, 0xFF }, \
  { 0xFF, 0xFF, 0xFF, 0xFF }, \
  { 0xFF, 0xFF, 0xFF, 0xFF }, \
  { 0xFF, 0xFF, 0xFF, 0xFF }, \
  { 0xFF, 0xFF, 0xFF, 0xFF }, \
  { 0xFF, 0xFF, 0xFF, 0xFF }, \
  { 0xFF, 0xFF, 0xFF, 0xFF }, \
  { 0xFF, 0xFF, 0xFF, 0xFF }, \
  { 0xFF, 0xFF, 0xFF, 0xFF }, \
  { 0xFF, 0xFF, 0xFF, 0xFF }, \
  { 0xFF, 0xFF, 0xFF, 0xFF }, \
  { 0xFF, 0xFF, 0xFF, 0xFF }, \
  { 0xFF, 0xFF, 0xFF, 0xFF }, \
  { 0xFF, 0xFF, 0xFF, 0xFF }, \
  { 0xFF, 0xFF, 0xFF, 0xFF }, \
  { 0xFF, 0xFF, 0xFF, 0xFF }, \
  { 0xFF, 0xFF, 0xFF, 0xFF }, \
  { 0xFF, 0xFF, 0xFF, 0xFF }, \
  { 0xFF, 0xFF, 0xFF, 0xFF }, \
  { 0xFF, 0xFF, 0xFF, 0xFF }, \
  { 0xFF, 0xFF, 0xFF, 0xFF }, \
  { 0xFF, 0xFF, 0xFF, 0xFF }, \
  { 0xFF, 0xFF, 0xFF, 0xFF }, \
  { 0xFF, 0xFF, 0xFF, 0xFF }, \
  { 0xFF, 0xFF, 0xFF, 0xFF }, \
  { 0xFF, 0xFF, 0xFF, 0xFF }, \
  { 0xFF, 0xFF, 0xFF, 0xFF }, \
  { 0xFF, 0xFF, 0xFF, 0xFF }, \
  { 0xFF, 0xFF, 0xFF, 0xFF }, \
  { 0xFF, 0xFF, 0xFF, 0xFF }, \
  { 0xFF, 0xFF, 0xFF, 0xFF }, \
  { 0xFF, 0xFF, 0xFF, 0xFF }, \
  { 0xFF, 0xFF, 0xFF, 0xFF }, \
  { 0xFF, 0xFF, 0xFF, 0xFF }, \
  { 0xFF, 0xFF, 0xFF, 0xFF }, \
  { 0xFF, 0xFF, 0xFF, 0xFF }, \
  { 0xFF, 0xFF, 0xFF, 0xFF }, \
  { 0xFF, 0xFF, 0xFF, 0xFF }, \
  { 0xFF, 0xFF, 0xFF, 0xFF }, \
  { 0xFF, 0xFF, 0xFF, 0xFF }, \
  { 0xFF, 0xFF, 0xFF, 0xFF }, \
  { 0xFF, 0xFF, 0xFF, 0xFF }, \
  { 0xFF, 0xFF, 0xFF, 0xFF }, \
  { 0xFF, 0xFF, 0xFF, 0xFF }, \
  { 0xFF, 0xFF, 0xFF, 0xFF }, \
  { 0xFF, 0xFF, 0xFF, 0xFF }, \
  { 0xFF, 0xFF, 0xFF, 0xFF }, \
  { 0xFF, 0xFF, 0xFF, 0xFF }, \
  { 0xFF, 0xFF, 0xFF, 0xFF }, \
  { 0xFF, 0xFF, 0xFF, 0xFF }, \
  { 0xFF, 0xFF, 0xFF, 0xFF }, \
  { 0xFF, 0xFF, 0xFF, 0xFF }, \
  { 0xFF, 0xFF, 0xFF, 0xFF }, \
  { 0xFF, 0xFF, 0xFF, 0xFF }, \
  { 0xFF, 0xFF, 0xFF, 0xFF }, \
  { 0xFF, 0xFF, 0xFF, 0xFF }, \
  { 0xFF, 0xFF, 0xFF, 0xFF }, \
  { 0xFF, 0xFF, 0xFF, 0xFF }, \
  { 0xFF, 0xFF, 0xFF, 0xFF }, \
  { 0xFF, 0xFF, 0xFF, 0xFF }, \
  { 0xFF, 0xFF, 0xFF, 0xFF }, \
  { 0xFF, 0xFF, 0xFF, 0xFF }, \
  { 0xFF, 0xFF, 0xFF, 0xFF }, \
  { 0xFF, 0xFF, 0xFF, 0xFF }, \
  { 0xFF, 0xFF, 0xFF, 0xFF }, \
  { 0xFF, 0xFF, 0xFF, 0xFF }, \
  { 0xFF, 0xFF, 0xFF, 0xFF }, \
  { 0xFF, 0xFF, 0xFF, 0xFF }, \
  { 0xFF, 0xFF, 0xFF, 0xFF }, \
  { 0xFF, 0xFF, 0xFF, 0xFF }, \
  { 0xFF, 0xFF, 0xFF, 0xFF }, \
  { 0xFF, 0xFF, 0xFF, 0xFF }, \
  { 0xFF, 0xFF, 0xFF, 0xFF }, \
  { 0xFF, 0xFF, 0xFF, 0xFF }, \
  { 0xFF, 0xFF, 0xFF, 0xFF }, \
  { 0xFF, 0xFF, 0xFF, 0xFF }, \
  { 0xFF, 0xFF, 0xFF, 0xFF }, \
  { 0xFF, 0xFF, 0xFF, 0xFF }, \
  { 0xFF, 0xFF, 0xFF, 0xFF }, \
  { 0xFF, 0xFF, 0xFF, 0xFF }, \
  { 0xFF, 0xFF, 0xFF, 0xFF }, \
  { 0xFF, 0xFF, 0xFF, 0xFF }, \
  { 0xFF, 0xFF, 0xFF, 0xFF }, \
  { 0xFF, 0xFF, 0xFF, 0xFF }, \
  { 0xFF, 0xFF, 0xFF, 0xFF }, \
  { 0xFF, 0xFF, 0xFF, 0xFF }, \
  { 0xFF, 0xFF, 0xFF, 0xFF }, \
  { 0xFF, 0xFF, 0xFF, 0xFF }, \
  { 0xFF, 0xFF, 0xFF, 0xFF }, \
  { 0xFF, 0xFF, 0xFF, 0xFF }, \
  { 0xFF, 0xFF, 0xFF, 0xFF }, \
  { 0xFF, 0xFF, 0xFF, 0xFF }, \
  { 0xFF, 0xFF, 0xFF, 0xFF }, \
  { 0xFF, 0xFF, 0xFF, 0xFF }, \
  { 0xFF, 0xFF, 0xFF, 0xFF }, \
  { 0xFF, 0xFF, 0xFF, 0xFF }, \
  { 0xFF, 0xFF, 0xFF, 0xFF }, \
  { 0xFF, 0xFF, 0xFF, 0xFF }, \
  { 0xFF, 0xFF, 0xFF, 0xFF }, \
  { 0xFF, 0xFF, 0xFF, 0xFF }, \
  { 0xFF, 0xFF, 0xFF, 0xFF }, \
  { 0xFF, 0xFF, 0xFF, 0xFF }, \
  { 0xFF, 0xFF, 0xFF, 0xFF }, \
  { 0xFF, 0xFF, 0xFF, 0xFF }, \
  { 0xFF, 0xFF, 0xFF, 0xFF }, \
  { 0xFF, 0xFF, 0xFF, 0xFF }, \
  { 0xFF, 0xFF, 0xFF, 0xFF }, \
  { 0xFF, 0xFF, 0xFF, 0xFF }, \
  { 0xFF, 0xFF, 0xFF, 0xFF }, \
  { 0xFF, 0xFF, 0xFF, 0xFF }, \
  { 0xFF, 0xFF, 0xFF, 0xFF }, \
  { 0xFF, 0xFF, 0xFF, 0xFF }, \
  { 0xFF, 0xFF, 0xFF, 0xFF }, \
  { 0xFF, 0xFF, 0xFF, 0xFF }, \
  { 0xFF, 0xFF, 0xFF, 0xFF }, \
  { 0xFF, 0xFF, 0xFF, 0xFF }, \
  { 0xFF, 0xFF, 0xFF, 0xFF }, \
  { 0xFF, 0xFF, 0xFF, 0xFF }, \
  { 0xFF, 0xFF, 0xFF, 0xFF }, \
  { 0xFF, 0xFF, 0xFF, 0xFF }, \
  { 0xFF, 0xFF, 0xFF, 0xFF }, \
  { 0xFF, 0xFF, 0xFF, 0xFF }, \
  { 0xFF, 0xFF, 0xFF, 0xFF }, \
  { 0xFF, 0xFF, 0xFF, 0xFF }, \
  { 0xFF, 0xFF, 0xFF, 0xFF }, \
  { 0xFF, 0xFF, 0xFF, 0xFF }, \
  { 0xFF, 0xFF, 0xFF, 0xFF }, \
  { 0xFF, 0xFF, 0xFF, 0xFF }, \
  { 0xFF, 0xFF, 0xFF, 0xFF }, \
  { 0xFF, 0xFF, 0xFF, 0xFF }, \
  { 0xFF, 0xFF, 0xFF, 0xFF }, \
  { 0xFF, 0xFF, 0xFF, 0xFF }, \
  { 0xFF, 0xFF, 0xFF, 0xFF }, \
  { 0xFF, 0xFF, 0xFF, 0xFF }, \
  { 0xFF, 0xFF, 0xFF, 0xFF }, \
  { 0xFF, 0xFF, 0xFF, 0xFF }, \
  { 0xFF, 0xFF, 0xFF, 0xFF }, \
  { 0xFF, 0xFF, 0xFF, 0xFF }, \
  { 0xFF, 0xFF, 0xFF, 0xFF }, \
  { 0xFF, 0xFF, 0xFF, 0xFF }, \
  { 0xFF, 0xFF, 0xFF, 0xFF }, \
  { 0xFF, 0xFF, 0xFF, 0xFF }, \
  { 0xFF, 0xFF, 0xFF, 0xFF }, \
  { 0xFF, 0xFF, 0xFF, 0xFF }, \
  { 0xFF, 0xFF, 0xFF, 0xFF }, \
  { 0xFF, 0xFF, 0xFF, 0xFF }, \
  { 0xFF, 0xFF, 0xFF, 0xFF }, \
  { 0xFF, 0xFF, 0xFF, 0xFF }, \
  { 0xFF, 0xFF, 0xFF, 0xFF }, \
  { 0xFF, 0xFF, 0xFF, 0xFF }, \
  { 0xFF, 0xFF, 0xFF, 0xFF }, \
  { 0xFF, 0xFF, 0xFF, 0xFF }, \
  { 0xFF, 0xFF, 0xFF, 0xFF }, \
  { 0xFF, 0xFF, 0xFF, 0xFF }, \
  { 0xFF, 0xFF, 0xFF, 0xFF }, \
  { 0xFF, 0xFF, 0xFF, 0xFF }, \
  { 0xFF, 0xFF, 0xFF, 0xFF }, \
  { 0xFF, 0xFF, 0xFF, 0xFF }, \
  { 0xFF, 0xFF, 0xFF, 0xFF }, \
  { 0xFF, 0xFF, 0xFF, 0xFF }, \
  { 0xFF, 0xFF, 0xFF, 0xFF }, \
  { 0xFF, 0xFF, 0xFF, 0xFF }, \
  { 0xFF, 0xFF, 0xFF, 0xFF }, \
  { 0xFF, 0xFF, 0xFF, 0xFF }, \
  { 0xFF, 0xFF, 0xFF, 0xFF }, \
  { 0xFF, 0xFF, 0xFF, 0xFF }, \
  { 0xFF, 0xFF, 0xFF, 0xFF }, \
  { 0xFF, 0xFF, 0xFF, 0xFF }, \
  { 0xFF, 0xFF, 0xFF, 0xFF }, \
  { 0xFF, 0xFF, 0xFF, 0xFF }, \
  { 0xFF, 0xFF, 0xFF, 0xFF }, \
  { 0xFF, 0xFF, 0xFF, 0xFF }, \
  { 0xFF, 0xFF, 0xFF, 0xFF }, \
  { 0xFF, 0xFF, 0xFF, 0xFF }, \
  { 0xFF, 0xFF, 0xFF, 0xFF }, \
  { 0xFF, 0xFF, 0xFF, 0xFF }, \
  { 0xFF, 0xFF, 0xFF, 0xFF }, \
  { 0xFF, 0xFF, 0xFF, 0xFF }, \
  { 0xFF, 0xFF, 0xFF, 0xFF }, \
  { 0xFF, 0xFF, 0xFF, 0xFF }, \
  { 0xFF, 0xFF, 0xFF, 0xFF }, \
  { 0xFF, 0xFF, 0xFF, 0xFF }, \
  { 0xFF, 0xFF, 0xFF, 0xFF }, \
  { 0xFF, 0xFF, 0xFF, 0xFF }, \
  { 0xFF, 0xFF, 0xFF, 0xFF }, \
  { 0xFF, 0xFF, 0xFF, 0xFF }, \
  { 0xFF, 0xFF, 0xFF, 0xFF }, \
  { 0xFF, 0xFF, 0xFF, 0xFF }, \
  { 0xFF, 0xFF, 0xFF, 0xFF }, \
  { 0xFF, 0xFF, 0xFF, 0xFF }, \
  { 0xFF, 0xFF, 0xFF, 0xFF }, \
  { 0xFF, 0xFF, 0xFF, 0xFF }, \
  { 0xFF, 0xFF, 0xFF, 0xFF }, \
  { 0xFF, 0xFF, 0xFF, 0xFF }, \
  { 0xFF, 0xFF, 0xFF, 0xFF }, \
  { 0xFF, 0xFF, 0xFF, 0xFF }, \
  { 0xFF, 0xFF, 0xFF, 0xFF }, \
  { 0xFF, 0xFF, 0xFF, 0xFF }, \
  { 0xFF, 0xFF, 0xFF, 0xFF }, \
  { 0xFF, 0xFF, 0xFF, 0xFF }, \
  { 0xFF, 0xFF, 0xFF, 0xFF }, \
  { 0xFF, 0xFF, 0xFF, 0xFF }, \
  { 0xFF, 0xFF, 0xFF, 0xFF }, \
  { 0xFF, 0xFF, 0xFF, 0xFF }, \
  { 0xFF, 0xFF, 0xFF, 0xFF }, \
  { 0xFF, 0xFF, 0xFF, 0xFF }, \
  { 0xFF, 0xFF, 0xFF, 0xFF }, \
  { 0xFF, 0xFF, 0xFF, 0xFF }, \
  { 0xFF, 0xFF, 0xFF, 0xFF }, \
  { 0xFF, 0xFF, 0xFF, 0xFF }, \
  { 0xFF, 0xFF, 0xFF, 0xFF }, \
  { 0xFF, 0xFF, 0xFF, 0xFF }, \
  { 0xFF, 0xFF, 0xFF, 0xFF }, \
  { 0xFF, 0xFF, 0xFF, 0xFF }, \
  { 0xFF, 0xFF, 0xFF, 0xFF }, \
  { 0xFF, 0xFF, 0xFF, 0xFF }, \
  { 0xFF, 0xFF, 0xFF, 0xFF }, \
  { 0xFF, 0xFF, 0xFF, 0xFF }, \
  { 0xFF, 0xFF, 0xFF, 0xFF }, \
  { 0xFF, 0xFF, 0xFF, 0xFF }, \
  { 0xFF, 0xFF, 0xFF, 0xFF }, \
  { 0xFF, 0xFF, 0xFF, 0xFF }, \
  { 0xFF, 0xFF, 0xFF, 0xFF }, \
  { 0xFF, 0xFF, 0xFF, 0xFF }, \
  { 0xFF, 0xFF, 0xFF, 0xFF }, \
  { 0xFF, 0xFF, 0xFF, 0xFF }, \
  { 0xFF, 0xFF, 0xFF, 0xFF }, \
  { 0xFF, 0xFF, 0xFF, 0xFF }, \
  { 0xFF, 0xFF, 0xFF, 0xFF }, \
  { 0xFF, 0xFF, 0xFF, 0xFF }, \
  { 0xFF, 0xFF, 0xFF, 0xFF }, \
  { 0xFF, 0xFF, 0xFF, 0xFF }, \
  { 0xFF, 0xFF, 0xFF, 0xFF }, \
  { 0xFF, 0xFF, 0xFF, 0xFF }, \
  { 0xFF, 0xFF, 0xFF, 0xFF }, \
  { 0xFF, 0xFF, 0xFF, 0xFF }, \
  { 0xFF, 0xFF, 0xFF, 0xFF }, \
  { 0xFF, 0xFF, 0xFF, 0xFF }, \
  { 0xFF, 0xFF, 0xFF, 0xFF }, \
  { 0xFF, 0xFF, 0xFF, 0xFF }, \
  { 0xFF, 0xFF, 0xFF, 0xFF }, \
  { 0xFF, 0xFF, 0xFF, 0xFF }, \
  { 0xFF, 0xFF, 0xFF, 0xFF }, \
  { 0xFF, 0xFF, 0xFF, 0xFF }, \
  { 0xFF, 0xFF, 0xFF, 0xFF }, \
  { 0xFF, 0xFF, 0xFF, 0xFF }, \
  { 0xFF, 0xFF, 0xFF, 0xFF }, \
  { 0xFF, 0xFF, 0xFF, 0xFF }, \
  { 0xFF, 0xFF, 0xFF, 0xFF }, \
  { 0xFF, 0xFF, 0xFF, 0xFF }, \
  { 0xFF, 0xFF, 0xFF, 0xFF }, \
  { 0xFF, 0xFF, 0xFF, 0xFF }, \
  { 0xFF, 0xFF, 0xFF, 0xFF }, \
  { 0xFF, 0xFF, 0xFF, 0xFF }, \
  { 0xFF, 0xFF, 0xFF, 0xFF }, \
  { 0xFF, 0xFF, 0xFF, 0xFF }, \
  { 0xFF, 0xFF, 0xFF, 0xFF }, \
  { 0xFF, 0xFF, 0xFF, 0xFF }, \
  { 0xFF, 0xFF, 0xFF, 0xFF }, \
  { 0xFF, 0xFF, 0xFF, 0xFF }, \
  { 0xFF, 0xFF, 0xFF, 0xFF }, \
  { 0xFF, 0xFF, 0xFF, 0xFF }, \
  { 0xFF, 0xFF, 0xFF, 0xFF }, \
  { 0xFF, 0xFF, 0xFF, 0xFF }, \
  { 0xFF, 0xFF, 0xFF, 0xFF }, \
  { 0xFF, 0xFF, 0xFF, 0xFF }, \
  { 0xFF, 0xFF, 0xFF, 0xFF }, \
  { 0xFF, 0xFF, 0xFF, 0xFF }, \
  { 0xFF, 0xFF, 0xFF, 0xFF }, \
  { 0xFF, 0xFF, 0xFF, 0xFF }, \
  { 0xFF, 0xFF, 0xFF, 0xFF }, \
  { 0xFF, 0xFF, 0xFF, 0xFF }, \
  { 0xFF, 0xFF, 0xFF, 0xFF }, \
  { 0xFF, 0xFF, 0xFF, 0xFF }, \
  { 0xFF, 0xFF, 0xFF, 0xFF }, \
  { 0xFF, 0xFF, 0xFF, 0xFF }, \
  { 0xFF, 0xFF, 0xFF, 0xFF }, \
  { 0xFF, 0xFF, 0xFF, 0xFF }, \
  { 0xFF, 0xFF, 0xFF, 0xFF }, \
  { 0xFF, 0xFF, 0xFF, 0xFF }, \
  { 0xFF, 0xFF, 0xFF, 0xFF }, \
  { 0xFF, 0xFF, 0xFF, 0xFF }, \
  { 0xFF, 0xFF, 0xFF, 0xFF }, \
  { 0xFF, 0xFF, 0xFF, 0xFF }, \
  { 0xFF, 0xFF, 0xFF, 0xFF }, \
  { 0xFF, 0xFF, 0xFF, 0xFF }, \
  { 0xFF, 0xFF, 0xFF, 0xFF }, \
  { 0xFF, 0xFF, 0xFF, 0xFF }, \
  { 0xFF, 0xFF, 0xFF, 0xFF }, \
  { 0xFF, 0xFF, 0xFF, 0xFF }, \
  { 0xFF, 0xFF, 0xFF, 0xFF }, \
  { 0xFF, 0xFF, 0xFF, 0xFF }, \
  { 0xFF, 0xFF, 0xFF, 0xFF }, \
  { 0xFF, 0xFF, 0xFF, 0xFF }, \
  { 0xFF, 0xFF, 0xFF, 0xFF }, \
  { 0xFF, 0xFF, 0xFF, 0xFF }, \
  { 0xFF, 0xFF, 0xFF, 0xFF }, \
  { 0xFF, 0xFF, 0xFF, 0xFF }, \
  { 0xFF, 0xFF, 0xFF, 0xFF }, \
  { 0xFF, 0xFF, 0xFF, 0xFF }, \
  { 0xFF, 0xFF, 0xFF, 0xFF }, \
  { 0xFF, 0xFF, 0xFF, 0xFF }, \
  { 0xFF, 0xFF, 0xFF, 0xFF }, \
  { 0xFF, 0xFF, 0xFF, 0xFF }, \
  { 0xFF, 0xFF, 0xFF, 0xFF }, \
  { 0xFF, 0xFF, 0xFF, 0xFF }, \
  { 0xFF, 0xFF, 0xFF, 0xFF }, \
  { 0xFF, 0xFF, 0xFF, 0xFF }, \
  { 0xFF, 0xFF, 0xFF, 0xFF }, \
  { 0xFF, 0xFF, 0xFF, 0xFF }, \
  { 0xFF, 0xFF, 0xFF, 0xFF }, \
  { 0xFF, 0xFF, 0xFF, 0xFF }, \
  { 0xFF, 0xFF, 0xFF, 0xFF }, \
  { 0xFF, 0xFF, 0xFF, 0xFF }, \
  { 0xFF, 0xFF, 0xFF, 0xFF }, \
  { 0xFF, 0xFF, 0xFF, 0xFF }, \
  { 0xFF, 0xFF, 0xFF, 0xFF }, \
  { 0xFF, 0xFF, 0xFF, 0xFF }, \
  { 0xFF, 0xFF, 0xFF, 0xFF }, \
  { 0xFF, 0xFF, 0xFF, 0xFF }, \
  { 0xFF, 0xFF, 0xFF, 0xFF }, \
  { 0xFF, 0xFF, 0xFF, 0xFF }, \
  { 0xFF, 0xFF, 0xFF, 0xFF }, \
  { 0xFF, 0xFF, 0xFF, 0xFF }, \
  { 0xFF, 0xFF, 0xFF, 0xFF }, \
  { 0xFF, 0xFF, 0xFF, 0xFF }, \
  { 0xFF, 0xFF, 0xFF, 0xFF }, \
  { 0xFF, 0xFF, 0xFF, 0xFF }, \
  { 0xFF, 0xFF, 0xFF, 0xFF }, \
  { 0xFF, 0xFF, 0xFF, 0xFF }, \
  { 0xFF, 0xFF, 0xFF, 0xFF }, \
  { 0xFF, 0xFF, 0xFF, 0xFF }, \
  { 0xFF, 0xFF, 0xFF, 0xFF }, \
  { 0xFF, 0xFF, 0xFF, 0xFF }, \
  { 0xFF, 0xFF, 0xFF, 0xFF }, \
  { 0xFF, 0xFF, 0xFF, 0xFF }, \
  { 0xFF, 0xFF, 0xFF, 0xFF }, \
  { 0xFF, 0xFF, 0xFF, 0xFF }, \
  { 0xFF, 0xFF, 0xFF, 0xFF }, \
  { 0xFF, 0xFF, 0xFF, 0xFF }, \
  { 0xFF, 0xFF, 0xFF, 0xFF }, \
  { 0xFF, 0xFF, 0xFF, 0xFF }, \
  { 0xFF, 0xFF, 0xFF, 0xFF }, \
  { 0xFF, 0xFF, 0xFF, 0xFF }, \
  { 0xFF, 0xFF, 0xFF, 0xFF }, \
  { 0xFF, 0xFF, 0xFF, 0xFF }, \
  { 0xFF, 0xFF, 0xFF, 0xFF }, \
  { 0xFF, 0xFF, 0xFF, 0xFF }, \
  { 0xFF, 0xFF, 0xFF, 0xFF }, \
  { 0xFF, 0xFF, 0xFF, 0xFF }, \
  { 0xFF, 0xFF, 0xFF, 0xFF }, \
  { 0xFF, 0xFF, 0xFF, 0xFF }, \
  { 0xFF, 0xFF, 0xFF, 0xFF }, \
  { 0xFF, 0xFF, 0xFF, 0xFF }, \
  { 0xFF, 0xFF, 0xFF, 0xFF }, \
  { 0xFF, 0xFF, 0xFF, 0xFF }, \
  { 0xFF, 0xFF, 0xFF, 0xFF }, \
  { 0xFF, 0xFF, 0xFF, 0xFF }, \
  { 0xFF, 0xFF, 0xFF, 0xFF }, \
  { 0xFF, 0xFF, 0xFF, 0xFF }, \
  { 0xFF, 0xFF, 0xFF, 0xFF }, \
  { 0xFF, 0xFF, 0xFF, 0xFF }, \
  { 0xFF, 0xFF, 0xFF, 0xFF }, \
  { 0xFF, 0xFF, 0xFF, 0xFF }, \
  { 0xFF, 0xFF, 0xFF, 0xFF }, \
  { 0xFF, 0xFF, 0xFF, 0xFF }, \
  { 0xFF, 0xFF, 0xFF, 0xFF }, \
  { 0xFF, 0xFF, 0xFF, 0xFF }, \
  { 0xFF, 0xFF, 0xFF, 0xFF }, \
  { 0xFF, 0xFF, 0xFF, 0xFF }, \
  { 0xFF, 0xFF, 0xFF, 0xFF }, \
  { 0xFF, 0xFF, 0xFF, 0xFF }, \
  { 0xFF, 0xFF, 0xFF, 0xFF }, \
  { 0xFF, 0xFF, 0xFF, 0xFF }, \
  { 0xFF, 0xFF, 0xFF, 0xFF }, \
  { 0xFF, 0xFF, 0xFF, 0xFF }, \
  { 0xFF, 0xFF, 0xFF, 0xFF }, \
  { 0xFF, 0xFF, 0xFF, 0xFF }, \
  { 0xFF, 0xFF, 0xFF, 0xFF }, \
  { 0xFF, 0xFF, 0xFF, 0xFF }, \
  { 0xFF, 0xFF, 0xFF, 0xFF }, \
  { 0xFF, 0xFF, 0xFF, 0xFF }, \
  { 0xFF, 0xFF, 0xFF, 0xFF }, \
  { 0xFF, 0xFF, 0xFF, 0xFF }, \
  { 0xFF, 0xFF, 0xFF, 0xFF }, \
  { 0xFF, 0xFF, 0xFF, 0xFF }, \
  { 0xFF, 0xFF, 0xFF, 0xFF }, \
  { 0xFF, 0xFF, 0xFF, 0xFF }, \
  { 0xFF, 0xFF, 0xFF, 0xFF }, \
  { 0xFF, 0xFF, 0xFF, 0xFF }, \
  { 0xFF, 0xFF, 0xFF, 0xFF }, \
  { 0xFF, 0xFF, 0xFF, 0xFF }, \
  { 0xFF, 0xFF, 0xFF, 0xFF }, \
  { 0xFF, 0xFF, 0xFF, 0xFF }, \
  { 0xFF, 0xFF, 0xFF, 0xFF }, \
  { 0xFF, 0xFF, 0xFF, 0xFF }, \
  { 0xFF, 0xFF, 0xFF, 0xFF }, \
  { 0xFF, 0xFF, 0xFF, 0xFF }, \
  { 0xFF, 0xFF, 0xFF, 0xFF }, \
  { 0xFF, 0xFF, 0xFF, 0xFF }, \
  { 0xFF, 0xFF, 0xFF, 0xFF }, \
  { 0xFF, 0xFF, 0xFF, 0xFF }, \
  { 0xFF, 0xFF, 0xFF, 0xFF }, \
  { 0xFF, 0xFF, 0xFF, 0xFF }, \
  { 0xFF, 0xFF, 0xFF, 0xFF }, \
  { 0xFF, 0xFF, 0xFF, 0xFF }, \
  { 0xFF, 0xFF, 0xFF, 0xFF }, \
  { 0xFF, 0xFF, 0xFF, 0xFF }, \
  { 0xFF, 0xFF, 0xFF, 0xFF }, \
  { 0xFF, 0xFF, 0xFF, 0xFF }, \
  { 0xFF, 0xFF, 0xFF, 0xFF }, \
  { 0xFF, 0xFF, 0xFF, 0xFF }, \
  { 0xFF, 0xFF, 0xFF, 0xFF }, \
  { 0xFF, 0xFF, 0xFF, 0xFF }, \
  { 0xFF, 0xFF, 0xFF, 0xFF }, \
  { 0xFF, 0xFF, 0xFF, 0xFF }, \
  { 0xFF, 0xFF, 0xFF, 0xFF }, \
  { 0xFF, 0xFF, 0xFF, 0xFF }, \
  { 0xFF, 0xFF, 0xFF, 0xFF }, \
  { 0xFF, 0xFF, 0xFF, 0xFF }, \
  { 0xFF, 0xFF, 0xFF, 0xFF }, \
  { 0xFF, 0xFF, 0xFF, 0xFF }, \
  { 0xFF, 0xFF, 0xFF, 0xFF }, \
  { 0xFF, 0xFF, 0xFF, 0xFF }, \
  { 0xFF, 0xFF, 0xFF, 0xFF }, \
  { 0xFF, 0xFF, 0xFF, 0xFF }, \
  { 0xFF, 0xFF, 0xFF, 0xFF }, \
  { 0xFF, 0xFF, 0xFF, 0xFF }, \
  { 0xFF, 0xFF, 0xFF, 0xFF }, \
  { 0xFF, 0xFF, 0xFF, 0xFF }, \
  { 0xFF, 0xFF, 0xFF, 0xFF }, \
  { 0xFF, 0xFF, 0xFF, 0xFF }, \
  { 0xFF, 0xFF, 0xFF, 0xFF }, \
  { 0xFF, 0xFF, 0xFF, 0xFF }, \
  { 0xFF, 0xFF, 0xFF, 0xFF }, \
  { 0xFF, 0xFF, 0xFF, 0xFF }, \
  { 0xFF, 0xFF, 0xFF, 0xFF }, \
  { 0xFF, 0xFF, 0xFF, 0xFF }, \
  { 0xFF, 0xFF, 0xFF, 0xFF }, \
  { 0xFF, 0xFF, 0xFF, 0xFF }, \
  { 0xFF, 0xFF, 0xFF, 0xFF }, \
  { 0xFF, 0xFF, 0xFF, 0xFF }, \
  { 0xFF, 0xFF, 0xFF, 0xFF }, \
  { 0xFF, 0xFF, 0xFF, 0xFF }, \
  { 0xFF, 0xFF, 0xFF, 0xFF }, \
  { 0xFF, 0xFF, 0xFF, 0xFF }, \
  { 0xFF, 0xFF, 0xFF, 0xFF }, \
  { 0xFF, 0xFF, 0xFF, 0xFF }, \
  { 0xFF, 0xFF, 0xFF, 0xFF }, \
  { 0xFF, 0xFF, 0xFF, 0xFF }, \
  { 0xFF, 0xFF, 0xFF, 0xFF }, \
  { 0xFF, 0xFF, 0xFF, 0xFF }, \
  { 0xFF, 0xFF, 0xFF, 0xFF }, \
  { 0xFF, 0xFF, 0xFF, 0xFF }, \
  { 0xFF, 0xFF, 0xFF, 0xFF }, \
  { 0xFF, 0xFF, 0xFF, 0xFF }, \
  { 0xFF, 0xFF, 0xFF, 0xFF }, \
  { 0xFF, 0xFF, 0xFF, 0xFF }, \
  { 0xFF, 0xFF, 0xFF, 0xFF }, \
  { 0xFF, 0xFF, 0xFF, 0xFF }, \
  { 0xFF, 0xFF, 0xFF, 0xFF }, \
  { 0xFF, 0xFF, 0xFF, 0xFF }, \
  { 0xFF, 0xFF, 0xFF, 0xFF }, \
  { 0xFF, 0xFF, 0xFF, 0xFF }, \
  { 0xFF, 0xFF, 0xFF, 0xFF }, \
  { 0xFF, 0xFF, 0xFF, 0xFF }, \
  { 0xFF, 0xFF, 0xFF, 0xFF }, \
  { 0xFF, 0xFF, 0xFF, 0xFF }, \
  { 0xFF, 0xFF, 0xFF, 0xFF }, \
  { 0xFF, 0xFF, 0xFF, 0xFF }, \
  { 0xFF, 0xFF, 0xFF, 0xFF }, \
  { 0xFF, 0xFF, 0xFF, 0xFF }, \
  { 0xFF, 0xFF, 0xFF, 0xFF }, \
  { 0xFF, 0xFF, 0xFF, 0xFF }, \
  { 0xFF, 0xFF, 0xFF, 0xFF }, \
  { 0xFF, 0xFF, 0xFF, 0xFF }, \
  { 0xFF, 0xFF, 0xFF, 0xFF }, \
  { 0xFF, 0xFF, 0xFF, 0xFF }, \
  { 0xFF, 0xFF, 0xFF, 0xFF }, \
  { 0xFF, 0xFF, 0xFF, 0xFF }, \
  { 0xFF, 0xFF, 0xFF, 0xFF }, \
  { 0xFF, 0xFF, 0xFF, 0xFF }, \
  { 0xFF, 0xFF, 0xFF, 0xFF }, \
  { 0xFF, 0xFF, 0xFF, 0xFF }, \
  { 0xFF, 0xFF, 0xFF, 0xFF }, \
  { 0xFF, 0xFF, 0xFF, 0xFF }, \
  { 0xFF, 0xFF, 0xFF, 0xFF }, \
  { 0xFF, 0xFF, 0xFF, 0xFF }, \
  { 0xFF, 0xFF, 0xFF, 0xFF }, \
  { 0xFF, 0xFF, 0xFF, 0xFF }, \
  { 0xFF, 0xFF, 0xFF, 0xFF }, \
  { 0xFF, 0xFF, 0xFF, 0xFF }, \
  { 0xFF, 0xFF, 0xFF, 0xFF }, \
  { 0xFF, 0xFF, 0xFF, 0xFF }, \
  { 0xFF, 0xFF, 0xFF, 0xFF }, \
  { 0xFF, 0xFF, 0xFF, 0xFF }, \
  { 0xFF, 0xFF, 0xFF, 0xFF }, \
  { 0xFF, 0xFF, 0xFF, 0xFF }, \
  { 0xFF, 0xFF, 0xFF, 0xFF }, \
  { 0xFF, 0xFF, 0xFF, 0xFF }, \
  { 0xFF, 0xFF, 0xFF, 0xFF }, \
  { 0xFF, 0xFF, 0xFF, 0xFF }, \
  { 0xFF, 0xFF, 0xFF, 0xFF }, \
  { 0xFF, 0xFF, 0xFF, 0xFF }, \
  { 0xFF, 0xFF, 0xFF, 0xFF }, \
  { 0xFF, 0xFF, 0xFF, 0xFF }, \
  { 0xFF, 0xFF, 0xFF, 0xFF }, \
  { 0xFF, 0xFF, 0xFF, 0xFF }, \
  { 0xFF, 0xFF, 0xFF, 0xFF }, \
  { 0xFF, 0xFF, 0xFF, 0xFF }, \
  { 0xFF, 0xFF, 0xFF, 0xFF }, \
  { 0xFF, 0xFF, 0xFF, 0xFF }, \
  { 0xFF, 0xFF, 0xFF, 0xFF }, \
  { 0xFF, 0xFF, 0xFF, 0xFF }, \
  { 0xFF, 0xFF, 0xFF, 0xFF }, \
  { 0xFF, 0xFF, 0xFF, 0xFF }, \
  { 0xFF, 0xFF, 0xFF, 0xFF }, \
  { 0xFF, 0xFF, 0xFF, 0xFF }, \
  { 0xFF, 0xFF, 0xFF, 0xFF }, \
  { 0xFF, 0xFF, 0xFF, 0xFF }, \
  { 0xFF, 0xFF, 0xFF, 0xFF }, \
  { 0xFF, 0xFF, 0xFF, 0xFF }, \
  { 0xFF, 0xFF, 0xFF, 0xFF }, \
  { 0xFF, 0xFF, 0xFF, 0xFF }, \
  { 0xFF, 0xFF, 0xFF, 0xFF }, \
  { 0xFF, 0xFF, 0xFF, 0xFF }, \
  { 0xFF, 0xFF, 0xFF, 0xFF }, \
  { 0xFF, 0xFF, 0xFF, 0xFF }, \
  { 0xFF, 0xFF, 0xFF, 0xFF }, \
  { 0xFF, 0xFF, 0xFF, 0xFF }, \
  { 0xFF, 0xFF, 0xFF, 0xFF }, \
  { 0xFF, 0xFF, 0xFF, 0xFF }, \
  { 0xFF, 0xFF, 0xFF, 0xFF }, \
  { 0xFF, 0xFF, 0xFF, 0xFF }, \
  { 0xFF, 0xFF, 0xFF, 0xFF }, \
  { 0xFF, 0xFF, 0xFF, 0xFF }, \
  { 0xFF, 0xFF, 0xFF, 0xFF }, \
  { 0xFF, 0xFF, 0xFF, 0xFF }, \
  { 0xFF, 0xFF, 0xFF, 0xFF }, \
  { 0xFF, 0xFF, 0xFF, 0xFF }, \
  { 0xFF, 0xFF, 0xFF, 0xFF }, \
  { 0xFF, 0xFF, 0xFF, 0xFF }, \
  { 0xFF, 0xFF, 0xFF, 0xFF }, \
  { 0xFF, 0xFF, 0xFF, 0xFF }, \
  { 0xFF, 0xFF, 0xFF, 0xFF }, \
  { 0xFF, 0xFF, 0xFF, 0xFF }, \
  { 0xFF, 0xFF, 0xFF, 0xFF }, \
  { 0xFF, 0xFF, 0xFF, 0xFF }, \
  { 0xFF, 0xFF, 0xFF, 0xFF }, \
  { 0xFF, 0xFF, 0xFF, 0xFF }, \
  { 0xFF, 0xFF, 0xFF, 0xFF }, \
  { 0xFF, 0xFF, 0xFF, 0xFF }, \
  { 0xFF, 0xFF, 0xFF, 0xFF }, \
  { 0xFF, 0xFF, 0xFF, 0xFF }, \
  { 0xFF, 0xFF, 0xFF, 0xFF }, \
  { 0xFF, 0xFF, 0xFF, 0xFF }, \
  { 0xFF, 0xFF, 0xFF, 0xFF }, \
  { 0xFF, 0xFF, 0xFF, 0xFF }, \
  { 0xFF, 0xFF, 0xFF, 0xFF }, \
  { 0xFF, 0xFF, 0xFF, 0xFF }, \
  { 0xFF, 0xFF, 0xFF, 0xFF }, \
  { 0xFF, 0xFF, 0xFF, 0xFF }, \
  { 0xFF, 0xFF, 0xFF, 0xFF }, \
  { 0xFF, 0xFF, 0xFF, 0xFF }, \
  { 0xFF, 0xFF, 0xFF, 0xFF }, \
  { 0xFF, 0xFF, 0xFF, 0xFF }, \
  { 0xFF, 0xFF, 0xFF, 0xFF }, \
  { 0xFF, 0xFF, 0xFF, 0xFF }, \
  { 0xFF, 0xFF, 0xFF, 0xFF }, \
  { 0xFF, 0xFF, 0xFF, 0xFF }, \
  { 0xFF, 0xFF, 0xFF, 0xFF }, \
  { 0xFF, 0xFF, 0xFF, 0xFF }, \
  { 0xFF, 0xFF, 0xFF, 0xFF }, \
  { 0xFF, 0xFF, 0xFF, 0xFF }, \
  { 0xFF, 0xFF, 0xFF, 0xFF }, \
  { 0xFF, 0xFF, 0xFF, 0xFF }, \
  { 0xFF, 0xFF, 0xFF, 0xFF }, \
  { 0xFF, 0xFF, 0xFF, 0xFF }, \
  { 0xFF, 0xFF, 0xFF, 0xFF }, \
  { 0xFF, 0xFF, 0xFF, 0xFF }, \
  { 0xFF, 0xFF, 0xFF, 0xFF }, \
  { 0xFF, 0xFF, 0xFF, 0xFF }, \
  { 0xFF, 0xFF, 0xFF, 0xFF }, \
  { 0xFF, 0xFF, 0xFF, 0xFF }, \
  { 0xFF, 0xFF, 0xFF, 0xFF }, \
  { 0xFF, 0xFF, 0xFF, 0xFF }, \
  { 0xFF, 0xFF, 0xFF, 0xFF }, \
  { 0xFF, 0xFF, 0xFF, 0xFF }, \
  { 0xFF, 0xFF, 0xFF, 0xFF }, \
  { 0xFF, 0xFF, 0xFF, 0xFF }, \
  { 0xFF, 0xFF, 0xFF, 0xFF }, \
  { 0xFF, 0xFF, 0xFF, 0xFF }, \
  { 0xFF, 0xFF, 0xFF, 0xFF }, \
  { 0xFF, 0xFF, 0xFF, 0xFF }, \
  { 0xFF, 0xFF, 0xFF, 0xFF }, \
  { 0xFF, 0xFF, 0xFF, 0xFF }, \
  { 0xFF, 0xFF, 0xFF, 0xFF }, \
  { 0xFF, 0xFF, 0xFF, 0xFF }, \
  { 0xFF, 0xFF, 0xFF, 0xFF }, \
  { 0xFF, 0xFF, 0xFF, 0xFF }, \
  { 0xFF, 0xFF, 0xFF, 0xFF }, \
  { 0xFF, 0xFF, 0xFF, 0xFF }, \
  { 0xFF, 0xFF, 0xFF, 0xFF }, \
  { 0xFF, 0xFF, 0xFF, 0xFF }, \
  { 0xFF, 0xFF, 0xFF, 0xFF }, \
  { 0xFF, 0xFF, 0xFF, 0xFF }, \
  { 0xFF, 0xFF, 0xFF, 0xFF }, \
  { 0xFF, 0xFF, 0xFF, 0xFF }, \
  { 0xFF, 0xFF, 0xFF, 0xFF }, \
  { 0xFF, 0xFF, 0xFF, 0xFF }, \
  { 0xFF, 0xFF, 0xFF, 0xFF }, \
  { 0xFF, 0xFF, 0xFF, 0xFF }, \
  { 0xFF, 0xFF, 0xFF, 0xFF }, \
  { 0xFF, 0xFF, 0xFF, 0xFF }, \
  { 0xFF, 0xFF, 0xFF, 0xFF }, \
  { 0xFF, 0xFF, 0xFF, 0xFF }, \
  { 0xFF, 0xFF, 0xFF, 0xFF }, \
  { 0xFF, 0xFF, 0xFF, 0xFF }, \
  { 0xFF, 0xFF, 0xFF, 0xFF }, \
  { 0xFF, 0xFF, 0xFF, 0xFF }, \
  { 0xFF, 0xFF, 0xFF, 0xFF }, \
  { 0xFF, 0xFF, 0xFF, 0xFF }, \
  { 0xFF, 0xFF, 0xFF, 0xFF }, \
  { 0xFF, 0xFF, 0xFF, 0xFF }, \
  { 0xFF, 0xFF, 0xFF, 0xFF }, \
  { 0xFF, 0xFF, 0xFF, 0xFF }, \
  { 0xFF, 0xFF, 0xFF, 0xFF }, \
  { 0xFF, 0xFF, 0xFF, 0xFF }, \
  { 0xFF, 0xFF, 0xFF, 0xFF }, \
  { 0xFF, 0xFF, 0xFF, 0xFF }, \
  { 0xFF, 0xFF, 0xFF, 0xFF }, \
  { 0xFF, 0xFF, 0xFF, 0xFF }, \
  { 0xFF, 0xFF, 0xFF, 0xFF }, \
  { 0xFF, 0xFF, 0xFF, 0xFF }, \
  { 0xFF, 0xFF, 0xFF, 0xFF }, \
  { 0xFF, 0xFF, 0xFF, 0xFF }, \
  { 0xFF, 0xFF, 0xFF, 0xFF }, \
  { 0xFF, 0xFF, 0xFF, 0xFF }, \
  { 0xFF, 0xFF, 0xFF, 0xFF }, \
  { 0xFF, 0xFF, 0xFF, 0xFF }, \
  { 0xFF, 0xFF, 0xFF, 0xFF }, \
  { 0xFF, 0xFF, 0xFF, 0xFF }, \
  { 0xFF, 0xFF, 0xFF, 0xFF }, \
  { 0xFF, 0xFF, 0xFF, 0xFF }, \
  { 0xFF, 0xFF, 0xFF, 0xFF }, \
  { 0xFF, 0xFF, 0xFF, 0xFF }, \
  { 0xFF, 0xFF, 0xFF, 0xFF }, \
  { 0xFF, 0xFF, 0xFF, 0xFF }, \
  { 0xFF, 0xFF, 0xFF, 0xFF }, \
  { 0xFF, 0xFF, 0xFF, 0xFF }, \
  { 0xFF, 0xFF, 0xFF, 0xFF }, \
  { 0xFF, 0xFF, 0xFF, 0xFF }, \
  { 0xFF, 0xFF, 0xFF, 0xFF }, \
  { 0xFF, 0xFF, 0xFF, 0xFF }, \
  { 0xFF, 0xFF, 0xFF, 0xFF }, \
  { 0xFF, 0xFF, 0xFF, 0xFF }, \
  { 0xFF, 0xFF, 0xFF, 0xFF }, \
  { 0xFF, 0xFF, 0xFF, 0xFF }, \
  { 0xFF, 0xFF, 0xFF, 0xFF }, \
  { 0xFF, 0xFF, 0xFF, 0xFF }, \
  { 0xFF, 0xFF, 0xFF, 0xFF }, \
  { 0xFF, 0xFF, 0xFF, 0xFF }, \
  { 0xFF, 0xFF, 0xFF, 0xFF }, \
  { 0xFF, 0xFF, 0xFF, 0xFF }, \
  { 0xFF, 0xFF, 0xFF, 0xFF }, \
  { 0xFF, 0xFF, 0xFF, 0xFF }, \
  { 0xFF, 0xFF, 0xFF, 0xFF }, \
  { 0xFF, 0xFF, 0xFF, 0xFF }, \
  { 0xFF, 0xFF, 0xFF, 0xFF }, \
  { 0xFF, 0xFF, 0xFF, 0xFF }, \
  { 0xFF, 0xFF, 0xFF, 0xFF }, \
  { 0xFF, 0xFF, 0xFF, 0xFF }, \
  { 0xFF, 0xFF, 0xFF, 0xFF }, \
  { 0xFF, 0xFF, 0xFF, 0xFF }, \
  { 0xFF, 0xFF, 0xFF, 0xFF }, \
  { 0xFF, 0xFF, 0xFF, 0xFF }, \
  { 0xFF, 0xFF, 0xFF, 0xFF }, \
  { 0xFF, 0xFF, 0xFF, 0xFF }, \
  { 0xFF, 0xFF, 0xFF, 0xFF }, \
  { 0xFF, 0xFF, 0xFF, 0xFF }, \
  { 0xFF, 0xFF, 0xFF, 0xFF }, \
  { 0xFF, 0xFF, 0xFF, 0xFF }, \
  { 0xFF, 0xFF, 0xFF, 0xFF }, \
  { 0xFF, 0xFF, 0xFF, 0xFF }, \
  { 0xFF, 0xFF, 0xFF, 0xFF }, \
  { 0xFF, 0xFF, 0xFF, 0xFF }, \
  { 0xFF, 0xFF, 0xFF, 0xFF }, \
  { 0xFF, 0xFF, 0xFF, 0xFF }, \
  { 0xFF, 0xFF, 0xFF, 0xFF }, \
  { 0xFF, 0xFF, 0xFF, 0xFF }, \
  { 0xFF, 0xFF, 0xFF, 0xFF }, \
  { 0xFF, 0xFF, 0xFF, 0xFF }, \
  { 0xFF, 0xFF, 0xFF, 0xFF }, \
  { 0xFF, 0xFF, 0xFF, 0xFF }, \
  { 0xFF, 0xFF, 0xFF, 0xFF }, \
  { 0xFF, 0xFF, 0xFF, 0xFF }, \
  { 0xFF, 0xFF, 0xFF, 0xFF }, \
  { 0xFF, 0xFF, 0xFF, 0xFF }, \
  { 0xFF, 0xFF, 0xFF, 0xFF }, \
  { 0xFF, 0xFF, 0xFF, 0xFF }, \
  { 0xFF, 0xFF, 0xFF, 0xFF }, \
  { 0xFF, 0xFF, 0xFF, 0xFF }, \
  { 0xFF, 0xFF, 0xFF, 0xFF }, \
  { 0xFF, 0xFF, 0xFF, 0xFF }, \
  { 0xFF, 0xFF, 0xFF, 0xFF }, \
  { 0xFF, 0xFF, 0xFF, 0xFF }, \
  { 0xFF, 0xFF, 0xFF, 0xFF }, \
  { 0xFF, 0xFF, 0xFF, 0xFF }, \
  { 0xFF, 0xFF, 0xFF, 0xFF }, \
  { 0xFF, 0xFF, 0xFF, 0xFF }, \
  { 0xFF, 0xFF, 0xFF, 0xFF }, \
  { 0xFF, 0xFF, 0xFF, 0xFF }, \
  { 0xFF, 0xFF, 0xFF, 0xFF }, \
  { 0xFF, 0xFF, 0xFF, 0xFF }, \
  { 0xFF, 0xFF, 0xFF, 0xFF }, \
  { 0xFF, 0xFF, 0xFF, 0xFF }, \
  { 0xFF, 0xFF, 0xFF, 0xFF }, \
  { 0xFF, 0xFF, 0xFF, 0xFF }, \
  { 0xFF, 0xFF, 0xFF, 0xFF }, \
  { 0xFF, 0xFF, 0xFF, 0xFF }, \
  { 0xFF, 0xFF, 0xFF, 0xFF }, \
  { 0xFF, 0xFF, 0xFF, 0xFF }, \
  { 0xFF, 0xFF, 0xFF, 0xFF }, \
  { 0xFF, 0xFF, 0xFF, 0xFF }, \
  { 0xFF, 0xFF, 0xFF, 0xFF }, \
  { 0xFF, 0xFF, 0xFF, 0xFF }, \
  { 0xFF, 0xFF, 0xFF, 0xFF }, \
  { 0xFF, 0xFF, 0xFF, 0xFF }, \
  { 0xFF, 0xFF, 0xFF, 0xFF }, \
  { 0xFF, 0xFF, 0xFF, 0xFF }, \
  { 0xFF, 0xFF, 0xFF, 0xFF }, \
  { 0xFF, 0xFF, 0xFF, 0xFF }, \
  { 0xFF, 0xFF, 0xFF, 0xFF }, \
  { 0xFF, 0xFF, 0xFF, 0xFF }, \
  { 0xFF, 0xFF, 0xFF, 0xFF }, \
  { 0xFF, 0xFF, 0xFF, 0xFF }, \
  { 0xFF, 0xFF, 0xFF, 0xFF }, \
  { 0xFF, 0xFF, 0xFF, 0xFF }, \
  { 0xFF, 0xFF, 0xFF, 0xFF }, \
  { 0xFF, 0xFF, 0xFF, 0xFF }, \
  { 0xFF, 0xFF, 0xFF, 0xFF }, \
  { 0xFF, 0xFF, 0xFF, 0xFF }, \
  { 0xFF, 0xFF, 0xFF, 0xFF }, \
  { 0xFF, 0xFF, 0xFF, 0xFF }, \
  { 0xFF, 0xFF, 0xFF, 0xFF }, \
  { 0xFF, 0xFF, 0xFF, 0xFF }, \
  { 0xFF, 0xFF, 0xFF, 0xFF }, \
  { 0xFF, 0xFF, 0xFF, 0xFF }, \
  { 0xFF, 0xFF, 0xFF, 0xFF }, \
  { 0xFF, 0xFF, 0xFF, 0xFF }, \
  { 0xFF, 0xFF, 0xFF, 0xFF }, \
  { 0xFF, 0xFF, 0xFF, 0xFF }, \
  { 0xFF, 0xFF, 0xFF, 0xFF }, \
  { 0xFF, 0xFF, 0xFF, 0xFF }, \
  { 0xFF, 0xFF, 0xFF, 0xFF }, \
  { 0xFF, 0xFF, 0xFF, 0xFF }, \
  { 0xFF, 0xFF, 0xFF, 0xFF }, \
  { 0xFF, 0xFF, 0xFF, 0xFF }, \
  { 0xFF, 0xFF, 0xFF, 0xFF }, \
  { 0xFF, 0xFF, 0xFF, 0xFF }, \
  { 0xFF, 0xFF, 0xFF, 0xFF }, \
  { 0xFF, 0xFF, 0xFF, 0xFF }, \
  { 0xFF, 0xFF, 0xFF, 0xFF }, \
  { 0xFF, 0xFF, 0xFF, 0xFF }, \
  { 0xFF, 0xFF, 0xFF, 0xFF }, \
  { 0xFF, 0xFF, 0xFF, 0xFF }, \
  { 0xFF, 0xFF, 0xFF, 0xFF }, \
  { 0xFF, 0xFF, 0xFF, 0xFF }, \
  { 0xFF, 0xFF, 0xFF, 0xFF }, \
  { 0xFF, 0xFF, 0xFF, 0xFF }, \
  { 0xFF, 0xFF, 0xFF, 0xFF }, \
  { 0xFF, 0xFF, 0xFF, 0xFF }, \
  { 0xFF, 0xFF, 0xFF, 0xFF }, \
  { 0xFF, 0xFF, 0xFF, 0xFF }, \
  { 0xFF, 0xFF, 0xFF, 0xFF }, \
  { 0xFF, 0xFF, 0xFF, 0xFF }, \
  { 0xFF, 0xFF, 0xFF, 0xFF }, \
  { 0xFF, 0xFF, 0xFF, 0xFF }, \
  { 0xFF, 0xFF, 0xFF, 0xFF }, \
  { 0xFF, 0xFF, 0xFF, 0xFF }, \
  { 0xFF, 0xFF, 0xFF, 0xFF }, \
  { 0xFF, 0xFF, 0xFF, 0xFF }, \
  { 0xFF, 0xFF, 0xFF, 0xFF }, \
  { 0xFF, 0xFF, 0xFF, 0xFF }, \
  { 0xFF, 0xFF, 0xFF, 0xFF }, \
  { 0xFF, 0xFF, 0xFF, 0xFF }, \
  { 0xFF, 0xFF, 0xFF, 0xFF }, \
  { 0xFF, 0xFF, 0xFF, 0xFF }, \
  { 0xFF, 0xFF, 0xFF, 0xFF }, \
  { 0xFF, 0xFF, 0xFF, 0xFF }, \
  { 0xFF, 0xFF, 0xFF, 0xFF }, \
  { 0xFF, 0xFF, 0xFF, 0xFF }, \
  { 0xFF, 0xFF, 0xFF, 0xFF }, \
  { 0xFF, 0xFF, 0xFF, 0xFF }, \
  { 0xFF, 0xFF, 0xFF, 0xFF }, \
  { 0xFF, 0xFF, 0xFF, 0xFF }, \
  { 0xFF, 0xFF, 0xFF, 0xFF }, \
  { 0xFF, 0xFF, 0xFF, 0xFF }, \
  { 0xFF, 0xFF, 0xFF, 0xFF }, \
  { 0xFF, 0xFF, 0xFF, 0xFF }, \
  { 0xFF, 0xFF, 0xFF, 0xFF }, \
  { 0xFF, 0xFF, 0xFF, 0xFF }, \
  { 0xFF, 0xFF, 0xFF, 0xFF }, \
  { 0xFF, 0xFF, 0xFF, 0xFF }, \
  { 0xFF, 0xFF, 0xFF, 0xFF }, \
  { 0xFF, 0xFF, 0xFF, 0xFF }, \
  { 0xFF, 0xFF, 0xFF, 0xFF }, \
  { 0xFF, 0xFF, 0xFF, 0xFF }, \
  { 0xFF, 0xFF, 0xFF, 0xFF }, \
  { 0xFF, 0xFF, 0xFF, 0xFF }, \
  { 0xFF, 0xFF, 0xFF, 0xFF }, \
  { 0xFF, 0xFF, 0xFF, 0xFF }, \
  { 0xFF, 0xFF, 0xFF, 0xFF }, \
  { 0xFF, 0xFF, 0xFF, 0xFF }, \
  { 0xFF, 0xFF, 0xFF, 0xFF }, \
  { 0xFF, 0xFF, 0xFF, 0xFF }, \
  { 0xFF, 0xFF, 0xFF, 0xFF }, \
  { 0xFF, 0xFF, 0xFF, 0xFF }, \
  { 0xFF, 0xFF, 0xFF, 0xFF }, \
  { 0xFF, 0xFF, 0xFF, 0xFF }, \
  { 0xFF, 0xFF, 0xFF, 0xFF }, \
  { 0xFF, 0xFF, 0xFF, 0xFF }, \
  { 0xFF, 0xFF, 0xFF, 0xFF }, \
  { 0xFF, 0xFF, 0xFF, 0xFF }, \
  { 0xFF, 0xFF, 0xFF, 0xFF }, \
  { 0xFF, 0xFF, 0xFF, 0xFF }, \
  { 0xFF, 0xFF, 0xFF, 0xFF }, \
  { 0xFF, 0xFF, 0xFF, 0xFF }, \
  { 0xFF, 0xFF, 0xFF, 0xFF }, \
  { 0xFF, 0xFF, 0xFF, 0xFF }, \
  { 0xFF, 0xFF, 0xFF, 0xFF }, \
  { 0xFF, 0xFF, 0xFF, 0xFF }, \
  { 0xFF, 0xFF, 0xFF, 0xFF }, \
  { 0xFF, 0xFF, 0xFF, 0xFF }, \
  { 0xFF, 0xFF, 0xFF, 0xFF }, \
  { 0xFF, 0xFF, 0xFF, 0xFF }, \
  { 0xFF, 0xFF, 0xFF, 0xFF }, \
  { 0xFF, 0xFF, 0xFF, 0xFF }, \
  { 0xFF, 0xFF, 0xFF, 0xFF }, \
  { 0xFF, 0xFF, 0xFF, 0xFF }, \
  { 0xFF, 0xFF, 0xFF, 0xFF }, \
  { 0xFF, 0xFF, 0xFF, 0xFF }, \
  { 0xFF, 0xFF, 0xFF, 0xFF }, \
  { 0xFF, 0xFF, 0xFF, 0xFF }, \
  { 0xFF, 0xFF, 0xFF, 0xFF }, \
  { 0xFF, 0xFF, 0xFF, 0xFF }, \
  { 0xFF, 0xFF, 0xFF, 0xFF }, \
  { 0xFF, 0xFF, 0xFF, 0xFF }, \
  { 0xFF, 0xFF, 0xFF, 0xFF }, \
  { 0xFF, 0xFF, 0xFF, 0xFF }, \
  { 0xFF, 0xFF, 0xFF, 0xFF }, \
  { 0xFF, 0xFF, 0xFF, 0xFF }, \
  { 0xFF, 0xFF, 0xFF, 0xFF }, \
  { 0xFF, 0xFF, 0xFF, 0xFF }, \
  { 0xFF, 0xFF, 0xFF, 0xFF }, \
  { 0xFF, 0xFF, 0xFF, 0xFF }, \
  { 0xFF, 0xFF, 0xFF, 0xFF }, \
  { 0xFF, 0xFF, 0xFF, 0xFF }, \
  { 0xFF, 0xFF, 0xFF, 0xFF }, \
  { 0xFF, 0xFF, 0xFF, 0xFF }, \
  { 0xFF, 0xFF, 0xFF, 0xFF }, \
  { 0xFF, 0xFF, 0xFF, 0xFF }, \
  { 0xFF, 0xFF, 0xFF, 0xFF }, \
  { 0xFF, 0xFF, 0xFF, 0xFF }, \
  { 0xFF, 0xFF, 0xFF, 0xFF }, \
  { 0xFF, 0xFF, 0xFF, 0xFF }, \
  { 0xFF, 0xFF, 0xFF, 0xFF }, \
  { 0xFF, 0xFF, 0xFF, 0xFF }, \
  { 0xFF, 0xFF, 0xFF, 0xFF }, \
  { 0xFF, 0xFF, 0xFF, 0xFF }, \
  { 0xFF, 0xFF, 0xFF, 0xFF }, \
  { 0xFF, 0xFF, 0xFF, 0xFF }, \
  { 0xFF, 0xFF, 0xFF, 0xFF }, \
  { 0xFF, 0xFF, 0xFF, 0xFF }, \
  { 0xFF, 0xFF, 0xFF, 0xFF }, \
  { 0xFF, 0xFF, 0xFF, 0xFF }, \
  { 0xFF, 0xFF, 0xFF, 0xFF }, \
  { 0xFF, 0xFF, 0xFF, 0xFF }, \
  { 0xFF, 0xFF, 0xFF, 0xFF }, \
  { 0xFF, 0xFF, 0xFF, 0xFF }, \
  { 0xFF, 0xFF, 0xFF, 0xFF }, \
  { 0xFF, 0xFF, 0xFF, 0xFF }, \
  { 0xFF, 0xFF, 0xFF, 0xFF }, \
  { 0xFF, 0xFF, 0xFF, 0xFF }, \
  { 0xFF, 0xFF, 0xFF, 0xFF }, \
  { 0xFF, 0xFF, 0xFF, 0xFF }, \
  { 0xFF, 0xFF, 0xFF, 0xFF }, \
  { 0xFF, 0xFF, 0xFF, 0xFF }, \
  { 0xFF, 0xFF, 0xFF, 0xFF }, \
  { 0xFF, 0xFF, 0xFF, 0xFF }, \
  { 0xFF, 0xFF, 0xFF, 0xFF }, \
  { 0xFF, 0xFF, 0xFF, 0xFF }, \
  { 0xFF, 0xFF, 0xFF, 0xFF }, \
  { 0xFF, 0xFF, 0xFF, 0xFF }, \
  { 0xFF, 0xFF, 0xFF, 0xFF }, \
  { 0xFF, 0xFF, 0xFF, 0xFF }, \
  { 0xFF, 0xFF, 0xFF, 0xFF }, \
  { 0xFF, 0xFF, 0xFF, 0xFF }, \
  { 0xFF, 0xFF, 0xFF, 0xFF }, \
  { 0xFF, 0xFF, 0xFF, 0xFF }, \
  { 0xFF, 0xFF, 0xFF, 0xFF }, \
  { 0xFF, 0xFF, 0xFF, 0xFF }, \
  { 0xFF, 0xFF, 0xFF, 0xFF }, \
  { 0xFF, 0xFF, 0xFF, 0xFF }, \
  { 0xFF, 0xFF, 0xFF, 0xFF }, \
  { 0xFF, 0xFF, 0xFF, 0xFF }, \
  { 0xFF, 0xFF, 0xFF, 0xFF }, \
  { 0xFF, 0xFF, 0xFF, 0xFF }, \
  { 0xFF, 0xFF, 0xFF, 0xFF }, \
  { 0xFF, 0xFF, 0xFF, 0xFF }, \
  { 0xFF, 0xFF, 0xFF, 0xFF }, \
  { 0xFF, 0xFF, 0xFF, 0xFF }, \
  { 0xFF, 0xFF, 0xFF, 0xFF }, \
  { 0xFF, 0xFF, 0xFF, 0xFF }, \
  { 0xFF, 0xFF, 0xFF, 0xFF }, \
  { 0xFF, 0xFF, 0xFF, 0xFF }, \
  { 0xFF, 0xFF, 0xFF, 0xFF }, \
  { 0xFF, 0xFF, 0xFF, 0xFF }, \
  { 0xFF, 0xFF, 0xFF, 0xFF }, \
  { 0x80, 0x05, 0x01, 0x4F }, \
  { 0x2E, 0x00, 0xFF, 0xB7 }, \
  { 0x80, 0x94, 0x16, 0x4F }, \
  { 0xFB, 0x00, 0xF0, 0x2C }, \
  { 0x80, 0x94, 0x16, 0x73 }, \
  { 0x03, 0x00, 0xFF, 0xC1 }, \
  { 0xFF, 0xFF, 0xFF, 0x8F }, \
  { 0x80, 0x05, 0x01, 0x4F }, \
  { 0x2E, 0x01, 0xFF, 0xB7 }, \
  { 0x20, 0x05, 0x01, 0x4F }, \
  { 0x25, 0x01, 0xFF, 0xB7 }, \
  { 0x30, 0x70, 0x2B, 0x4F }, \
  { 0x03, 0x01, 0x03, 0x91 }, \
  { 0x00, 0xAF, 0xFF, 0x9B }, \
  { 0xFF, 0xFF, 0xFF, 0x8F }, \
  { 0x24, 0xAF, 0xFF, 0x9B }, \
  { 0x6C, 0xAF, 0xFF, 0x9B }, \
  { 0xFF, 0xFF, 0xFF, 0x8F }, \
  { 0x00, 0x47, 0x70, 0x4F }, \
  { 0x00, 0x01, 0x08, 0xB7 }, \
  { 0x30, 0x0D, 0x2C, 0x4F }, \
  { 0x05, 0x00, 0x07, 0xB7 }, \
  { 0x30, 0x4A, 0x2B, 0x4F }, \
  { 0x00, 0x01, 0x01, 0xB7 }, \
  { 0x0B, 0x4A, 0x2B, 0x53 }, \
  { 0x66, 0x26, 0xFF, 0xC1 }, \
  { 0xFF, 0xFF, 0xFF, 0x8F }, \
  { 0xFF, 0xFF, 0xFF, 0xFB }, \
  { 0x30, 0x70, 0x2B, 0x4F }, \
  { 0x0D, 0x00, 0xF0, 0x2C }, \
  { 0x30, 0x70, 0x2B, 0x73 }, \
  { 0x03, 0x00, 0xFF, 0xC1 }, \
  { 0x30, 0x44, 0x2B, 0x4F }, \
  { 0x01, 0x00, 0xF0, 0x30 }, \
  { 0x30, 0x44, 0x2B, 0x73 }, \
  { 0x01, 0x76, 0x2B, 0x53 }, \
  { 0x20, 0x00, 0xFF, 0xC1 }, \
  { 0xB0, 0xAF, 0xFF, 0x9B }, \
  { 0x00, 0xB4, 0x70, 0x73 }, \
  { 0x01, 0xB5, 0x70, 0x73 }, \
  { 0x30, 0x44, 0x2B, 0x4F }, \
  { 0xFE, 0x00, 0xF0, 0x2C }, \
  { 0x30, 0x44, 0x2B, 0x73 }, \
  { 0x00, 0x76, 0x2B, 0x53 }, \
  { 0xFF, 0xFF, 0xFF, 0x8F }, \
  { 0x3B, 0x5F, 0x30, 0x4F }, \
  { 0x0B, 0xB6, 0x70, 0x73 }, \
  { 0x03, 0xB1, 0x03, 0x91 }, \
  { 0x01, 0xB1, 0x03, 0x91 }, \
  { 0xFF, 0xFF, 0xFF, 0x8F }, \
  { 0x88, 0xAF, 0xFF, 0x83 }, \
  { 0x9C, 0xAF, 0xFF, 0x83 }, \
  { 0xA0, 0xBE, 0x70, 0x29 }, \
  { 0x02, 0xB4, 0x70, 0x4F }, \
  { 0x03, 0xB5, 0x70, 0x4F }, \
  { 0x3C, 0x50, 0xFF, 0x9B }, \
  { 0xF4, 0xFF, 0xFF, 0x9F }, \
  { 0xD0, 0xBE, 0x70, 0x29 }, \
  { 0x02, 0xB4, 0x70, 0x4F }, \
  { 0x03, 0xB5, 0x70, 0x4F }, \
  { 0x3C, 0x50, 0xFF, 0x9B }, \
  { 0xF4, 0xFF, 0xFF, 0x9F }, \
  { 0xF2, 0xFF, 0x7F, 0xA2 }, \
  { 0x00, 0x40, 0xFF, 0xD9 }, \
  { 0x39, 0x00, 0x7E, 0x28 }, \
  { 0x06, 0x4E, 0xFF, 0x04 }, \
  { 0x60, 0x00, 0xFE, 0xC1 }, \
  { 0x00, 0x40, 0xFF, 0xDB }, \
  { 0x00, 0x00, 0x71, 0x28 }, \
  { 0x00, 0x00, 0x70, 0x28 }, \
  { 0x03, 0x00, 0x7F, 0x28 }, \
  { 0x36, 0x00, 0x7E, 0x28 }, \
  { 0x00, 0x46, 0xFF, 0x04 }, \
  { 0x58, 0x42, 0xFF, 0x04 }, \
  { 0x80, 0x43, 0xFF, 0x04 }, \
  { 0x53, 0x44, 0xFF, 0x04 }, \
  { 0x08, 0x45, 0xFF, 0x04 }, \
  { 0x80, 0x46, 0xFF, 0x04 }, \
  { 0x80, 0x47, 0xFF, 0x04 }, \
  { 0x1C, 0xB0, 0xFF, 0x9B }, \
  { 0x31, 0x51, 0x36, 0x4F }, \
  { 0x30, 0x50, 0x36, 0x4F }, \
  { 0x00, 0x46, 0xFF, 0x04 }, \
  { 0x00, 0x40, 0xFF, 0xD9 }, \
  { 0x39, 0x00, 0x7E, 0x28 }, \
  { 0x00, 0x4E, 0xFF, 0x04 }, \
  { 0x00, 0x40, 0xFF, 0xDB }, \
  { 0xF2, 0xFF, 0x7F, 0xA6 }, \
  { 0xFF, 0xFF, 0xFF, 0x8F }, \
  { 0x3A, 0x08, 0x36, 0x4F }, \
  { 0x01, 0xA1, 0xFF, 0xB7 }, \
  { 0x03, 0x00, 0xFF, 0xC1 }, \
  { 0x1C, 0xB0, 0xFF, 0x83 }, \
  { 0x00, 0x47, 0x70, 0x4F }, \
  { 0x00, 0x01, 0x08, 0xB7 }, \
  { 0x30, 0x09, 0x2B, 0x4F }, \
  { 0x2C, 0x00, 0x3F, 0xB7 }, \
  { 0x30, 0x07, 0x2B, 0x4F }, \
  { 0x00, 0x00, 0x3F, 0x92 }, \
  { 0x00, 0x40, 0x8D, 0x53 }, \
  { 0x05, 0x42, 0x8D, 0x53 }, \
  { 0xAC, 0xB0, 0xFF, 0x83 }, \
  { 0x01, 0x00, 0x3F, 0x92 }, \
  { 0x00, 0x40, 0x8D, 0x53 }, \
  { 0x05, 0x42, 0x8D, 0x53 }, \
  { 0xAC, 0xB0, 0xFF, 0x83 }, \
  { 0x02, 0x00, 0x3F, 0x91 }, \
  { 0xB0, 0xB0, 0xFF, 0x83 }, \
  { 0xAC, 0xB0, 0xFF, 0x83 }, \
  { 0x04, 0x00, 0x3F, 0x91 }, \
  { 0xB0, 0xB0, 0xFF, 0x83 }, \
  { 0xAC, 0xB0, 0xFF, 0x83 }, \
  { 0x08, 0x00, 0x3F, 0x92 }, \
  { 0x00, 0x40, 0x8D, 0x53 }, \
  { 0x05, 0x42, 0x8D, 0x53 }, \
  { 0xAC, 0xB0, 0xFF, 0x83 }, \
  { 0x10, 0x00, 0x3F, 0x92 }, \
  { 0x00, 0x40, 0x8D, 0x53 }, \
  { 0x05, 0x42, 0x8D, 0x53 }, \
  { 0xAC, 0xB0, 0xFF, 0x83 }, \
  { 0x20, 0x00, 0x3F, 0x92 }, \
  { 0x00, 0x40, 0x8D, 0x53 }, \
  { 0x05, 0x42, 0x8D, 0x53 }, \
  { 0xAC, 0xB0, 0xFF, 0x83 }, \
  { 0xFF, 0xFF, 0xFF, 0x8F }, \
  { 0xFF, 0xFF, 0xFF, 0x8F }, \
  { 0x01, 0xDB, 0x8D, 0x53 }, \
  { 0x00, 0xDB, 0x8D, 0x53 }, \
  { 0xC0, 0x00, 0xFE, 0xC1 }, \
  { 0x30, 0x08, 0x8D, 0x4F }, \
  { 0x80, 0x01, 0xFF, 0x90 }, \
  { 0x08, 0xB1, 0xFF, 0x83 }, \
  { 0x01, 0x42, 0x8D, 0x53 }, \
  { 0x80, 0x46, 0x8D, 0x53 }, \
  { 0x80, 0x07, 0xFE, 0xC1 }, \
  { 0x30, 0x08, 0x8D, 0x4F }, \
  { 0x81, 0x01, 0xFF, 0x90 }, \
  { 0xEC, 0xB0, 0xFF, 0x83 }, \
  { 0x04, 0x42, 0x8D, 0x53 }, \
  { 0x80, 0x46, 0x8D, 0x53 }, \
  { 0xFF, 0xFF, 0xFF, 0x8F }, \
  { 0x00, 0x46, 0x8D, 0x53 }, \
  { 0x01, 0x40, 0x8D, 0x53 }, \
  { 0x05, 0x42, 0x8D, 0x53 }, \
  { 0x80, 0x44, 0x8D, 0x53 }, \
  { 0x21, 0x45, 0x8D, 0x53 }, \
  { 0x80, 0x46, 0x8D, 0x53 }, \
  { 0xFF, 0xFF, 0xFF, 0x8F }, \
  { 0x00, 0x46, 0x8D, 0x53 }, \
  { 0x01, 0x40, 0x8D, 0x53 }, \
  { 0x05, 0x42, 0x8D, 0x53 }, \
  { 0x00, 0x44, 0x8D, 0x53 }, \
  { 0x11, 0x45, 0x8D, 0x53 }, \
  { 0x80, 0x46, 0x8D, 0x53 }, \
  { 0xFF, 0xFF, 0xFF, 0x8F }, \
  { 0x30, 0xE6, 0x2C, 0x4F }, \
  { 0x7C, 0x01, 0xFF, 0x92 }, \
  { 0x87, 0x01, 0xFF, 0x91 }, \
  { 0xF9, 0x01, 0xFF, 0x90 }, \
  { 0xFF, 0xFF, 0xFF, 0x8F }, \
  { 0x3C, 0xB1, 0xFF, 0x83 }, \
  { 0x00, 0x46, 0x7F, 0x4F }, \
  { 0x80, 0x01, 0x80, 0x91 }, \
  { 0x01, 0x46, 0x7F, 0x50 }, \
  { 0x94, 0xB1, 0xFF, 0x83 }, \
  { 0x30, 0xA3, 0x26, 0x4F }, \
  { 0x00, 0x00, 0xFF, 0x91 }, \
  { 0x82, 0x46, 0x7F, 0x50 }, \
  { 0x94, 0xB1, 0xFF, 0x83 }, \
  { 0x00, 0x47, 0x7F, 0x4F }, \
  { 0x00, 0x01, 0xFF, 0x93 }, \
  { 0xFF, 0x01, 0xFF, 0x96 }, \
  { 0x01, 0x00, 0x70, 0x24 }, \
  { 0x00, 0x47, 0x7F, 0x73 }, \
  { 0x84, 0xB1, 0xFF, 0x83 }, \
  { 0x82, 0x48, 0x7F, 0x50 }, \
  { 0x00, 0xA2, 0x26, 0x53 }, \
  { 0x87, 0x46, 0x7F, 0x50 }, \
  { 0x94, 0xB1, 0xFF, 0x83 }, \
  { 0x88, 0x46, 0x7F, 0x50 }, \
  { 0x02, 0x45, 0x7F, 0x50 }, \
  { 0x90, 0x01, 0xFF, 0xC5 }, \
  { 0xFF, 0xFF, 0xFF, 0x8F }, \
  { 0x00, 0x45, 0x7F, 0x50 }, \
  { 0xFF, 0xFF, 0xFF, 0x8F }, \
  { 0x30, 0xC0, 0x2B, 0x4F }, \
  { 0x6F, 0x01, 0xFF, 0x90 }, \
  { 0xFF, 0xFF, 0xFF, 0x8F }, \
  { 0xAC, 0xB1, 0xFF, 0x83 }, \
  { 0x00, 0x4A, 0x7F, 0x4F }, \
  { 0x00, 0x4B, 0x7F, 0x73 }, \
  { 0x00, 0x4C, 0x7F, 0x4F }, \
  { 0x00, 0x4D, 0x7F, 0x73 }, \
  { 0x00, 0x48, 0x7F, 0x4F }, \
  { 0xF0, 0x00, 0xF0, 0x2C }, \
  { 0x00, 0x48, 0x7F, 0x73 }, \
  { 0x04, 0x4F, 0x7F, 0x50 }, \
  { 0xD0, 0xB1, 0xFF, 0x83 }, \
  { 0x00, 0x48, 0x7F, 0x4F }, \
  { 0x80, 0x01, 0x80, 0x93 }, \
  { 0xF0, 0x00, 0xF0, 0x2C }, \
  { 0x01, 0x00, 0xF0, 0x30 }, \
  { 0x00, 0x48, 0x7F, 0x73 }, \
  { 0xC0, 0xB2, 0xFF, 0x83 }, \
  { 0x00, 0x4B, 0x7F, 0x4F }, \
  { 0x00, 0x01, 0x1F, 0x92 }, \
  { 0x01, 0x00, 0x70, 0x24 }, \
  { 0x00, 0x4B, 0x7F, 0x73 }, \
  { 0xF4, 0xB2, 0xFF, 0x83 }, \
  { 0x30, 0x70, 0x2B, 0x4F }, \
  { 0x03, 0x01, 0x03, 0x90 }, \
  { 0x2C, 0xB2, 0xFF, 0x83 }, \
  { 0x00, 0x64, 0x7F, 0x4F }, \
  { 0x00, 0x01, 0x01, 0x91 }, \
  { 0x83, 0x48, 0x7F, 0x50 }, \
  { 0xC0, 0xB2, 0xFF, 0x83 }, \
  { 0x00, 0x65, 0x7F, 0x4F }, \
  { 0x00, 0x01, 0x01, 0x91 }, \
  { 0x82, 0x48, 0x7F, 0x50 }, \
  { 0xC0, 0xB2, 0xFF, 0x83 }, \
  { 0x54, 0xB2, 0xFF, 0x83 }, \
  { 0x30, 0x09, 0x2B, 0x4F }, \
  { 0x0C, 0x01, 0x1F, 0x91 }, \
  { 0x82, 0x48, 0x7F, 0x50 }, \
  { 0xC0, 0xB2, 0xFF, 0x83 }, \
  { 0x30, 0x07, 0x2B, 0x4F }, \
  { 0x01, 0x49, 0x7F, 0x4F }, \
  { 0xF0, 0xF1, 0xF0, 0x76 }, \
  { 0x00, 0x01, 0xFF, 0x91 }, \
  { 0x83, 0x48, 0x7F, 0x50 }, \
  { 0xC0, 0xB2, 0xFF, 0x83 }, \
  { 0x00, 0xB3, 0xFF, 0x9B }, \
  { 0x00, 0x4F, 0x7F, 0x4F }, \
  { 0x07, 0x01, 0x07, 0x90 }, \
  { 0xC0, 0xB2, 0xFF, 0x83 }, \
  { 0x00, 0x4F, 0x7F, 0x4F }, \
  { 0x00, 0x01, 0x10, 0x91 }, \
  { 0x84, 0x48, 0x7F, 0x50 }, \
  { 0xC0, 0xB2, 0xFF, 0x83 }, \
  { 0x00, 0x01, 0x20, 0x91 }, \
  { 0x85, 0x48, 0x7F, 0x50 }, \
  { 0xC0, 0xB2, 0xFF, 0x83 }, \
  { 0x00, 0x01, 0x40, 0x91 }, \
  { 0x86, 0x48, 0x7F, 0x50 }, \
  { 0xC0, 0xB2, 0xFF, 0x83 }, \
  { 0x00, 0x4D, 0x7F, 0x4F }, \
  { 0x00, 0x05, 0xFF, 0x91 }, \
  { 0x87, 0x48, 0x7F, 0x50 }, \
  { 0xC0, 0xB2, 0xFF, 0x83 }, \
  { 0x88, 0x48, 0x7F, 0x50 }, \
  { 0x31, 0x54, 0x29, 0x4F }, \
  { 0x01, 0x00, 0xF1, 0x30 }, \
  { 0x31, 0x54, 0x29, 0x73 }, \
  { 0x01, 0xC0, 0x2C, 0x53 }, \
  { 0xFF, 0x01, 0xFF, 0x91 }, \
  { 0x01, 0x00, 0x70, 0x24 }, \
  { 0x00, 0x4D, 0x7F, 0x73 }, \
  { 0xF4, 0xB2, 0xFF, 0x83 }, \
  { 0x30, 0xC0, 0x2C, 0x4F }, \
  { 0x00, 0x01, 0x01, 0x93 }, \
  { 0x31, 0x54, 0x29, 0x4F }, \
  { 0xFE, 0x00, 0xF1, 0x2C }, \
  { 0x31, 0x54, 0x29, 0x73 }, \
  { 0x00, 0xC0, 0x2C, 0x53 }, \
  { 0x30, 0x09, 0x2B, 0x4F }, \
  { 0x0C, 0x01, 0x1F, 0x94 }, \
  { 0x00, 0x4F, 0x7F, 0x4F }, \
  { 0xFB, 0x00, 0xF0, 0x2C }, \
  { 0x00, 0x4F, 0x7F, 0x73 }, \
  { 0x00, 0xB3, 0xFF, 0x9B }, \
  { 0x00, 0x01, 0x07, 0x91 }, \
  { 0x01, 0x45, 0x7F, 0x50 }, \
  { 0x90, 0x01, 0xFF, 0xC5 }, \
  { 0xFF, 0xFF, 0xFF, 0xFC }, \
  { 0x00, 0x4F, 0x7F, 0x4F }, \
  { 0x04, 0x00, 0x07, 0x93 }, \
  { 0x01, 0x00, 0x70, 0x20 }, \
  { 0x00, 0x4F, 0x7F, 0x73 }, \
  { 0xDC, 0xB4, 0xFF, 0x9B }, \
  { 0x98, 0xB3, 0xFF, 0x83 }, \
  { 0x05, 0x00, 0x07, 0x96 }, \
  { 0x01, 0x00, 0x70, 0x20 }, \
  { 0x00, 0x4F, 0x7F, 0x73 }, \
  { 0xA4, 0xB4, 0xFF, 0x9B }, \
  { 0x30, 0x70, 0x2B, 0x4F }, \
  { 0x03, 0x00, 0x03, 0x90 }, \
  { 0x6C, 0xB4, 0xFF, 0x9B }, \
  { 0x98, 0xB3, 0xFF, 0x83 }, \
  { 0x06, 0x00, 0x07, 0x93 }, \
  { 0x01, 0x00, 0x70, 0x20 }, \
  { 0x00, 0x4F, 0x7F, 0x73 }, \
  { 0x9C, 0xB3, 0xFF, 0x9B }, \
  { 0x98, 0xB3, 0xFF, 0x83 }, \
  { 0x07, 0x00, 0x07, 0x91 }, \
  { 0x9C, 0xB3, 0xFF, 0x9B }, \
  { 0x98, 0xB3, 0xFF, 0x83 }, \
  { 0x03, 0x00, 0x07, 0x93 }, \
  { 0x01, 0x00, 0x70, 0x24 }, \
  { 0x00, 0x4F, 0x7F, 0x73 }, \
  { 0xCC, 0xB4, 0xFF, 0x9B }, \
  { 0x98, 0xB3, 0xFF, 0x83 }, \
  { 0x02, 0x00, 0x07, 0x96 }, \
  { 0x02, 0x00, 0x70, 0x24 }, \
  { 0x00, 0x4F, 0x7F, 0x73 }, \
  { 0x04, 0xB5, 0xFF, 0x9B }, \
  { 0x30, 0x70, 0x2B, 0x4F }, \
  { 0x03, 0x00, 0x03, 0x90 }, \
  { 0x94, 0xB4, 0xFF, 0x9B }, \
  { 0x98, 0xB3, 0xFF, 0x83 }, \
  { 0x00, 0x00, 0x07, 0x90 }, \
  { 0x98, 0xB3, 0xFF, 0x83 }, \
  { 0x04, 0x4F, 0x7F, 0x50 }, \
  { 0xFF, 0xFF, 0xFF, 0x8F }, \
  { 0x04, 0xAE, 0x38, 0x4F }, \
  { 0x05, 0xAF, 0x38, 0x4F }, \
  { 0x04, 0x54, 0x7F, 0x73 }, \
  { 0x05, 0x55, 0x7F, 0x73 }, \
  { 0x06, 0xAC, 0x38, 0x4F }, \
  { 0x07, 0xAD, 0x38, 0x4F }, \
  { 0xF4, 0xFF, 0x76, 0x3D }, \
  { 0xFF, 0xF6, 0x78, 0x2B }, \
  { 0xF1, 0xFF, 0x78, 0x39 }, \
  { 0xF6, 0xF8, 0x76, 0x23 }, \
  { 0x06, 0x56, 0x7F, 0x73 }, \
  { 0x07, 0x57, 0x7F, 0x73 }, \
  { 0x0A, 0x00, 0x76, 0x21 }, \
  { 0x24, 0xB5, 0x78, 0x29 }, \
  { 0x64, 0x82, 0xFF, 0xAF }, \
  { 0x0A, 0x00, 0x76, 0x21 }, \
  { 0x64, 0xB5, 0x78, 0x29 }, \
  { 0x64, 0x85, 0xFF, 0xAF }, \
  { 0x06, 0x50, 0x7F, 0x4F }, \
  { 0x07, 0x51, 0x7F, 0x4F }, \
  { 0x34, 0xB5, 0x78, 0x29 }, \
  { 0x64, 0x82, 0xFF, 0xAF }, \
  { 0x0A, 0x00, 0x76, 0x21 }, \
  { 0x74, 0xB5, 0x78, 0x29 }, \
  { 0x64, 0x85, 0xFF, 0xAF }, \
  { 0x06, 0x52, 0x7F, 0x4F }, \
  { 0x07, 0x53, 0x7F, 0x4F }, \
  { 0x14, 0xB5, 0x78, 0x29 }, \
  { 0x64, 0x85, 0xFF, 0xAF }, \
  { 0x0A, 0x00, 0x76, 0x25 }, \
  { 0x54, 0xB5, 0x78, 0x29 }, \
  { 0x64, 0x82, 0xFF, 0xAF }, \
  { 0x30, 0x70, 0x2B, 0x4F }, \
  { 0x03, 0x01, 0x03, 0x90 }, \
  { 0x68, 0xB4, 0xFF, 0x83 }, \
  { 0x04, 0xAA, 0x38, 0x4F }, \
  { 0x05, 0xAB, 0x38, 0x4F }, \
  { 0x04, 0x6A, 0x7F, 0x73 }, \
  { 0x05, 0x6B, 0x7F, 0x73 }, \
  { 0x06, 0x66, 0x7F, 0x4F }, \
  { 0x07, 0x67, 0x7F, 0x4F }, \
  { 0x44, 0xB5, 0x78, 0x29 }, \
  { 0x64, 0x85, 0xFF, 0xAF }, \
  { 0x84, 0xB5, 0x78, 0x29 }, \
  { 0x64, 0x82, 0xFF, 0xAF }, \
  { 0x06, 0x68, 0x7F, 0x4F }, \
  { 0x07, 0x69, 0x7F, 0x4F }, \
  { 0x4C, 0xB5, 0x78, 0x29 }, \
  { 0x64, 0x83, 0xFF, 0xAF }, \
  { 0x8C, 0xB5, 0x78, 0x29 }, \
  { 0x64, 0x85, 0xFF, 0xAF }, \
  { 0xFF, 0xFF, 0xFF, 0x8F }, \
  { 0x03, 0x40, 0x38, 0x50 }, \
  { 0xA0, 0x41, 0x38, 0x50 }, \
  { 0x24, 0x42, 0x38, 0x50 }, \
  { 0x82, 0x43, 0x38, 0x50 }, \
  { 0x53, 0x44, 0x38, 0x50 }, \
  { 0x01, 0x45, 0x38, 0x50 }, \
  { 0x80, 0x46, 0x38, 0x50 }, \
  { 0x83, 0x4D, 0x38, 0x50 }, \
  { 0x80, 0x47, 0x38, 0x50 }, \
  { 0xFF, 0xFF, 0xFF, 0x8F }, \
  { 0xA0, 0x41, 0x38, 0x50 }, \
  { 0x03, 0x4D, 0x38, 0x50 }, \
  { 0x80, 0x47, 0x38, 0x50 }, \
  { 0xFF, 0xFF, 0xFF, 0x8F }, \
  { 0x03, 0x40, 0x38, 0x50 }, \
  { 0xC0, 0x41, 0x38, 0x50 }, \
  { 0x28, 0x42, 0x38, 0x50 }, \
  { 0x82, 0x43, 0x38, 0x50 }, \
  { 0x8F, 0x44, 0x38, 0x50 }, \
  { 0x01, 0x45, 0x38, 0x50 }, \
  { 0x80, 0x46, 0x38, 0x50 }, \
  { 0x80, 0x4D, 0x38, 0x50 }, \
  { 0x80, 0x47, 0x38, 0x50 }, \
  { 0xFF, 0xFF, 0xFF, 0x8F }, \
  { 0xC0, 0x41, 0x38, 0x50 }, \
  { 0x00, 0x4D, 0x38, 0x50 }, \
  { 0x80, 0x47, 0x38, 0x50 }, \
  { 0xFF, 0xFF, 0xFF, 0x8F }, \
  { 0x03, 0x40, 0x38, 0x50 }, \
  { 0xE0, 0x41, 0x38, 0x50 }, \
  { 0x24, 0x42, 0x38, 0x50 }, \
  { 0x82, 0x43, 0x38, 0x50 }, \
  { 0x11, 0x44, 0x38, 0x50 }, \
  { 0x01, 0x45, 0x38, 0x50 }, \
  { 0x80, 0x46, 0x38, 0x50 }, \
  { 0x80, 0x4D, 0x38, 0x50 }, \
  { 0x80, 0x47, 0x38, 0x50 }, \
  { 0xFF, 0xFF, 0xFF, 0x8F }, \
  { 0xE0, 0x41, 0x38, 0x50 }, \
  { 0x00, 0x4D, 0x38, 0x50 }, \
  { 0x80, 0x47, 0x38, 0x50 }, \
  { 0xFF, 0xFF, 0xFF, 0x8F }, \
  { 0x00, 0x4F, 0x7F, 0x4F }, \
  { 0x40, 0x00, 0xF0, 0x30 }, \
  { 0x00, 0x4F, 0x7F, 0x73 }, \
  { 0xFF, 0xFF, 0xFF, 0x8F }, \
  { 0x00, 0x4F, 0x7F, 0x4F }, \
  { 0x20, 0x00, 0xF0, 0x30 }, \
  { 0x00, 0x4F, 0x7F, 0x73 }, \
  { 0xFF, 0xFF, 0xFF, 0x8F }, \
  { 0x00, 0x4F, 0x7F, 0x4F }, \
  { 0x10, 0x00, 0xF0, 0x30 }, \
  { 0x00, 0x4F, 0x7F, 0x73 }, \
  { 0xFF, 0xFF, 0xFF, 0x8F }, \
  { 0x01, 0x64, 0x7F, 0x50 }, \
  { 0xFF, 0xFF, 0xFF, 0x8F }, \
  { 0x01, 0x65, 0x7F, 0x50 }, \
  { 0xFF, 0xFF, 0xFF, 0x8F }, \
  { 0x00, 0x4F, 0x7F, 0x4F }, \
  { 0xBF, 0x00, 0xF0, 0x2C }, \
  { 0x00, 0x4F, 0x7F, 0x73 }, \
  { 0xFF, 0xFF, 0xFF, 0x8F }, \
  { 0x00, 0x4F, 0x7F, 0x4F }, \
  { 0xDF, 0x00, 0xF0, 0x2C }, \
  { 0x00, 0x4F, 0x7F, 0x73 }, \
  { 0xFF, 0xFF, 0xFF, 0x8F }, \
  { 0x00, 0x4F, 0x7F, 0x4F }, \
  { 0xEF, 0x00, 0xF0, 0x2C }, \
  { 0x00, 0x4F, 0x7F, 0x73 }, \
  { 0xFF, 0xFF, 0xFF, 0x8F }, \
  { 0x00, 0x64, 0x7F, 0x50 }, \
  { 0xFF, 0xFF, 0xFF, 0x8F }, \
  { 0x00, 0x65, 0x7F, 0x50 }, \
  { 0xFF, 0xFF, 0xFF, 0x8F }, \
  { 0x30, 0x0B, 0x27, 0x4F }, \
  { 0x01, 0x01, 0x03, 0xB7 }, \
  { 0x00, 0x4E, 0x2C, 0x53 }, \
  { 0xFF, 0xFF, 0xFF, 0x8F }, \
  { 0x08, 0x4E, 0x2C, 0x53 }, \
  { 0xFF, 0xFF, 0xFF, 0x8F }, \
  { 0x30, 0xB7, 0x70, 0x50 }, \
  { 0xFF, 0xFF, 0xFF, 0xFB }, \
  { 0xFF, 0xFF, 0xFF, 0x8F }, \
  { 0x31, 0xB7, 0x70, 0x50 }, \
  { 0xFF, 0xFF, 0xFF, 0xFB }, \
  { 0xCC, 0xB5, 0xFF, 0x9B }, \
  { 0x01, 0x46, 0x26, 0x53 }, \
  { 0xFF, 0xFF, 0xFF, 0x8F }, \
  { 0x00, 0x46, 0x88, 0x53 }, \
  { 0x01, 0x40, 0x88, 0x53 }, \
  { 0x05, 0x42, 0x88, 0x53 }, \
  { 0x80, 0x44, 0x88, 0x53 }, \
  { 0x11, 0x45, 0x88, 0x53 }, \
  { 0x80, 0x46, 0x88, 0x53 }, \
  { 0xFF, 0xFF, 0xFF, 0x8F }, \
  { 0x32, 0xB7, 0x70, 0x50 }, \
  { 0xFF, 0xFF, 0xFF, 0xFB }, \
  { 0xCC, 0xB5, 0xFF, 0x9B }, \
  { 0x00, 0x46, 0x26, 0x53 }, \
  { 0x15, 0x68, 0x7F, 0x50 }, \
  { 0x2B, 0x69, 0x7F, 0x50 }, \
  { 0x4A, 0x66, 0x7F, 0x50 }, \
  { 0x2F, 0x67, 0x7F, 0x50 }, \
  { 0x10, 0xB6, 0xFF, 0x9B }, \
  { 0xFF, 0xFF, 0xFF, 0x8F }, \
  { 0xAC, 0xB1, 0xFF, 0x83 }, \
  { 0xFF, 0xFF, 0xFF, 0x8F }, \
  { 0x33, 0xB7, 0x70, 0x50 }, \
  { 0xFF, 0xFF, 0xFF, 0xFB }, \
  { 0xCC, 0xB5, 0xFF, 0x9B }, \
  { 0x00, 0x46, 0x26, 0x53 }, \
  { 0xFF, 0xFF, 0xFF, 0x8F }, \
  { 0x34, 0xB7, 0x70, 0x50 }, \
  { 0xFF, 0xFF, 0xFF, 0xFB }, \
  { 0x40, 0xB6, 0xFF, 0x9B }, \
  { 0x00, 0x46, 0x26, 0x53 }, \
  { 0xFF, 0xFF, 0xFF, 0x8F }, \
  { 0x00, 0x46, 0x88, 0x53 }, \
  { 0x01, 0x40, 0x88, 0x53 }, \
  { 0x05, 0x42, 0x88, 0x53 }, \
  { 0x00, 0x44, 0x88, 0x53 }, \
  { 0x11, 0x45, 0x88, 0x53 }, \
  { 0x80, 0x46, 0x88, 0x53 }, \
  { 0xFF, 0xFF, 0xFF, 0x8F }, \
  { 0x35, 0xB7, 0x70, 0x50 }, \
  { 0xFF, 0xFF, 0xFF, 0xFB }, \
  { 0x40, 0xB6, 0xFF, 0x9B }, \
  { 0x01, 0x46, 0x26, 0x53 }, \
  { 0xFF, 0xFF, 0xFF, 0x8F }, \
  { 0x36, 0xB7, 0x70, 0x50 }, \
  { 0xFF, 0xFF, 0xFF, 0xFB }, \
  { 0xFF, 0xFF, 0xFF, 0x8F }, \
  { 0x21, 0xB7, 0x70, 0x50 }, \
  { 0xFF, 0xFF, 0xFF, 0xFB }, \
  { 0xFF, 0xFF, 0xFF, 0x8F }, \
  { 0x22, 0xB7, 0x70, 0x50 }, \
  { 0xFF, 0xFF, 0xFF, 0xFB }, \
  { 0xB0, 0xB0, 0xFF, 0x9B }, \
  { 0xCC, 0xB5, 0xFF, 0x9B }, \
  { 0xFF, 0xFF, 0xFF, 0x8F }, \
  { 0x23, 0xB7, 0x70, 0x50 }, \
  { 0xFF, 0xFF, 0xFF, 0xFB }, \
  { 0xCC, 0xB5, 0xFF, 0x9B }, \
  { 0xFF, 0xFF, 0xFF, 0x8F }, \
  { 0x24, 0xB7, 0x70, 0x50 }, \
  { 0x5E, 0x68, 0x7F, 0x50 }, \
  { 0x2E, 0x69, 0x7F, 0x50 }, \
  { 0x07, 0x66, 0x7F, 0x50 }, \
  { 0x38, 0x67, 0x7F, 0x50 }, \
  { 0xFF, 0xFF, 0xFF, 0xFB }, \
  { 0x10, 0xB6, 0xFF, 0x9B }, \
  { 0xFF, 0xFF, 0xFF, 0x8F }, \
  { 0x25, 0xB7, 0x70, 0x50 }, \
  { 0xFF, 0xFF, 0xFF, 0xFB }, \
  { 0xFF, 0xFF, 0xFF, 0x8F }, \
  { 0x26, 0xB7, 0x70, 0x50 }, \
  { 0xFF, 0xFF, 0xFF, 0xFB }, \
  { 0x40, 0xB6, 0xFF, 0x9B }, \
  { 0xB0, 0xB0, 0xFF, 0x9B }, \
  { 0xFF, 0xFF, 0xFF, 0x8F }, \
  { 0x27, 0xB7, 0x70, 0x50 }, \
  { 0xFF, 0xFF, 0xFF, 0xFB }, \
  { 0xFF, 0xFF, 0xFF, 0x8F }, \
  { 0x28, 0xB7, 0x70, 0x50 }, \
  { 0xFF, 0xFF, 0xFF, 0xFB }, \
  { 0xFF, 0xFF, 0xFF, 0x8F }, \
  { 0xFF, 0xFF, 0xFF, 0xFF }, \
  { 0xFF, 0xFF, 0xFF, 0xFF }, \
  { 0xFF, 0xFF, 0xFF, 0xFF }, \
  { 0xFF, 0xFF, 0xFF, 0xFF }, \
  { 0xFF, 0xFF, 0xFF, 0xFF }, \
  { 0xFF, 0xFF, 0xFF, 0xFF }, \
  { 0xFF, 0xFF, 0xFF, 0xFF }, \
  { 0xFF, 0xFF, 0xFF, 0xFF }, \
  { 0xFF, 0xFF, 0xFF, 0xFF }, \
  { 0xFF, 0xFF, 0xFF, 0xFF }, \
  { 0xFF, 0xFF, 0xFF, 0xFF }, \
  { 0xFF, 0xFF, 0xFF, 0xFF }, \
  { 0xFF, 0xFF, 0xFF, 0xFF }, \
  { 0xFF, 0xFF, 0xFF, 0xFF }, \
  { 0xFF, 0xFF, 0xFF, 0xFF }, \
  { 0xFF, 0xFF, 0xFF, 0xFF }, \
  { 0xFF, 0xFF, 0xFF, 0xFF }, \
  { 0xFF, 0xFF, 0xFF, 0xFF }, \
  { 0xFF, 0xFF, 0xFF, 0xFF }, \
  { 0xFF, 0xFF, 0xFF, 0xFF }, \
  { 0xFF, 0xFF, 0xFF, 0xFF }, \
  { 0xFF, 0xFF, 0xFF, 0xFF }, \
  { 0xFF, 0xFF, 0xFF, 0xFF }, \
  { 0xFF, 0xFF, 0xFF, 0xFF }, \
  { 0xFF, 0xFF, 0xFF, 0xFF }, \
  { 0xFF, 0xFF, 0xFF, 0xFF }, \
  { 0xFF, 0xFF, 0xFF, 0xFF }, \
  { 0xFF, 0xFF, 0xFF, 0xFF }, \
  { 0xFF, 0xFF, 0xFF, 0xFF }, \
  { 0xFF, 0xFF, 0xFF, 0xFF }, \
  { 0xFF, 0xFF, 0xFF, 0xFF }, \
  { 0xFF, 0xFF, 0xFF, 0xFF }, \
  { 0xFF, 0xFF, 0xFF, 0xFF }, \
  { 0xFF, 0xFF, 0xFF, 0xFF }, \
  { 0xFF, 0xFF, 0xFF, 0xFF }, \
  { 0xFF, 0xFF, 0xFF, 0xFF }, \
  { 0xFF, 0xFF, 0xFF, 0xFF }, \
  { 0xFF, 0xFF, 0xFF, 0xFF }, \
  { 0xFF, 0xFF, 0xFF, 0xFF }, \
  { 0xFF, 0xFF, 0xFF, 0xFF }, \
  { 0xFF, 0xFF, 0xFF, 0xFF }, \
  { 0xFF, 0xFF, 0xFF, 0xFF }, \
  { 0xFF, 0xFF, 0xFF, 0xFF }, \
  { 0xFF, 0xFF, 0xFF, 0xFF }, \
  { 0xFF, 0xFF, 0xFF, 0xFF }, \
  { 0xFF, 0xFF, 0xFF, 0xFF }, \
  { 0xFF, 0xFF, 0xFF, 0xFF }, \
  { 0xFF, 0xFF, 0xFF, 0xFF }, \
  { 0xFF, 0xFF, 0xFF, 0xFF }, \
  { 0xFF, 0xFF, 0xFF, 0xFF }, \
  { 0xFF, 0xFF, 0xFF, 0xFF }, \
  { 0xFF, 0xFF, 0xFF, 0xFF }, \
  { 0xFF, 0xFF, 0xFF, 0xFF }, \
  { 0xFF, 0xFF, 0xFF, 0xFF }, \
  { 0xFF, 0xFF, 0xFF, 0xFF }, \
  { 0xFF, 0xFF, 0xFF, 0xFF }, \
  { 0xFF, 0xFF, 0xFF, 0xFF }, \
  { 0xFF, 0xFF, 0xFF, 0xFF }, \
  { 0xFF, 0xFF, 0xFF, 0xFF }, \
  { 0xFF, 0xFF, 0xFF, 0xFF }, \
  { 0xFF, 0xFF, 0xFF, 0xFF }, \
  { 0xFF, 0xFF, 0xFF, 0xFF }, \
  { 0xFF, 0xFF, 0xFF, 0xFF }, \
  { 0xFF, 0xFF, 0xFF, 0xFF }, \
  { 0xFF, 0xFF, 0xFF, 0xFF }, \
  { 0xFF, 0xFF, 0xFF, 0xFF }, \
  { 0xFF, 0xFF, 0xFF, 0xFF }, \
  { 0xFF, 0xFF, 0xFF, 0xFF }, \
  { 0xFF, 0xFF, 0xFF, 0xFF }, \
  { 0xFF, 0xFF, 0xFF, 0xFF }, \
  { 0xFF, 0xFF, 0xFF, 0xFF }, \
  { 0xFF, 0xFF, 0xFF, 0xFF }, \
  { 0xFF, 0xFF, 0xFF, 0xFF }, \
  { 0xFF, 0xFF, 0xFF, 0xFF }, \
  { 0xFF, 0xFF, 0xFF, 0xFF }, \
  { 0xFF, 0xFF, 0xFF, 0xFF }, \
  { 0xFF, 0xFF, 0xFF, 0xFF }, \
  { 0xFF, 0xFF, 0xFF, 0xFF }, \
  { 0xFF, 0xFF, 0xFF, 0xFF }, \
  { 0xFF, 0xFF, 0xFF, 0xFF }, \
  { 0xFF, 0xFF, 0xFF, 0xFF }, \
  { 0xFF, 0xFF, 0xFF, 0xFF }, \
  { 0xFF, 0xFF, 0xFF, 0xFF }, \
  { 0xFF, 0xFF, 0xFF, 0xFF }, \
  { 0xFF, 0xFF, 0xFF, 0xFF }, \
  { 0xFF, 0xFF, 0xFF, 0xFF }, \
  { 0xFF, 0xFF, 0xFF, 0xFF }, \
  { 0xFF, 0xFF, 0xFF, 0xFF }, \
  { 0xFF, 0xFF, 0xFF, 0xFF }, \
  { 0xFF, 0xFF, 0xFF, 0xFF }, \
  { 0xFF, 0xFF, 0xFF, 0xFF }, \
  { 0xFF, 0xFF, 0xFF, 0xFF }, \
  { 0xFF, 0xFF, 0xFF, 0xFF }, \
  { 0xFF, 0xFF, 0xFF, 0xFF }, \
  { 0xFF, 0xFF, 0xFF, 0xFF }, \
  { 0xFF, 0xFF, 0xFF, 0xFF }, \
  { 0xFF, 0xFF, 0xFF, 0xFF }, \
  { 0xFF, 0xFF, 0xFF, 0xFF }, \
  { 0xFF, 0xFF, 0xFF, 0xFF }, \
  { 0xFF, 0xFF, 0xFF, 0xFF }, \
  { 0xFF, 0xFF, 0xFF, 0xFF }, \
  { 0xFF, 0xFF, 0xFF, 0xFF }, \
  { 0xFF, 0xFF, 0xFF, 0xFF }, \
  { 0xFF, 0xFF, 0xFF, 0xFF }, \
  { 0xFF, 0xFF, 0xFF, 0xFF }, \
  { 0xFF, 0xFF, 0xFF, 0xFF }, \
  { 0xFF, 0xFF, 0xFF, 0xFF }, \
  { 0xFF, 0xFF, 0xFF, 0xFF }, \
  { 0xFF, 0xFF, 0xFF, 0xFF }, \
  { 0xFF, 0xFF, 0xFF, 0xFF }, \
  { 0xFF, 0xFF, 0xFF, 0xFF }, \
  { 0xFF, 0xFF, 0xFF, 0xFF }, \
  { 0xFF, 0xFF, 0xFF, 0xFF }, \
  { 0xFF, 0xFF, 0xFF, 0xFF }, \
  { 0xFF, 0xFF, 0xFF, 0xFF }, \
  { 0xFF, 0xFF, 0xFF, 0xFF }, \
  { 0xFF, 0xFF, 0xFF, 0xFF }, \
  { 0xFF, 0xFF, 0xFF, 0xFF }, \
  { 0xFF, 0xFF, 0xFF, 0xFF }, \
  { 0xFF, 0xFF, 0xFF, 0xFF }, \
  { 0xFF, 0xFF, 0xFF, 0xFF }, \
  { 0xFF, 0xFF, 0xFF, 0xFF }, \
  { 0xFF, 0xFF, 0xFF, 0xFF }, \
  { 0xFF, 0xFF, 0xFF, 0xFF }, \
  { 0xFF, 0xFF, 0xFF, 0xFF }, \
  { 0xFF, 0xFF, 0xFF, 0xFF }, \
  { 0xFF, 0xFF, 0xFF, 0xFF }, \
  { 0xFF, 0xFF, 0xFF, 0xFF }, \
  { 0xFF, 0xFF, 0xFF, 0xFF }, \
  { 0xFF, 0xFF, 0xFF, 0xFF }, \
  { 0xFF, 0xFF, 0xFF, 0xFF }, \
  { 0xFF, 0xFF, 0xFF, 0xFF }, \
  { 0xFF, 0xFF, 0xFF, 0xFF }, \
  { 0xFF, 0xFF, 0xFF, 0xFF }, \
  { 0xFF, 0xFF, 0xFF, 0xFF }, \
  { 0xFF, 0xFF, 0xFF, 0xFF }, \
  { 0xFF, 0xFF, 0xFF, 0xFF }, \
  { 0xFF, 0xFF, 0xFF, 0xFF }, \
  { 0xFF, 0xFF, 0xFF, 0xFF }, \
  { 0xFF, 0xFF, 0xFF, 0xFF }, \
  { 0xFF, 0xFF, 0xFF, 0xFF }, \
  { 0xFF, 0xFF, 0xFF, 0xFF }, \
  { 0xFF, 0xFF, 0xFF, 0xFF }, \
  { 0xFF, 0xFF, 0xFF, 0xFF }, \
  { 0xFF, 0xFF, 0xFF, 0xFF }, \
  { 0xFF, 0xFF, 0xFF, 0xFF }, \
  { 0xFF, 0xFF, 0xFF, 0xFF }, \
  { 0xFF, 0xFF, 0xFF, 0xFF }, \
  { 0xFF, 0xFF, 0xFF, 0xFF }, \
  { 0xFF, 0xFF, 0xFF, 0xFF }, \
  { 0xFF, 0xFF, 0xFF, 0xFF }, \
  { 0xFF, 0xFF, 0xFF, 0xFF }, \
  { 0xFF, 0xFF, 0xFF, 0xFF }, \
  { 0xFF, 0xFF, 0xFF, 0xFF }, \
  { 0xFF, 0xFF, 0xFF, 0xFF }, \
  { 0xFF, 0xFF, 0xFF, 0xFF }, \
  { 0xFF, 0xFF, 0xFF, 0xFF }, \
  { 0xFF, 0xFF, 0xFF, 0xFF }, \
  { 0xFF, 0xFF, 0xFF, 0xFF }, \
  { 0xFF, 0xFF, 0xFF, 0xFF }, \
  { 0xFF, 0xFF, 0xFF, 0xFF }, \
  { 0xFF, 0xFF, 0xFF, 0xFF }, \
  { 0xFF, 0xFF, 0xFF, 0xFF }, \
  { 0xFF, 0xFF, 0xFF, 0xFF }, \
  { 0xFF, 0xFF, 0xFF, 0xFF }, \
  { 0xFF, 0xFF, 0xFF, 0xFF }, \
  { 0xFF, 0xFF, 0xFF, 0xFF }, \
  { 0xFF, 0xFF, 0xFF, 0xFF }, \
  { 0xFF, 0xFF, 0xFF, 0xFF }, \
  { 0xFF, 0xFF, 0xFF, 0xFF }, \
  { 0xFF, 0xFF, 0xFF, 0xFF }, \
  { 0xFF, 0xFF, 0xFF, 0xFF }, \
  { 0xFF, 0xFF, 0xFF, 0xFF }, \
  { 0x04, 0x66, 0xFD, 0x53 }, \
  { 0x00, 0x45, 0xFD, 0x53 }, \
  { 0xFF, 0xFF, 0xFF, 0x8F }, \
  { 0xFF, 0xFF, 0xFF, 0xFF }, \
  { 0xFF, 0xFF, 0xFF, 0xFF }, \
  { 0xFF, 0xFF, 0xFF, 0xFF }, \
  { 0xFF, 0xFF, 0xFF, 0xFF }, \
  { 0xFF, 0xFF, 0xFF, 0xFF }, \
  { 0xFF, 0xFF, 0xFF, 0xFF }, \
  { 0xFF, 0xFF, 0xFF, 0xFF }, \
  { 0xFF, 0xFF, 0xFF, 0xFF }, \
  { 0xFF, 0xFF, 0xFF, 0xFF }, \
  { 0xFF, 0xFF, 0xFF, 0xFF }, \
  { 0xFF, 0xFF, 0xFF, 0xFF }, \
  { 0xFF, 0xFF, 0xFF, 0xFF }, \
  { 0xFF, 0xFF, 0xFF, 0xFF }, \
  { 0xFF, 0xFF, 0xFF, 0xFF }, \
  { 0xFF, 0xFF, 0xFF, 0xFF }, \
  { 0xFF, 0xFF, 0xFF, 0xFF }, \
  { 0xFF, 0xFF, 0xFF, 0xFF }, \
  { 0xFF, 0xFF, 0xFF, 0xFF }, \
  { 0xFF, 0xFF, 0xFF, 0xFF }, \
  { 0xFF, 0xFF, 0xFF, 0xFF }, \
  { 0xFF, 0xFF, 0xFF, 0xFF }, \
  { 0xFF, 0xFF, 0xFF, 0xFF }, \
  { 0xFF, 0xFF, 0xFF, 0xFF }, \
  { 0xFF, 0xFF, 0xFF, 0xFF }, \
  { 0xFF, 0xFF, 0xFF, 0xFF }, \
  { 0xFF, 0xFF, 0xFF, 0xFF }, \
  { 0xFF, 0xFF, 0xFF, 0xFF }, \
  { 0xFF, 0xFF, 0xFF, 0xFF }, \
  { 0xFF, 0xFF, 0xFF, 0xFF }, \
  { 0xFF, 0xFF, 0xFF, 0xFF }, \
  { 0xFF, 0xFF, 0xFF, 0xFF }, \
  { 0xFF, 0xFF, 0xFF, 0xFF }, \
  { 0xFF, 0xFF, 0xFF, 0xFF }, \
  { 0xFF, 0xFF, 0xFF, 0xFF }, \
  { 0xFF, 0xFF, 0xFF, 0xFF }, \
  { 0xFF, 0xFF, 0xFF, 0xFF }, \
  { 0xFF, 0xFF, 0xFF, 0xFF }, \
  { 0xFF, 0xFF, 0xFF, 0xFF }, \
  { 0xFF, 0xFF, 0xFF, 0xFF }, \
  { 0xFF, 0xFF, 0xFF, 0xFF }, \
  { 0xFF, 0xFF, 0xFF, 0xFF }, \
  { 0xFF, 0xFF, 0xFF, 0xFF }, \
  { 0xFF, 0xFF, 0xFF, 0xFF }, \
  { 0xFF, 0xFF, 0xFF, 0xFF }, \
  { 0xFF, 0xFF, 0xFF, 0xFF }, \
  { 0xFF, 0xFF, 0xFF, 0xFF }, \
  { 0xFF, 0xFF, 0xFF, 0xFF }, \
  { 0xFF, 0xFF, 0xFF, 0xFF }, \
  { 0xFF, 0xFF, 0xFF, 0xFF }, \
  { 0xFF, 0xFF, 0xFF, 0xFF }, \
  { 0xFF, 0xFF, 0xFF, 0xFF }, \
  { 0xFF, 0xFF, 0xFF, 0xFF }, \
  { 0xFF, 0xFF, 0xFF, 0xFF }, \
  { 0xFF, 0xFF, 0xFF, 0xFF }, \
  { 0xFF, 0xFF, 0xFF, 0xFF }, \
  { 0xFF, 0xFF, 0xFF, 0xFF }, \
  { 0xFF, 0xFF, 0xFF, 0xFF }, \
  { 0xFF, 0xFF, 0xFF, 0xFF }, \
  { 0xFF, 0xFF, 0xFF, 0xFF }, \
  { 0xFF, 0xFF, 0xFF, 0xFF }, \
  { 0xFF, 0xFF, 0xFF, 0xFF }, \
  { 0xFF, 0xFF, 0xFF, 0xFF }, \
  { 0xFF, 0xFF, 0xFF, 0xFF }, \
  { 0xFF, 0xFF, 0xFF, 0xFF }, \
  { 0xFF, 0xFF, 0xFF, 0xFF }, \
  { 0xFF, 0xFF, 0xFF, 0xFF }, \
  { 0xFF, 0xFF, 0xFF, 0xFF }, \
  { 0xFF, 0xFF, 0xFF, 0xFF }, \
  { 0xFF, 0xFF, 0xFF, 0xFF }, \
  { 0xFF, 0xFF, 0xFF, 0xFF }, \
  { 0xFF, 0xFF, 0xFF, 0xFF }, \
  { 0xFF, 0xFF, 0xFF, 0xFF }, \
  { 0xFF, 0xFF, 0xFF, 0xFF }, \
  { 0xFF, 0xFF, 0xFF, 0xFF }, \
  { 0xFF, 0xFF, 0xFF, 0xFF }, \
  { 0xFF, 0xFF, 0xFF, 0xFF }, \
  { 0xFF, 0xFF, 0xFF, 0xFF }, \
  { 0xFF, 0xFF, 0xFF, 0xFF }, \
  { 0xFF, 0xFF, 0xFF, 0xFF }, \
  { 0xFF, 0xFF, 0xFF, 0xFF }, \
  { 0xFF, 0xFF, 0xFF, 0xFF }, \
  { 0xFF, 0xFF, 0xFF, 0xFF }, \
  { 0xFF, 0xFF, 0xFF, 0xFF }, \
  { 0x78, 0x03, 0x78, 0x03 }, \
  { 0x38, 0x03, 0x38, 0x03 }, \
  { 0x60, 0x01, 0xB8, 0x03 }, \
  { 0x38, 0x03, 0x38, 0x03 }, \
  { 0x60, 0x01, 0x38, 0x03 }, \
  { 0x38, 0x03, 0x38, 0x03 }, \
  { 0x38, 0x03, 0x38, 0x03 }, \
  { 0x00, 0x00, 0x38, 0x03 }, \
  { 0xFF, 0xFF, 0xFF, 0xFF }, \
  { 0xFF, 0xFF, 0xFF, 0xFF }, \
  { 0xFF, 0xFF, 0xFF, 0xFF }, \
  { 0xFF, 0xFF, 0xFF, 0xFF }, \
  { 0xFF, 0xFF, 0xFF, 0xFF }, \
  { 0xFF, 0xFF, 0xFF, 0xFF }, \
  { 0xFF, 0xFF, 0xFF, 0xFF }, \
  { 0xFF, 0xFF, 0xFF, 0xFF }, \
  { 0x38, 0x03, 0x38, 0x03 }, \
  { 0x38, 0x03, 0x38, 0x03 }, \
  { 0xB8, 0x03, 0xB8, 0x03 }, \
  { 0x38, 0x03, 0x38, 0x03 }, \
  { 0x38, 0x03, 0x38, 0x03 }, \
  { 0x38, 0x03, 0x38, 0x03 }, \
  { 0x38, 0x03, 0x38, 0x03 }, \
  { 0x90, 0x02, 0x90, 0x02 }, \
  { 0x00, 0xBF, 0x70, 0x29 }, \
  { 0x01, 0x33, 0x16, 0x50 }, \
  { 0x04, 0x00, 0x70, 0x21 }, \
  { 0xFC, 0xBF, 0x74, 0x29 }, \
  { 0x4C, 0x63, 0xFF, 0x9B }, \
  { 0x80, 0x32, 0x16, 0x50 }, \
  { 0x00, 0x00, 0xFF, 0xC1 }, \
  { 0x00, 0x33, 0x16, 0x50 }, \
  { 0xFF, 0xFF, 0xFF, 0xFC }, \
  { 0xFF, 0xFF, 0xFF, 0xFF }, \
  { 0xFF, 0xFF, 0xFF, 0xFF }, \
  { 0xFF, 0xFF, 0xFF, 0xFF }, \
  { 0xFF, 0xFF, 0xFF, 0xFF }, \
  { 0xFF, 0xFF, 0xFF, 0xFF }, \
  { 0xFF, 0xFF, 0xFF, 0xFF }, \
  { 0xFF, 0xFF, 0xFF, 0xFF }, \
  { 0xFF, 0xFF, 0xFF, 0xFF }, \
  { 0xFF, 0xFF, 0xFF, 0xFF }, \
  { 0xFF, 0xFF, 0xFF, 0xFF }, \
  { 0xFF, 0xFF, 0xFF, 0xFF }, \
  { 0xFF, 0xFF, 0xFF, 0xFF }, \
  { 0xFF, 0xFF, 0xFF, 0xFF }, \
  { 0xFF, 0xFF, 0xFF, 0xFF }, \
  { 0xFF, 0xFF, 0xFF, 0xFF }, \
  { 0xFF, 0xFF, 0xFF, 0xFF }, \
  { 0xFF, 0xFF, 0xFF, 0xFF }, \
  { 0xFF, 0xFF, 0xFF, 0xFF }, \
  { 0xFF, 0xFF, 0xFF, 0xFF }, \
  { 0xFF, 0xFF, 0xFF, 0xFF }, \
  { 0xFF, 0xFF, 0xFF, 0xFF }, \
  { 0xFF, 0xFF, 0xFF, 0xFF }, \
  { 0xFF, 0xFF, 0xFF, 0xFF }, \
  { 0xFF, 0xFF, 0xFF, 0xFF }, \
  { 0xFF, 0xFF, 0xFF, 0xFF }, \
  { 0xFF, 0xFF, 0xFF, 0xFF }, \
  { 0xFF, 0xFF, 0xFF, 0xFF }, \
  { 0xEC, 0x40, 0x08, 0x00 }, \
  { 0x40, 0x41, 0x10, 0x00 }, \
  { 0xB8, 0x40, 0x02, 0x00 }, \
  { 0x1C, 0x41, 0x04, 0x00 }, \
  { 0x74, 0x4B, 0x40, 0x00 }, \
  { 0x78, 0x4B, 0x80, 0x00 }, \
  { 0xFC, 0x41, 0xFF, 0xFF }, \
  { 0xFF, 0xFF, 0xFF, 0xFF }, \
  { 0xFF, 0xFF, 0xFF, 0xFF }, \
  { 0xFF, 0xFF, 0xFF, 0xFF }, \
  { 0xFF, 0xFF, 0xFF, 0xFF }, \
  { 0xFF, 0xFF, 0xFF, 0xFF }, \
  { 0xFF, 0xFF, 0xFF, 0xFF }, \
  { 0xFF, 0xFF, 0xFF, 0xFF }, \
  { 0xFF, 0xFF, 0xFF, 0xFF }, \
  { 0xFF, 0xFF, 0xFF, 0xFF }, \
  { 0x70, 0x4B, 0x84, 0x01 }, \
  { 0x2C, 0x49, 0x87, 0x00 }, \
  { 0x48, 0x44, 0x86, 0x00 }, \
  { 0x48, 0x44, 0x85, 0x00 }, \
  { 0x48, 0x44, 0x84, 0x00 }, \
  { 0x48, 0x44, 0x83, 0x00 }, \
  { 0x48, 0x44, 0x82, 0x00 }, \
  { 0x48, 0x44, 0x81, 0x00 }, \
  { 0x48, 0x44, 0x80, 0x00 }, \
  { 0xFC, 0x47, 0x50, 0x02 }, \
  { 0x04, 0x48, 0x51, 0x02 }, \
  { 0x0C, 0x48, 0x52, 0x02 }, \
  { 0x14, 0x48, 0x53, 0x02 }, \
  { 0x1C, 0x48, 0x54, 0x02 }, \
  { 0x24, 0x48, 0x55, 0x02 }, \
  { 0x2C, 0x48, 0x56, 0x02 }, \
  { 0x34, 0x48, 0x60, 0x03 }, \
  { 0x3C, 0x48, 0x60, 0x13 }, \
  { 0x44, 0x48, 0x60, 0x33 }, \
  { 0x4C, 0x48, 0x60, 0x63 }, \
  { 0x54, 0x48, 0x60, 0xC3 }, \
  { 0x5C, 0x48, 0x60, 0xD3 }, \
  { 0x64, 0x48, 0xB0, 0x02 }, \
  { 0x70, 0x48, 0xB1, 0x02 }, \
  { 0x7C, 0x48, 0xB2, 0x02 }, \
  { 0x88, 0x48, 0xB3, 0x02 }, \
  { 0x94, 0x48, 0xB4, 0x02 }, \
  { 0xA0, 0x48, 0xB5, 0x02 }, \
  { 0xAC, 0x48, 0xB6, 0x02 }, \
  { 0xB4, 0x48, 0xB7, 0x02 }, \
  { 0xC0, 0x48, 0xE2, 0x34 }, \
  { 0x4C, 0x46, 0x80, 0x02 }, \
  { 0xC0, 0x46, 0xD0, 0x11 }, \
  { 0xF8, 0x46, 0x90, 0x40 }, \
  { 0xE0, 0x46, 0x94, 0x40 }, \
  { 0x04, 0x47, 0xC6, 0x61 }, \
  { 0x1C, 0x47, 0xC6, 0x71 }, \
  { 0x34, 0x47, 0xC6, 0xA1 }, \
  { 0x30, 0x46, 0x84, 0x06 }, \
  { 0xE8, 0x47, 0xD0, 0x31 }, \
  { 0x40, 0x4B, 0xD1, 0x31 }, \
  { 0x48, 0x4B, 0xD2, 0x31 }, \
  { 0x50, 0x4B, 0xD3, 0x31 }, \
  { 0x60, 0x4B, 0xC0, 0x33 }, \
  { 0x68, 0x4B, 0xC1, 0x33 }, \
  { 0xF8, 0x49, 0x67, 0x02 }, \
  { 0x50, 0x47, 0x80, 0x01 }, \
  { 0x50, 0x47, 0x90, 0x01 }, \
  { 0xE4, 0x47, 0x60, 0x00 }, \
  { 0xE4, 0x47, 0x60, 0x10 }, \
  { 0x9C, 0x4F, 0x80, 0x18 }, \
  { 0xE4, 0x47, 0x60, 0x20 }, \
  { 0xE4, 0x47, 0x60, 0x30 }, \
  { 0xE4, 0x47, 0x60, 0x40 }, \
  { 0xE4, 0x47, 0x60, 0x60 }, \
  { 0xE4, 0x47, 0x60, 0x80 }, \
  { 0x54, 0x49, 0x82, 0x02 }, \
  { 0x98, 0x4F, 0x62, 0x27 }, \
  { 0x88, 0x49, 0x74, 0x27 }, \
  { 0xA0, 0x49, 0xF5, 0x31 }, \
  { 0xAC, 0x49, 0x56, 0x87 }, \
  { 0x9C, 0x4B, 0xD3, 0x02 }, \
  { 0x48, 0x4E, 0xE7, 0x11 }, \
  { 0x54, 0x4E, 0x67, 0x27 }, \
  { 0x60, 0x4E, 0xC7, 0x31 }, \
  { 0x78, 0x4E, 0xC7, 0x61 }, \
  { 0x84, 0x4E, 0x47, 0x87 }, \
  { 0xFC, 0x41, 0xFF, 0xFF }, \
  { 0xFF, 0xFF, 0xFF, 0xFF }, \
  { 0xFF, 0xFF, 0xFF, 0xFF }, \
  { 0xFF, 0xFF, 0xFF, 0xFF }, \
  { 0xFF, 0xFF, 0xFF, 0xFF }, \
  { 0xFF, 0xFF, 0xFF, 0xFF }, \
  { 0xFF, 0xFF, 0xFF, 0xFF }, \
  { 0xFF, 0xFF, 0xFF, 0xFF }, \
  { 0xFF, 0xFF, 0xFF, 0xFF }, \
  { 0xFF, 0xFF, 0xFF, 0xFF }, \
  { 0xFF, 0xFF, 0xFF, 0xFF }, \
  { 0xFF, 0xFF, 0xFF, 0xFF }, \
  { 0xFF, 0xFF, 0xFF, 0xFF }, \
  { 0xFF, 0xFF, 0xFF, 0xFF }, \
  { 0xFF, 0xFF, 0xFF, 0xFF }, \
  { 0xFF, 0xFF, 0xFF, 0xFF }, \
  { 0xFF, 0xFF, 0xFF, 0xFF }, \
  { 0xFF, 0xFF, 0xFF, 0xFF }, \
  { 0xFF, 0xFF, 0xFF, 0xFF }, \
  { 0xFF, 0xFF, 0xFF, 0xFF }, \
  { 0xFF, 0xFF, 0xFF, 0xFF }, \
  { 0xC4, 0x43, 0x01, 0x19 }, \
  { 0x1C, 0x43, 0x05, 0x19 }, \
  { 0x70, 0xBB, 0x10, 0x19 }, \
  { 0xFC, 0x41, 0xFF, 0xFF }, \
  { 0xFF, 0xFF, 0xFF, 0xFF }, \
  { 0xFF, 0xFF, 0xFF, 0xFF }, \
  { 0xFF, 0xFF, 0xFF, 0xFF }, \
  { 0xFF, 0xFF, 0xFF, 0xFF }, \
  { 0xFF, 0xFF, 0xFF, 0xFF }, \
  { 0xFF, 0xFF, 0xFF, 0xFF }, \
  { 0xFF, 0xFF, 0xFF, 0xFF }, \
  { 0xFF, 0xFF, 0xFF, 0xFF }, \
  { 0xFF, 0xFF, 0xFF, 0xFF }, \
  { 0xFF, 0xFF, 0xFF, 0xFF }, \
  { 0xFF, 0xFF, 0xFF, 0xFF }, \
  { 0xFF, 0xFF, 0xFF, 0xFF }, \
  { 0xFF, 0xFF, 0xFF, 0xFF }, \
  { 0xFF, 0xFF, 0xFF, 0xFF }, \
  { 0xFF, 0xFF, 0xFF, 0xFF }, \
  { 0xFF, 0xFF, 0xFF, 0xFF }, \
  { 0xFF, 0xFF, 0xFF, 0xFF }, \
  { 0xFF, 0xFF, 0xFF, 0xFF }, \
  { 0xFF, 0xFF, 0xFF, 0xFF }, \
  { 0xFF, 0xFF, 0xFF, 0xFF }, \
  { 0x98, 0x46, 0x00, 0x00 }, \
  { 0x90, 0x44, 0x01, 0x00 }, \
  { 0x28, 0x45, 0x04, 0x00 }, \
  { 0x28, 0x45, 0x07, 0x00 }, \
  { 0x18, 0x46, 0x08, 0x00 }, \
  { 0xF0, 0x41, 0xFF, 0xFF }, \
  { 0xFF, 0xFF, 0xFF, 0xFF }, \
  { 0xFF, 0xFF, 0xFF, 0xFF }, \
  { 0xFF, 0xFF, 0xFF, 0xFF }, \
  { 0xFF, 0xFF, 0xFF, 0xFF }, \
  { 0xFF, 0xFF, 0xFF, 0xFF }, \
  { 0xFF, 0xFF, 0xFF, 0xFF }, \
  { 0x90, 0x46, 0x87, 0x00 }, \
  { 0x90, 0x46, 0x86, 0x00 }, \
  { 0x90, 0x46, 0x85, 0x00 }, \
  { 0x18, 0x46, 0x82, 0x00 }, \
  { 0x90, 0x46, 0xF0, 0x18 }, \
  { 0x90, 0x46, 0x63, 0x27 }, \
  { 0x90, 0x46, 0xC2, 0x31 }, \
  { 0x90, 0x46, 0x32, 0x87 }, \
  { 0x90, 0x46, 0x21, 0x06 }, \
  { 0x90, 0x46, 0x40, 0x06 }, \
  { 0x94, 0x4B, 0xD2, 0x02 }, \
  { 0x04, 0x42, 0xFF, 0xFF }, \
  { 0xFF, 0xFF, 0xFF, 0xFF }, \
  { 0xFF, 0xFF, 0xFF, 0xFF }, \
  { 0xFF, 0xFF, 0xFF, 0xFF }, \
  { 0xFF, 0xFF, 0xFF, 0xFF }, \
  { 0xFF, 0xFF, 0xFF, 0xFF }, \
  { 0xFF, 0xFF, 0xFF, 0xFF }, \
  { 0xEC, 0x40, 0x08, 0x00 }, \
  { 0x40, 0x41, 0x10, 0x00 }, \
  { 0x1C, 0x41, 0x04, 0x00 }, \
  { 0x74, 0x4B, 0x40, 0x00 }, \
  { 0x78, 0x4B, 0x80, 0x00 }, \
  { 0xB8, 0x40, 0x02, 0x00 }, \
  { 0xFC, 0x41, 0xFF, 0xFF }, \
  { 0xFF, 0xFF, 0xFF, 0xFF }, \
  { 0xFF, 0xFF, 0xFF, 0xFF }, \
  { 0xFF, 0xFF, 0xFF, 0xFF }, \
  { 0xC4, 0x4F, 0x63, 0x0C }, \
  { 0xE4, 0x4F, 0x37, 0x1D }, \
  { 0xEC, 0x4F, 0xCE, 0x23 }, \
  { 0xCC, 0x4F, 0x04, 0x2B }, \
  { 0xD4, 0x4F, 0x4A, 0x2F }, \
  { 0xDC, 0x4F, 0x3C, 0x32 }, \
  { 0xF4, 0x4F, 0xFF, 0x3F }, \
  { 0xF4, 0x4F, 0x00, 0x40 }, \
  { 0xC4, 0x4F, 0xFF, 0xFF }, \
  { 0xFF, 0xFF, 0xFF, 0xFF }, \
  { 0xFF, 0xFF, 0xFF, 0xFF }, \
  { 0xFF, 0xFF, 0xFF, 0xFF }, \
  { 0xFC, 0x4F, 0xD1, 0x05 }, \
  { 0x1C, 0x50, 0xF4, 0x11 }, \
  { 0x24, 0x50, 0x6D, 0x1B }, \
  { 0x04, 0x50, 0x38, 0x25 }, \
  { 0x0C, 0x50, 0x2D, 0x2D }, \
  { 0x14, 0x50, 0x16, 0x32 }, \
  { 0x2C, 0x50, 0xFF, 0x3F }, \
  { 0x2C, 0x50, 0x00, 0x40 }, \
  { 0xFC, 0x4F, 0xFF, 0xFF }, \
  { 0xFF, 0xFF, 0xFF, 0xFF }, \
  { 0xFF, 0xFF, 0xFF, 0xFF }, \
  { 0xFF, 0xFF, 0xFF, 0xFF }, \
  { 0xFF, 0xFF, 0xFF, 0xFC }, \
  { 0xFF, 0xFF, 0xFF, 0xFF }, \
} \
/* Tokei_PBS3_RAM_b0x20_v0x03_p0x00 */
#define PM_PBS_RAM_C_DATA  { \
 /* data, offset, baseaddr, sid */ \
  { 0x00, 0x00, 0x4F, 0xA3 }, \
  { 0x21, 0x1B, 0x00, 0x00 }, \
  { 0x50, 0x40, 0xFF, 0x83 }, \
  { 0x58, 0x40, 0xFF, 0x83 }, \
  { 0xFC, 0x41, 0xFF, 0x83 }, \
  { 0x00, 0x00, 0x00, 0x00 }, \
  { 0x00, 0x00, 0x00, 0x00 }, \
  { 0x00, 0x00, 0x00, 0x00 }, \
  { 0x00, 0x00, 0x00, 0x00 }, \
  { 0x20, 0x00, 0x00, 0x00 }, \
  { 0x12, 0x00, 0x00, 0x00 }, \
  { 0x77, 0x00, 0x00, 0x00 }, \
  { 0x00, 0xFC, 0x00, 0x00 }, \
  { 0xFF, 0xFF, 0xFF, 0xFF }, \
  { 0xFF, 0xFF, 0xFF, 0xFF }, \
  { 0xFF, 0xFF, 0xFF, 0xFF }, \
  { 0xFF, 0xFF, 0xFF, 0xFF }, \
  { 0xFF, 0xFF, 0xFF, 0xFF }, \
  { 0xFF, 0xFF, 0xFF, 0xFF }, \
  { 0xFF, 0xFF, 0xFF, 0xFF }, \
  { 0xFF, 0xFF, 0xFF, 0xFB }, \
  { 0xFF, 0xFF, 0xFF, 0xFC }, \
  { 0xFF, 0xFF, 0xFF, 0xFB }, \
  { 0xFF, 0xFF, 0xFF, 0xFB }, \
  { 0xFF, 0xFF, 0xFF, 0xFB }, \
  { 0x00, 0x00, 0x72, 0x29 }, \
  { 0x24, 0x40, 0x74, 0x29 }, \
  { 0xF4, 0xFF, 0x7E, 0xA3 }, \
  { 0x50, 0x49, 0x70, 0x29 }, \
  { 0xF2, 0x0A, 0xFF, 0x44 }, \
  { 0x3C, 0x00, 0xFF, 0x9B }, \
  { 0xF6, 0x48, 0xFF, 0x0C }, \
  { 0xFF, 0xF6, 0x79, 0x2A }, \
  { 0xF4, 0xFF, 0xFF, 0x9F }, \
  { 0xFF, 0xFF, 0xFF, 0xFB }, \
  { 0xFF, 0xFF, 0xFF, 0xFB }, \
  { 0xFF, 0xFF, 0xFF, 0xFB }, \
  { 0xFF, 0xFF, 0xFF, 0xFB }, \
  { 0xFF, 0xFF, 0xFF, 0xFB }, \
  { 0xFF, 0xFF, 0xFF, 0xFB }, \
  { 0x18, 0x40, 0x7C, 0x29 }, \
  { 0x28, 0x40, 0x76, 0x29 }, \
  { 0x90, 0x41, 0xFF, 0x9B }, \
  { 0x0E, 0x34, 0xFF, 0x93 }, \
  { 0x3C, 0x41, 0xFF, 0x83 }, \
  { 0xFF, 0xFF, 0xFF, 0xFB }, \
  { 0xFF, 0xFF, 0xFF, 0xFB }, \
  { 0xFF, 0xFF, 0xFF, 0xFB }, \
  { 0xFF, 0xFF, 0xFF, 0xFC }, \
  { 0xFF, 0xFF, 0xFF, 0xFB }, \
  { 0xFF, 0xFF, 0xFF, 0xFB }, \
  { 0xFF, 0xFF, 0xFF, 0xFB }, \
  { 0x14, 0x40, 0x7C, 0x29 }, \
  { 0x28, 0x40, 0x76, 0x29 }, \
  { 0xB0, 0x41, 0xFF, 0x9B }, \
  { 0x0E, 0x34, 0xFF, 0x93 }, \
  { 0x3C, 0x41, 0xFF, 0x83 }, \
  { 0xFF, 0xFF, 0xFF, 0xFB }, \
  { 0xFF, 0xFF, 0xFF, 0xFB }, \
  { 0xFF, 0xFF, 0xFF, 0xFB }, \
  { 0xFF, 0xFF, 0xFF, 0xFC }, \
  { 0xFF, 0xFF, 0xFF, 0xFB }, \
  { 0xFF, 0xFF, 0xFF, 0xFB }, \
  { 0xFF, 0xFF, 0xFF, 0xFB }, \
  { 0x20, 0x40, 0x7C, 0x29 }, \
  { 0x48, 0x00, 0xFF, 0x9B }, \
  { 0x3C, 0x41, 0xFF, 0x83 }, \
  { 0xFF, 0xFF, 0xFF, 0xFB }, \
  { 0xFF, 0xFF, 0xFF, 0xFB }, \
  { 0xFF, 0xFF, 0xFF, 0xFB }, \
  { 0xFF, 0xFF, 0xFF, 0xFB }, \
  { 0xFF, 0xFF, 0xFF, 0xFB }, \
  { 0xFF, 0xFF, 0xFF, 0xFB }, \
  { 0x1C, 0x40, 0x7C, 0x29 }, \
  { 0x50, 0x00, 0xFF, 0x9B }, \
  { 0x3C, 0x41, 0xFF, 0x83 }, \
  { 0xFF, 0xFF, 0xFF, 0xFB }, \
  { 0xFF, 0xFF, 0xFF, 0xFB }, \
  { 0xFF, 0xFF, 0xFF, 0xFB }, \
  { 0xFF, 0xFF, 0xFF, 0xFB }, \
  { 0xFF, 0xFF, 0xFF, 0xFB }, \
  { 0xFF, 0xFF, 0xFF, 0xFB }, \
  { 0x54, 0x00, 0xFF, 0x9B }, \
  { 0x24, 0x40, 0x74, 0x29 }, \
  { 0x58, 0x00, 0xFF, 0x9B }, \
  { 0x60, 0x00, 0x05, 0x60 }, \
  { 0x80, 0x49, 0x70, 0x29 }, \
  { 0x38, 0x00, 0xFF, 0x9B }, \
  { 0x64, 0x00, 0xFF, 0x9B }, \
  { 0x08, 0x9D, 0x70, 0x4F }, \
  { 0x00, 0x81, 0x01, 0x91 }, \
  { 0x2C, 0x40, 0x78, 0x29 }, \
  { 0x50, 0x44, 0xFF, 0x9B }, \
  { 0xF4, 0xFF, 0xFF, 0x9F }, \
  { 0xFF, 0xFF, 0xFF, 0xFB }, \
  { 0xFF, 0xFF, 0xFF, 0xFB }, \
  { 0xFF, 0xFF, 0xFF, 0xFB }, \
  { 0xFF, 0xFF, 0xFF, 0xFB }, \
  { 0xFF, 0xFF, 0xFF, 0xFB }, \
  { 0xFF, 0xFF, 0xFF, 0xFC }, \
  { 0x73, 0x00, 0x7A, 0x28 }, \
  { 0x12, 0x00, 0x7E, 0x29 }, \
  { 0xFC, 0xFF, 0xF0, 0xA3 }, \
  { 0x00, 0x10, 0xFF, 0xB7 }, \
  { 0xF2, 0x74, 0xFF, 0x45 }, \
  { 0xF1, 0x73, 0xFF, 0x44 }, \
  { 0x01, 0x76, 0xFF, 0x04 }, \
  { 0xFF, 0xFF, 0xFF, 0x8F }, \
  { 0x8B, 0x00, 0x7A, 0x28 }, \
  { 0x12, 0x00, 0x7E, 0x29 }, \
  { 0xFC, 0xFF, 0xF0, 0xA3 }, \
  { 0x00, 0x10, 0xFF, 0xB7 }, \
  { 0xF2, 0x8C, 0xFF, 0x45 }, \
  { 0xF1, 0x8B, 0xFF, 0x44 }, \
  { 0x01, 0x8E, 0xFF, 0x04 }, \
  { 0xFF, 0xFF, 0xFF, 0x8F }, \
  { 0xFF, 0xFF, 0xFF, 0xFC }, \
  { 0x00, 0x31, 0x1E, 0x50 }, \
  { 0xA5, 0x00, 0x70, 0x28 }, \
  { 0x00, 0xBE, 0x72, 0x73 }, \
  { 0x01, 0xBF, 0x72, 0x4F }, \
  { 0xA5, 0x11, 0xFF, 0x90 }, \
  { 0x80, 0x42, 0x20, 0x50 }, \
  { 0x00, 0xBE, 0x71, 0x50 }, \
  { 0x80, 0x31, 0x1E, 0x50 }, \
  { 0xFF, 0xFF, 0xFF, 0xFC }, \
  { 0xFF, 0xFF, 0xFF, 0xFC }, \
  { 0xFF, 0xFF, 0xFF, 0xFB }, \
  { 0xFF, 0xFF, 0xFF, 0xFB }, \
  { 0xFF, 0xFF, 0xFF, 0xFB }, \
  { 0x24, 0x40, 0x74, 0x29 }, \
  { 0x00, 0x4A, 0x70, 0x29 }, \
  { 0x83, 0x00, 0x7A, 0x29 }, \
  { 0xFF, 0xFF, 0xFF, 0xFB }, \
  { 0x18, 0x45, 0xFF, 0x83 }, \
  { 0xFF, 0xFF, 0xFF, 0xFF }, \
  { 0xFF, 0xFF, 0xFF, 0xFF }, \
  { 0xFF, 0xFF, 0xFF, 0xFF }, \
  { 0xFF, 0xFF, 0xFF, 0xFF }, \
  { 0xFF, 0xFF, 0xFF, 0xFF }, \
  { 0xFF, 0xFF, 0xFF, 0xFF }, \
  { 0xFF, 0xFF, 0xFF, 0xFF }, \
  { 0xFF, 0xFF, 0xFF, 0xFF }, \
  { 0xFF, 0xFF, 0xFF, 0xFF }, \
  { 0xFF, 0xFF, 0xFF, 0xFF }, \
  { 0xFF, 0xFF, 0xFF, 0xFF }, \
  { 0xFF, 0xFF, 0xFF, 0xFF }, \
  { 0xFF, 0xFF, 0xFF, 0xFF }, \
  { 0xFF, 0xFF, 0xFF, 0xFB }, \
  { 0xFF, 0xFF, 0xFF, 0xFB }, \
  { 0xFF, 0xFF, 0xFF, 0xFB }, \
  { 0x06, 0x00, 0x70, 0x28 }, \
  { 0xFF, 0xFF, 0xFF, 0xFC }, \
  { 0x01, 0x00, 0x70, 0x20 }, \
  { 0x00, 0x5A, 0x09, 0x73 }, \
  { 0xFF, 0xFF, 0xFF, 0xFC }, \
  { 0x78, 0x00, 0x7E, 0x29 }, \
  { 0xF7, 0x4E, 0xFF, 0x44 }, \
  { 0xA8, 0x45, 0xFF, 0x9B }, \
  { 0x08, 0x48, 0xFF, 0x9B }, \
  { 0x00, 0x5A, 0x78, 0x50 }, \
  { 0xFF, 0xFF, 0xFF, 0xFC }, \
  { 0x00, 0x46, 0x12, 0x50 }, \
  { 0x01, 0x00, 0xFF, 0xC1 }, \
  { 0x80, 0x46, 0x12, 0x50 }, \
  { 0xFF, 0xFF, 0xFF, 0xFB }, \
  { 0x0C, 0x00, 0xFF, 0xC1 }, \
  { 0x01, 0x00, 0xFF, 0xC1 }, \
  { 0x01, 0x00, 0xFE, 0xC1 }, \
  { 0x01, 0x00, 0xFE, 0xC1 }, \
  { 0x01, 0x00, 0xFE, 0xC1 }, \
  { 0x00, 0x46, 0x12, 0x50 }, \
  { 0xFF, 0xFF, 0xFF, 0xFC }, \
  { 0x01, 0x00, 0xFF, 0xC1 }, \
  { 0x80, 0x46, 0x12, 0x50 }, \
  { 0xFF, 0xFF, 0xFF, 0xFB }, \
  { 0x01, 0x00, 0xFF, 0xC1 }, \
  { 0x01, 0x00, 0xFE, 0xC1 }, \
  { 0x01, 0x00, 0xFE, 0xC1 }, \
  { 0x01, 0x00, 0xFE, 0xC1 }, \
  { 0x01, 0x00, 0x7E, 0x29 }, \
  { 0x00, 0x00, 0x74, 0x29 }, \
  { 0x00, 0x00, 0x72, 0x28 }, \
  { 0xFF, 0xFF, 0xFF, 0xFB }, \
  { 0x00, 0x43, 0xFF, 0x9B }, \
  { 0xF1, 0xFF, 0x74, 0x3D }, \
  { 0x01, 0x00, 0x7F, 0x20 }, \
  { 0x0E, 0xF5, 0xFF, 0x90 }, \
  { 0xD8, 0x42, 0xFF, 0x83 }, \
  { 0x04, 0x5C, 0x70, 0x73 }, \
  { 0x05, 0x5D, 0x70, 0x73 }, \
  { 0xFF, 0xFF, 0xFF, 0xFC }, \
  { 0xF2, 0x04, 0xFF, 0x44 }, \
  { 0x51, 0x20, 0xFF, 0xB7 }, \
  { 0x00, 0x80, 0xF4, 0x31 }, \
  { 0xFF, 0xFF, 0xFF, 0x8F }, \
  { 0xFF, 0xFF, 0xFF, 0xFB }, \
  { 0x00, 0x31, 0x1E, 0x50 }, \
  { 0x40, 0x00, 0x71, 0x28 }, \
  { 0x00, 0x00, 0x70, 0x28 }, \
  { 0x40, 0x03, 0xFF, 0x90 }, \
  { 0xFF, 0xFF, 0xFF, 0xFC }, \
  { 0x01, 0x00, 0x70, 0x20 }, \
  { 0xA5, 0x41, 0xFF, 0x91 }, \
  { 0x80, 0x31, 0x16, 0x50 }, \
  { 0xFF, 0xFF, 0xFF, 0xFC }, \
  { 0x20, 0x43, 0xFF, 0x83 }, \
  { 0xFF, 0xFF, 0xFF, 0xFF }, \
  { 0xFF, 0xFF, 0xFF, 0xFF }, \
  { 0xFF, 0xFF, 0xFF, 0xFF }, \
  { 0xFF, 0xFF, 0xFF, 0xFF }, \
  { 0xFF, 0xFF, 0xFF, 0xFF }, \
  { 0xFF, 0xFF, 0xFF, 0xFF }, \
  { 0xFF, 0xFF, 0xFF, 0xFF }, \
  { 0xFF, 0xFF, 0xFF, 0xFF }, \
  { 0xFF, 0xFF, 0xFF, 0xFF }, \
  { 0xFF, 0xFF, 0xFF, 0xFF }, \
  { 0xFF, 0xFF, 0xFF, 0xFF }, \
  { 0xFF, 0xFF, 0xFF, 0xFF }, \
  { 0xFF, 0xFF, 0xFF, 0xFF }, \
  { 0xFF, 0xFF, 0xFF, 0xFF }, \
  { 0xFF, 0xFF, 0xFF, 0xFF }, \
  { 0xFF, 0xFF, 0xFF, 0xFF }, \
  { 0xFF, 0xFF, 0xFF, 0xFF }, \
  { 0xFF, 0xFF, 0xFF, 0xFF }, \
  { 0xFF, 0xFF, 0xFF, 0xFF }, \
  { 0xFF, 0xFF, 0xFF, 0xFF }, \
  { 0xFF, 0xFF, 0xFF, 0xFF }, \
  { 0xFF, 0xFF, 0xFF, 0xFF }, \
  { 0xFF, 0xFF, 0xFF, 0xFF }, \
  { 0xFF, 0xFF, 0xFF, 0xFF }, \
  { 0xFF, 0xFF, 0xFF, 0xFF }, \
  { 0xFF, 0xFF, 0xFF, 0xFF }, \
  { 0xFF, 0xFF, 0xFF, 0xFF }, \
  { 0xFF, 0xFF, 0xFF, 0xFF }, \
  { 0xFF, 0xFF, 0xFF, 0xFF }, \
  { 0xFF, 0xFF, 0xFF, 0xFF }, \
  { 0xFF, 0xFF, 0xFF, 0xFF }, \
  { 0xFF, 0xFF, 0xFF, 0xFF }, \
  { 0xFF, 0xFF, 0xFF, 0xFF }, \
  { 0xFF, 0xFF, 0xFF, 0xFF }, \
  { 0xFF, 0xFF, 0xFF, 0xFF }, \
  { 0xFF, 0xFF, 0xFF, 0xFF }, \
  { 0xFF, 0xFF, 0xFF, 0xFF }, \
  { 0xFF, 0xFF, 0xFF, 0xFF }, \
  { 0xFF, 0xFF, 0xFF, 0xFF }, \
  { 0xFF, 0xFF, 0xFF, 0xFF }, \
  { 0xFF, 0xFF, 0xFF, 0xFF }, \
  { 0xFF, 0xFF, 0xFF, 0xFF }, \
  { 0xFF, 0xFF, 0xFF, 0xFF }, \
  { 0xFF, 0xFF, 0xFF, 0xFF }, \
  { 0xFF, 0xFF, 0xFF, 0xFF }, \
  { 0xFF, 0xFF, 0xFF, 0xFF }, \
  { 0xFF, 0xFF, 0xFF, 0xFF }, \
  { 0xFF, 0xFF, 0xFF, 0xFF }, \
  { 0xFF, 0xFF, 0xFF, 0xFF }, \
  { 0xFF, 0xFF, 0xFF, 0xFF }, \
  { 0xFF, 0xFF, 0xFF, 0xFF }, \
  { 0xFF, 0xFF, 0xFF, 0xFF }, \
  { 0xFF, 0xFF, 0xFF, 0xFF }, \
  { 0xFF, 0xFF, 0xFF, 0xFF }, \
  { 0xFF, 0xFF, 0xFF, 0xFF }, \
  { 0xFF, 0xFF, 0xFF, 0xFF }, \
  { 0xFF, 0xFF, 0xFF, 0xFF }, \
  { 0xFF, 0xFF, 0xFF, 0xFF }, \
  { 0xFF, 0xFF, 0xFF, 0xFF }, \
  { 0xFF, 0xFF, 0xFF, 0xFF }, \
  { 0xFF, 0xFF, 0xFF, 0xFF }, \
  { 0xFF, 0xFF, 0xFF, 0xFF }, \
  { 0xFF, 0xFF, 0xFF, 0xFF }, \
  { 0xFF, 0xFF, 0xFF, 0xFF }, \
  { 0xFF, 0xFF, 0xFF, 0xFF }, \
  { 0xFF, 0xFF, 0xFF, 0xFF }, \
  { 0xFF, 0xFF, 0xFF, 0xFF }, \
  { 0xFF, 0xFF, 0xFF, 0xFF }, \
  { 0xFF, 0xFF, 0xFF, 0xFF }, \
  { 0x00, 0xC0, 0xFF, 0xD9 }, \
  { 0xF8, 0xFF, 0x7E, 0xA3 }, \
  { 0xFF, 0xF2, 0x70, 0x2A }, \
  { 0x02, 0x4A, 0xFF, 0x04 }, \
  { 0x84, 0x44, 0xFF, 0x9B }, \
  { 0xFF, 0xF3, 0x70, 0x2A }, \
  { 0x02, 0x4A, 0xFF, 0x04 }, \
  { 0x84, 0x44, 0xFF, 0x9B }, \
  { 0x00, 0x54, 0x51, 0x4F }, \
  { 0x02, 0x4A, 0xFF, 0x04 }, \
  { 0x84, 0x44, 0xFF, 0x9B }, \
  { 0x00, 0xC0, 0xFF, 0xDB }, \
  { 0xFF, 0xFF, 0xFF, 0x8F }, \
  { 0xFE, 0x3F, 0xFF, 0xD9 }, \
  { 0xF1, 0x45, 0xFF, 0x44 }, \
  { 0xF2, 0x46, 0xFF, 0x44 }, \
  { 0xF3, 0x47, 0xFF, 0x44 }, \
  { 0xF4, 0x48, 0xFF, 0x44 }, \
  { 0xF5, 0x49, 0xFF, 0x44 }, \
  { 0xF6, 0x4A, 0xFF, 0x44 }, \
  { 0x01, 0x61, 0x01, 0xB7 }, \
  { 0xFF, 0xFE, 0x77, 0x2A }, \
  { 0xFE, 0xF3, 0x7E, 0x22 }, \
  { 0xF0, 0xF2, 0xFF, 0x0E }, \
  { 0x01, 0x00, 0x72, 0x20 }, \
  { 0xC0, 0x00, 0x7C, 0x28 }, \
  { 0xFC, 0x44, 0x7A, 0x29 }, \
  { 0xC2, 0xA1, 0xFF, 0xAE }, \
  { 0xFF, 0xF7, 0x7E, 0x2A }, \
  { 0xF2, 0x46, 0xFF, 0x0C }, \
  { 0xF3, 0x47, 0xFF, 0x0C }, \
  { 0x01, 0x00, 0x78, 0x28 }, \
  { 0xE8, 0x44, 0x7A, 0x29 }, \
  { 0x53, 0xA1, 0xFF, 0xAE }, \
  { 0x01, 0x00, 0xF6, 0x2C }, \
  { 0xF6, 0x4A, 0xFF, 0x0C }, \
  { 0xFE, 0x3F, 0xFF, 0xDB }, \
  { 0xFF, 0xFF, 0xFF, 0x8F }, \
  { 0xF4, 0x44, 0x7A, 0x29 }, \
  { 0x42, 0xA1, 0xFF, 0xAE }, \
  { 0xFF, 0xFF, 0xFF, 0x8F }, \
  { 0xF6, 0xF8, 0xF6, 0x32 }, \
  { 0xFF, 0xFF, 0xFF, 0x8F }, \
  { 0x4B, 0x00, 0x72, 0x28 }, \
  { 0x01, 0x00, 0x73, 0x20 }, \
  { 0x10, 0x45, 0x7A, 0x29 }, \
  { 0x13, 0xA5, 0xFF, 0xAE }, \
  { 0xFF, 0xFF, 0xFF, 0x8F }, \
  { 0x00, 0x00, 0x73, 0x28 }, \
  { 0xFF, 0xFF, 0xFF, 0x8F }, \
  { 0xFF, 0xFF, 0xFF, 0xFB }, \
  { 0xFF, 0xFF, 0xFF, 0xFB }, \
  { 0xFF, 0xFF, 0xFF, 0xFB }, \
  { 0x00, 0x00, 0x72, 0x29 }, \
  { 0xF4, 0xFF, 0x7E, 0xA3 }, \
  { 0x01, 0x00, 0x7E, 0x20 }, \
  { 0xFF, 0xFE, 0x73, 0x2A }, \
  { 0xF2, 0x0A, 0xFF, 0x44 }, \
  { 0x00, 0x00, 0x76, 0x29 }, \
  { 0xF2, 0xFF, 0x76, 0xBF }, \
  { 0xF6, 0x48, 0xFF, 0x0C }, \
  { 0x50, 0x00, 0x78, 0x28 }, \
  { 0x19, 0xE1, 0xFF, 0x94 }, \
  { 0x10, 0x00, 0x78, 0x20 }, \
  { 0x1D, 0xE1, 0xFF, 0x92 }, \
  { 0x10, 0x00, 0x78, 0x20 }, \
  { 0x21, 0xE1, 0xFF, 0x90 }, \
  { 0xFF, 0xFF, 0xFF, 0xFC }, \
  { 0xF7, 0xF8, 0x78, 0x22 }, \
  { 0x83, 0x00, 0x7E, 0x28 }, \
  { 0xF2, 0xF8, 0xFF, 0x46 }, \
  { 0x00, 0xF8, 0xFF, 0x06 }, \
  { 0x38, 0x00, 0xFF, 0x9B }, \
  { 0xF4, 0xFF, 0xFF, 0x9F }, \
  { 0xFF, 0xFF, 0xFF, 0xFB }, \
  { 0xFF, 0xFF, 0xFF, 0xFB }, \
  { 0xFF, 0xFF, 0xFF, 0xFB }, \
  { 0xFF, 0xFF, 0xFF, 0xFB }, \
  { 0xFF, 0xFF, 0xFF, 0xFC }, \
  { 0xFF, 0xFF, 0x78, 0x29 }, \
  { 0xFF, 0xFF, 0x7A, 0x29 }, \
  { 0xF4, 0xF0, 0x72, 0x27 }, \
  { 0xFF, 0x06, 0xFF, 0xB7 }, \
  { 0xF0, 0xFF, 0xF8, 0xA7 }, \
  { 0x04, 0x00, 0x70, 0x21 }, \
  { 0x94, 0x45, 0xFF, 0x83 }, \
  { 0xFF, 0x71, 0xFF, 0xB7 }, \
  { 0xE0, 0x46, 0xFF, 0x9B }, \
  { 0x78, 0x00, 0x7E, 0x29 }, \
  { 0xFF, 0x4D, 0xFF, 0x44 }, \
  { 0x40, 0x46, 0xFF, 0x9B }, \
  { 0x60, 0x46, 0xFF, 0x9B }, \
  { 0x80, 0x46, 0xFF, 0x9B }, \
  { 0xA0, 0x46, 0xFF, 0x9B }, \
  { 0xC0, 0x46, 0xFF, 0x9B }, \
  { 0x1F, 0x71, 0xFF, 0xB7 }, \
  { 0x26, 0x00, 0x7E, 0x28 }, \
  { 0xF0, 0x83, 0xFF, 0x44 }, \
  { 0xF9, 0xF0, 0xF0, 0x32 }, \
  { 0xF0, 0x83, 0xFF, 0x0C }, \
  { 0xF0, 0x36, 0xFF, 0x44 }, \
  { 0xFA, 0xF0, 0xF0, 0x32 }, \
  { 0xF0, 0x36, 0xFF, 0x0C }, \
  { 0x00, 0x5A, 0x78, 0x50 }, \
  { 0xFF, 0xFF, 0xFF, 0x8F }, \
  { 0xFF, 0x71, 0xFF, 0xB7 }, \
  { 0xE0, 0x46, 0xFF, 0x9B }, \
  { 0x78, 0x00, 0x7E, 0x29 }, \
  { 0xFF, 0x4D, 0xFF, 0x44 }, \
  { 0x40, 0x46, 0xFF, 0x9B }, \
  { 0x60, 0x46, 0xFF, 0x9B }, \
  { 0x80, 0x46, 0xFF, 0x9B }, \
  { 0xA0, 0x46, 0xFF, 0x9B }, \
  { 0xC0, 0x46, 0xFF, 0x9B }, \
  { 0x1F, 0x71, 0xFF, 0xB7 }, \
  { 0x26, 0x00, 0x7E, 0x28 }, \
  { 0xF0, 0x83, 0xFF, 0x44 }, \
  { 0xF9, 0xF0, 0xF0, 0x32 }, \
  { 0xF0, 0x83, 0xFF, 0x0C }, \
  { 0xF0, 0x36, 0xFF, 0x44 }, \
  { 0xFA, 0xF0, 0xF0, 0x32 }, \
  { 0xF0, 0x36, 0xFF, 0x0C }, \
  { 0x00, 0x5A, 0x78, 0x50 }, \
  { 0xFF, 0xFF, 0xFF, 0x8F }, \
  { 0x06, 0x70, 0xFF, 0xB7 }, \
  { 0x20, 0x00, 0x79, 0x28 }, \
  { 0x00, 0x00, 0x7A, 0x28 }, \
  { 0xFF, 0xFF, 0xFF, 0x8F }, \
  { 0x06, 0x70, 0xFF, 0xB7 }, \
  { 0x20, 0x00, 0x79, 0x28 }, \
  { 0x00, 0x00, 0x7A, 0x28 }, \
  { 0xFF, 0xFF, 0xFF, 0x8F }, \
  { 0x18, 0x70, 0xFF, 0xB7 }, \
  { 0x40, 0x00, 0x79, 0x28 }, \
  { 0x00, 0x00, 0x7A, 0x28 }, \
  { 0xFF, 0xFF, 0xFF, 0x8F }, \
  { 0x18, 0x70, 0xFF, 0xB7 }, \
  { 0x40, 0x00, 0x79, 0x28 }, \
  { 0x00, 0x00, 0x7A, 0x28 }, \
  { 0xFF, 0xFF, 0xFF, 0x8F }, \
  { 0x19, 0x70, 0xFF, 0xB7 }, \
  { 0x80, 0x00, 0x79, 0x28 }, \
  { 0x00, 0x00, 0x7A, 0x28 }, \
  { 0xFF, 0xFF, 0xFF, 0x8F }, \
  { 0x19, 0x70, 0xFF, 0xB7 }, \
  { 0x80, 0x00, 0x79, 0x28 }, \
  { 0x00, 0x00, 0x7A, 0x28 }, \
  { 0xFF, 0xFF, 0xFF, 0x8F }, \
  { 0x1A, 0x70, 0xFF, 0xB7 }, \
  { 0x00, 0x00, 0x79, 0x28 }, \
  { 0x02, 0x00, 0x7A, 0x28 }, \
  { 0xFF, 0xFF, 0xFF, 0x8F }, \
  { 0x1A, 0x70, 0xFF, 0xB7 }, \
  { 0x00, 0x00, 0x79, 0x28 }, \
  { 0x02, 0x00, 0x7A, 0x28 }, \
  { 0xFF, 0xFF, 0xFF, 0x8F }, \
  { 0x1F, 0x70, 0xFF, 0xB7 }, \
  { 0x83, 0x00, 0x7E, 0x29 }, \
  { 0x00, 0x5A, 0x78, 0x50 }, \
  { 0xFF, 0xFF, 0xFF, 0x8F }, \
  { 0x1F, 0x70, 0xFF, 0xB7 }, \
  { 0x83, 0x00, 0x7E, 0x29 }, \
  { 0x00, 0x5A, 0x78, 0x50 }, \
  { 0xFF, 0xFF, 0xFF, 0x8F }, \
  { 0x70, 0x00, 0x7E, 0x29 }, \
  { 0xF0, 0x5C, 0xFF, 0x44 }, \
  { 0xF1, 0x5D, 0xFF, 0x44 }, \
  { 0x0B, 0x00, 0x76, 0x28 }, \
  { 0x00, 0x08, 0x72, 0x29 }, \
  { 0x68, 0x00, 0x78, 0x28 }, \
  { 0x80, 0x47, 0x74, 0x29 }, \
  { 0x20, 0x41, 0xF2, 0xB3 }, \
  { 0x0C, 0x00, 0x76, 0x28 }, \
  { 0x00, 0x10, 0x72, 0x29 }, \
  { 0x6A, 0x00, 0x78, 0x28 }, \
  { 0x80, 0x47, 0x74, 0x29 }, \
  { 0x20, 0x41, 0xF2, 0xB3 }, \
  { 0x0D, 0x00, 0x76, 0x28 }, \
  { 0x00, 0x20, 0x72, 0x29 }, \
  { 0x6C, 0x00, 0x78, 0x28 }, \
  { 0x80, 0x47, 0x74, 0x29 }, \
  { 0x20, 0x41, 0xF2, 0xB3 }, \
  { 0x01, 0x6E, 0x78, 0x50 }, \
  { 0xFF, 0xFF, 0xFF, 0x8F }, \
  { 0x70, 0x00, 0x7E, 0x29 }, \
  { 0xF0, 0x5C, 0xFF, 0x44 }, \
  { 0xF1, 0x5D, 0xFF, 0x44 }, \
  { 0x0B, 0x00, 0x76, 0x28 }, \
  { 0x00, 0x08, 0x72, 0x29 }, \
  { 0x68, 0x00, 0x78, 0x28 }, \
  { 0x80, 0x47, 0x74, 0x29 }, \
  { 0x20, 0x41, 0xF2, 0xB3 }, \
  { 0x0C, 0x00, 0x76, 0x28 }, \
  { 0x00, 0x10, 0x72, 0x29 }, \
  { 0x6A, 0x00, 0x78, 0x28 }, \
  { 0x80, 0x47, 0x74, 0x29 }, \
  { 0x20, 0x41, 0xF2, 0xB3 }, \
  { 0x0D, 0x00, 0x76, 0x28 }, \
  { 0x00, 0x20, 0x72, 0x29 }, \
  { 0x6C, 0x00, 0x78, 0x28 }, \
  { 0x80, 0x47, 0x74, 0x29 }, \
  { 0x20, 0x41, 0xF2, 0xB3 }, \
  { 0x01, 0x6E, 0x78, 0x50 }, \
  { 0xFF, 0xFF, 0xFF, 0x8F }, \
  { 0x26, 0x00, 0x7E, 0x28 }, \
  { 0xFF, 0xF6, 0x7F, 0x2A }, \
  { 0xFC, 0x36, 0xFF, 0x44 }, \
  { 0xFD, 0x83, 0xFF, 0x44 }, \
  { 0xD0, 0x47, 0xFF, 0x9B }, \
  { 0x01, 0x00, 0xFC, 0x2C }, \
  { 0x1F, 0x00, 0xFD, 0x2C }, \
  { 0xFC, 0x36, 0xFF, 0x0C }, \
  { 0xFD, 0x83, 0xFF, 0x0C }, \
  { 0xFF, 0xFF, 0xFF, 0x8F }, \
  { 0x26, 0x00, 0x7E, 0x28 }, \
  { 0xFF, 0xF6, 0x7F, 0x2A }, \
  { 0xFC, 0x36, 0xFF, 0x44 }, \
  { 0xFD, 0x83, 0xFF, 0x44 }, \
  { 0xD0, 0x47, 0xFF, 0x9B }, \
  { 0x01, 0x00, 0xFC, 0x2C }, \
  { 0x1F, 0x00, 0xFD, 0x2C }, \
  { 0xFC, 0x36, 0xFF, 0x0C }, \
  { 0xFD, 0x83, 0xFF, 0x0C }, \
  { 0xFF, 0xFF, 0xFF, 0x8F }, \
  { 0x04, 0x6E, 0x78, 0x4F }, \
  { 0x01, 0x41, 0xFF, 0xB7 }, \
  { 0x00, 0xC0, 0xFF, 0xD9 }, \
  { 0x78, 0x00, 0x7E, 0x29 }, \
  { 0xFC, 0xF8, 0xFF, 0x0F }, \
  { 0x00, 0xC0, 0xFF, 0xDB }, \
  { 0xFF, 0xFF, 0xFF, 0x8F }, \
  { 0x04, 0x6E, 0x78, 0x4F }, \
  { 0x01, 0x41, 0xFF, 0xB7 }, \
  { 0x00, 0xC0, 0xFF, 0xD9 }, \
  { 0x78, 0x00, 0x7E, 0x29 }, \
  { 0xFC, 0xF8, 0xFF, 0x0F }, \
  { 0x00, 0xC0, 0xFF, 0xDB }, \
  { 0xFF, 0xFF, 0xFF, 0x8F }, \
  { 0xFF, 0x70, 0xFF, 0xB7 }, \
  { 0x70, 0x00, 0x7E, 0x29 }, \
  { 0xF0, 0x5C, 0xFF, 0x44 }, \
  { 0xF1, 0x5D, 0xFF, 0x44 }, \
  { 0x0B, 0x00, 0x76, 0x28 }, \
  { 0x00, 0x08, 0x72, 0x29 }, \
  { 0x68, 0x00, 0x78, 0x28 }, \
  { 0xB0, 0x48, 0x74, 0x29 }, \
  { 0x20, 0x41, 0xF2, 0xB3 }, \
  { 0x0C, 0x00, 0x76, 0x28 }, \
  { 0x00, 0x10, 0x72, 0x29 }, \
  { 0x6A, 0x00, 0x78, 0x28 }, \
  { 0xB0, 0x48, 0x74, 0x29 }, \
  { 0x20, 0x41, 0xF2, 0xB3 }, \
  { 0x0D, 0x00, 0x76, 0x28 }, \
  { 0x00, 0x20, 0x72, 0x29 }, \
  { 0x6C, 0x00, 0x78, 0x28 }, \
  { 0xB0, 0x48, 0x74, 0x29 }, \
  { 0x20, 0x41, 0xF2, 0xB3 }, \
  { 0x00, 0x5A, 0x78, 0x50 }, \
  { 0xFF, 0xFF, 0xFF, 0x8F }, \
  { 0xFF, 0x70, 0xFF, 0xB7 }, \
  { 0x70, 0x00, 0x7E, 0x29 }, \
  { 0xF0, 0x5C, 0xFF, 0x44 }, \
  { 0xF1, 0x5D, 0xFF, 0x44 }, \
  { 0x0B, 0x00, 0x76, 0x28 }, \
  { 0x00, 0x08, 0x72, 0x29 }, \
  { 0x68, 0x00, 0x78, 0x28 }, \
  { 0xB0, 0x48, 0x74, 0x29 }, \
  { 0x20, 0x41, 0xF2, 0xB3 }, \
  { 0x0C, 0x00, 0x76, 0x28 }, \
  { 0x00, 0x10, 0x72, 0x29 }, \
  { 0x6A, 0x00, 0x78, 0x28 }, \
  { 0xB0, 0x48, 0x74, 0x29 }, \
  { 0x20, 0x41, 0xF2, 0xB3 }, \
  { 0x0D, 0x00, 0x76, 0x28 }, \
  { 0x00, 0x20, 0x72, 0x29 }, \
  { 0x6C, 0x00, 0x78, 0x28 }, \
  { 0xB0, 0x48, 0x74, 0x29 }, \
  { 0x20, 0x41, 0xF2, 0xB3 }, \
  { 0x00, 0x5A, 0x78, 0x50 }, \
  { 0xFF, 0xFF, 0xFF, 0x8F }, \
  { 0x78, 0x00, 0x7E, 0x29 }, \
  { 0xFC, 0xF8, 0xFF, 0x47 }, \
  { 0x26, 0x00, 0x7E, 0x28 }, \
  { 0xFF, 0xF6, 0x7F, 0x2A }, \
  { 0xFC, 0x36, 0xFF, 0x0C }, \
  { 0xFD, 0x83, 0xFF, 0x0C }, \
  { 0xFF, 0xFF, 0xFF, 0x8F }, \
  { 0x78, 0x00, 0x7E, 0x29 }, \
  { 0xFC, 0xF8, 0xFF, 0x47 }, \
  { 0x26, 0x00, 0x7E, 0x28 }, \
  { 0xFF, 0xF6, 0x7F, 0x2A }, \
  { 0xFC, 0x36, 0xFF, 0x0C }, \
  { 0xFD, 0x83, 0xFF, 0x0C }, \
  { 0xFF, 0xFF, 0xFF, 0x8F }, \
  { 0xFF, 0xFF, 0xFF, 0xFF }, \
  { 0xFF, 0xFF, 0xFF, 0xFF }, \
  { 0xFF, 0xFF, 0xFF, 0xFF }, \
  { 0xFF, 0xFF, 0xFF, 0xFF }, \
  { 0xFF, 0xFF, 0xFF, 0xFF }, \
  { 0xFF, 0xFF, 0xFF, 0xFF }, \
  { 0xFF, 0xFF, 0xFF, 0xFF }, \
  { 0xFF, 0xFF, 0xFF, 0xFF }, \
  { 0xFF, 0xFF, 0xFF, 0xFF }, \
  { 0xFF, 0xFF, 0xFF, 0xFF }, \
  { 0xFF, 0xFF, 0xFF, 0xFF }, \
  { 0xFF, 0xFF, 0xFF, 0xFF }, \
  { 0xFF, 0xFF, 0xFF, 0xFF }, \
  { 0xFF, 0xFF, 0xFF, 0xFF }, \
  { 0xFF, 0xFF, 0xFF, 0xFF }, \
  { 0xFF, 0xFF, 0xFF, 0xFB }, \
  { 0xFF, 0xFF, 0xFF, 0xFC }, \
  { 0x50, 0x4A, 0x70, 0x29 }, \
  { 0x04, 0x00, 0x70, 0x21 }, \
  { 0xFC, 0x7F, 0x74, 0x29 }, \
  { 0x8C, 0x45, 0xFF, 0x9B }, \
  { 0xFF, 0xFF, 0xFF, 0xFC }, \
  { 0xFF, 0xFF, 0xFF, 0xFF }, \
  { 0xFF, 0xFF, 0xFF, 0xFF }, \
  { 0xFF, 0xFF, 0xFF, 0xFF }, \
  { 0xFF, 0xFF, 0xFF, 0xFF }, \
  { 0xC4, 0x40, 0x08, 0x00 }, \
  { 0x18, 0x41, 0x10, 0x00 }, \
  { 0x94, 0x40, 0x02, 0x00 }, \
  { 0xF4, 0x40, 0x04, 0x00 }, \
  { 0xD0, 0x41, 0x40, 0x00 }, \
  { 0xD4, 0x41, 0x80, 0x00 }, \
  { 0x88, 0x41, 0xFF, 0xFF }, \
  { 0xFF, 0xFF, 0xFF, 0xFF }, \
  { 0xFF, 0xFF, 0xFF, 0xFF }, \
  { 0xFF, 0xFF, 0xFF, 0xFF }, \
  { 0xFF, 0xFF, 0xFF, 0xFF }, \
  { 0xFF, 0xFF, 0xFF, 0xFF }, \
  { 0x88, 0x41, 0x84, 0xA0 }, \
  { 0x64, 0x42, 0x61, 0xB2 }, \
  { 0x88, 0x41, 0xFF, 0xFF }, \
  { 0xFF, 0xFF, 0xFF, 0xFF }, \
  { 0xFF, 0xFF, 0xFF, 0xFF }, \
  { 0xFF, 0xFF, 0xFF, 0xFF }, \
  { 0xFF, 0xFF, 0xFF, 0xFF }, \
  { 0xFF, 0xFF, 0xFF, 0xFF }, \
  { 0xFF, 0xFF, 0xFF, 0xFF }, \
  { 0xFF, 0xFF, 0xFF, 0xFF }, \
  { 0xFF, 0xFF, 0xFF, 0xFF }, \
  { 0xFF, 0xFF, 0xFF, 0xFF }, \
  { 0xFF, 0xFF, 0xFF, 0xFF }, \
  { 0xFF, 0xFF, 0xFF, 0xFF }, \
  { 0xFF, 0xFF, 0xFF, 0xFF }, \
  { 0xFF, 0xFF, 0xFF, 0xFF }, \
  { 0xFF, 0xFF, 0xFF, 0xFF }, \
  { 0xFF, 0xFF, 0xFF, 0xFF }, \
  { 0xFF, 0xFF, 0xFF, 0xFF }, \
  { 0xFF, 0xFF, 0xFF, 0xFF }, \
  { 0xFF, 0xFF, 0xFF, 0xFF }, \
  { 0xFF, 0xFF, 0xFF, 0xFF }, \
  { 0xFF, 0xFF, 0xFF, 0xFF }, \
  { 0xFF, 0xFF, 0xFF, 0xFF }, \
  { 0xFF, 0xFF, 0xFF, 0xFF }, \
  { 0xFF, 0xFF, 0xFF, 0xFF }, \
  { 0xFF, 0xFF, 0xFF, 0xFF }, \
  { 0xFF, 0xFF, 0xFF, 0xFF }, \
  { 0xFF, 0xFF, 0xFF, 0xFF }, \
  { 0xFF, 0xFF, 0xFF, 0xFF }, \
  { 0xFF, 0xFF, 0xFF, 0xFF }, \
  { 0xFF, 0xFF, 0xFF, 0xFF }, \
  { 0x88, 0x42, 0x03, 0x21 }, \
  { 0xB4, 0x42, 0x02, 0x21 }, \
  { 0x2C, 0x49, 0x10, 0x21 }, \
  { 0x70, 0x42, 0x01, 0x21 }, \
  { 0x10, 0x43, 0xAA, 0x21 }, \
  { 0x88, 0x41, 0xFF, 0xFF }, \
  { 0xFF, 0xFF, 0xFF, 0xFF }, \
  { 0xFF, 0xFF, 0xFF, 0xFF }, \
  { 0xFF, 0xFF, 0xFF, 0xFF }, \
  { 0xFF, 0xFF, 0xFF, 0xFF }, \
  { 0xFF, 0xFF, 0xFF, 0xFF }, \
  { 0xFF, 0xFF, 0xFF, 0xFF }, \
  { 0xFF, 0xFF, 0xFF, 0xFF }, \
  { 0xFF, 0xFF, 0xFF, 0xFF }, \
  { 0xFF, 0xFF, 0xFF, 0xFF }, \
  { 0xFF, 0xFF, 0xFF, 0xFF }, \
  { 0xFF, 0xFF, 0xFF, 0xFF }, \
  { 0xFF, 0xFF, 0xFF, 0xFF }, \
  { 0xFF, 0xFF, 0xFF, 0xFF }, \
  { 0xFF, 0xFF, 0xFF, 0xFF }, \
  { 0xFF, 0xFF, 0xFF, 0xFC }, \
  { 0xFF, 0xFF, 0xFF, 0xFF }, \
} \
/* Puhi_RAM_b0x00_v0x0D_p0x00 */
#define PM_PBS_RAM_D_DATA  { \
 /* data, offset, baseaddr, sid */ \
  { 0x00, 0x00, 0xDB, 0xC2 }, \
  { 0x01, 0x25, 0x00, 0x00 }, \
  { 0x28, 0x04, 0xFF, 0x83 }, \
  { 0x84, 0x04, 0xFF, 0x83 }, \
  { 0x30, 0x04, 0xFF, 0x83 }, \
  { 0xFF, 0xFF, 0xFF, 0xFF }, \
  { 0xFF, 0xFF, 0xFF, 0xFF }, \
  { 0xFF, 0xFF, 0xFF, 0xFF }, \
  { 0xFF, 0xFF, 0xFF, 0xFF }, \
  { 0x18, 0x03, 0x00, 0x00 }, \
  { 0xC0, 0x04, 0xFF, 0x83 }, \
  { 0xFF, 0xFF, 0xFF, 0xFC }, \
  { 0xF0, 0x0A, 0x19, 0x40 }, \
  { 0x80, 0x00, 0xF0, 0x2C }, \
  { 0x82, 0x48, 0x19, 0x00 }, \
  { 0x80, 0x01, 0x80, 0x96 }, \
  { 0x06, 0x98, 0x08, 0x00 }, \
  { 0x04, 0x00, 0xFF, 0xC1 }, \
  { 0x07, 0x98, 0x08, 0x00 }, \
  { 0x40, 0xE0, 0x14, 0x00 }, \
  { 0x40, 0xE8, 0x0E, 0x00 }, \
  { 0x00, 0x00, 0xFF, 0x83 }, \
  { 0xFF, 0xFF, 0xFF, 0xFC }, \
  { 0xF0, 0x74, 0xF0, 0x40 }, \
  { 0x80, 0x00, 0xF0, 0x2C }, \
  { 0x80, 0x01, 0x80, 0x93 }, \
  { 0x6C, 0x04, 0xFF, 0x83 }, \
  { 0x87, 0x65, 0xF0, 0x00 }, \
  { 0x81, 0x74, 0xF0, 0x00 }, \
  { 0xFF, 0xFF, 0xFF, 0xFC }, \
  { 0xBB, 0x65, 0xF0, 0x00 }, \
  { 0x01, 0x74, 0xF0, 0x00 }, \
  { 0xFF, 0xFF, 0xFF, 0xFC }, \
  { 0xFF, 0xFF, 0xFF, 0xFB }, \
  { 0xFF, 0xFF, 0xFF, 0xFB }, \
  { 0xFF, 0xFF, 0xFF, 0xFB }, \
  { 0x00, 0x00, 0x72, 0x29 }, \
  { 0x24, 0x04, 0x74, 0x29 }, \
  { 0xF4, 0xFF, 0x7E, 0xA3 }, \
  { 0x00, 0x0B, 0x70, 0x29 }, \
  { 0xF2, 0x0A, 0xFF, 0x44 }, \
  { 0x0C, 0x0C, 0xFF, 0x9B }, \
  { 0xF6, 0x48, 0xFF, 0x0C }, \
  { 0xFF, 0xF6, 0x79, 0x2A }, \
  { 0xF4, 0xFF, 0xFF, 0x9F }, \
  { 0xFF, 0xFF, 0xFF, 0xFB }, \
  { 0xFF, 0xFF, 0xFF, 0xFB }, \
  { 0xFF, 0xFF, 0xFF, 0xFB }, \
  { 0xFF, 0xFF, 0xFF, 0xFB }, \
  { 0xFF, 0xFF, 0xFF, 0xFB }, \
  { 0xF0, 0x8D, 0x08, 0x40 }, \
  { 0x00, 0x00, 0xFF, 0x90 }, \
  { 0x00, 0x00, 0xFF, 0x83 }, \
  { 0x02, 0x01, 0x03, 0x93 }, \
  { 0x30, 0x05, 0xFF, 0xC1 }, \
  { 0xF0, 0x8D, 0x08, 0x40 }, \
  { 0x00, 0x00, 0x03, 0x90 }, \
  { 0x00, 0x00, 0xFF, 0x83 }, \
  { 0x01, 0x01, 0x01, 0x96 }, \
  { 0x1A, 0x21, 0xFF, 0xC1 }, \
  { 0x00, 0x8D, 0x08, 0x00 }, \
  { 0x01, 0x97, 0x08, 0x00 }, \
  { 0x03, 0x00, 0xFF, 0xC1 }, \
  { 0x03, 0x97, 0x08, 0x00 }, \
  { 0x40, 0x91, 0x08, 0x00 }, \
  { 0xFF, 0xFF, 0xFF, 0xFC }, \
  { 0x81, 0x54, 0x29, 0x00 }, \
  { 0x0B, 0x54, 0x28, 0x00 }, \
  { 0x03, 0x55, 0x28, 0x00 }, \
  { 0x02, 0x8D, 0x08, 0x00 }, \
  { 0x1A, 0x21, 0xFF, 0xC1 }, \
  { 0x00, 0x8D, 0x08, 0x00 }, \
  { 0x01, 0x97, 0x08, 0x00 }, \
  { 0x03, 0x00, 0xFF, 0xC1 }, \
  { 0x03, 0x97, 0x08, 0x00 }, \
  { 0x40, 0x91, 0x08, 0x00 }, \
  { 0xFF, 0xFF, 0xFF, 0xFC }, \
  { 0xFF, 0xFF, 0xFF, 0xFB }, \
  { 0xFF, 0xFF, 0xFF, 0xFB }, \
  { 0xFF, 0xFF, 0xFF, 0xFB }, \
  { 0x68, 0x0B, 0x7C, 0x29 }, \
  { 0xB8, 0x06, 0xFF, 0x9B }, \
  { 0x0E, 0x34, 0xFF, 0x93 }, \
  { 0xD4, 0x05, 0xFF, 0x83 }, \
  { 0xFF, 0xFF, 0xFF, 0xFB }, \
  { 0xFF, 0xFF, 0xFF, 0xFB }, \
  { 0xFF, 0xFF, 0xFF, 0xFB }, \
  { 0xFF, 0xFF, 0xFF, 0xFC }, \
  { 0xFF, 0xFF, 0xFF, 0xFB }, \
  { 0xFF, 0xFF, 0xFF, 0xFB }, \
  { 0xFF, 0xFF, 0xFF, 0xFB }, \
  { 0x64, 0x0B, 0x7C, 0x29 }, \
  { 0xD8, 0x06, 0xFF, 0x9B }, \
  { 0x0E, 0x34, 0xFF, 0x93 }, \
  { 0xD4, 0x05, 0xFF, 0x83 }, \
  { 0xFF, 0xFF, 0xFF, 0xFB }, \
  { 0xFF, 0xFF, 0xFF, 0xFB }, \
  { 0xFF, 0xFF, 0xFF, 0xFB }, \
  { 0xFF, 0xFF, 0xFF, 0xFC }, \
  { 0xFF, 0xFF, 0xFF, 0xFB }, \
  { 0xFF, 0xFF, 0xFF, 0xFB }, \
  { 0xFF, 0xFF, 0xFF, 0xFB }, \
  { 0x70, 0x0B, 0x7C, 0x29 }, \
  { 0xF8, 0x06, 0xFF, 0x9B }, \
  { 0xD4, 0x05, 0xFF, 0x83 }, \
  { 0xFF, 0xFF, 0xFF, 0xFB }, \
  { 0xFF, 0xFF, 0xFF, 0xFB }, \
  { 0xFF, 0xFF, 0xFF, 0xFB }, \
  { 0xFF, 0xFF, 0xFF, 0xFB }, \
  { 0xFF, 0xFF, 0xFF, 0xFB }, \
  { 0xFF, 0xFF, 0xFF, 0xFB }, \
  { 0x6C, 0x0B, 0x7C, 0x29 }, \
  { 0x08, 0x07, 0xFF, 0x9B }, \
  { 0xD4, 0x05, 0xFF, 0x83 }, \
  { 0xFF, 0xFF, 0xFF, 0xFB }, \
  { 0xFF, 0xFF, 0xFF, 0xFB }, \
  { 0xFF, 0xFF, 0xFF, 0xFB }, \
  { 0xFF, 0xFF, 0xFF, 0xFB }, \
  { 0xFF, 0xFF, 0xFF, 0xFB }, \
  { 0xFF, 0xFF, 0xFF, 0xFB }, \
  { 0x24, 0x0C, 0xFF, 0x9B }, \
  { 0x24, 0x04, 0x74, 0x29 }, \
  { 0xF3, 0xF1, 0x06, 0x40 }, \
  { 0x28, 0x0C, 0xFF, 0x9B }, \
  { 0x30, 0x0C, 0x05, 0x63 }, \
  { 0x30, 0x0B, 0x70, 0x29 }, \
  { 0x08, 0x0C, 0xFF, 0x9B }, \
  { 0x34, 0x0C, 0xFF, 0x9B }, \
  { 0xF4, 0xFF, 0xFF, 0x9F }, \
  { 0xFF, 0xFF, 0xFF, 0xFB }, \
  { 0xFF, 0xFF, 0xFF, 0xFB }, \
  { 0xFF, 0xFF, 0xFF, 0xFB }, \
  { 0xFF, 0xFF, 0xFF, 0xFB }, \
  { 0x45, 0x01, 0xFF, 0xC1 }, \
  { 0xFF, 0xFF, 0xFF, 0xFC }, \
  { 0xFF, 0xF1, 0x06, 0x40 }, \
  { 0xB0, 0x00, 0x7E, 0x28 }, \
  { 0xFB, 0x6F, 0xFF, 0x44 }, \
  { 0xFD, 0x70, 0xFF, 0x44 }, \
  { 0xFC, 0x45, 0xFF, 0x44 }, \
  { 0x80, 0xC1, 0x80, 0x90 }, \
  { 0xFF, 0xFF, 0xFF, 0xFC }, \
  { 0xF0, 0x72, 0xFF, 0x45 }, \
  { 0xF0, 0xFF, 0xFF, 0x9F }, \
  { 0xFF, 0xFF, 0xFF, 0xFC }, \
  { 0xF1, 0x12, 0x1E, 0x40 }, \
  { 0x01, 0x11, 0x40, 0x90 }, \
  { 0x78, 0x06, 0xFF, 0x83 }, \
  { 0xF1, 0x12, 0x1E, 0x40 }, \
  { 0xFE, 0x00, 0xF1, 0x2C }, \
  { 0xF1, 0x12, 0x1E, 0x08 }, \
  { 0xF1, 0x13, 0x1E, 0x40 }, \
  { 0x01, 0x00, 0xF1, 0x30 }, \
  { 0xF1, 0x13, 0x1E, 0x08 }, \
  { 0xF1, 0x5D, 0xFA, 0x40 }, \
  { 0xC0, 0x00, 0xF1, 0x2C }, \
  { 0xF1, 0x5D, 0xFA, 0x08 }, \
  { 0xFF, 0xFF, 0xFF, 0xFC }, \
  { 0xF1, 0x13, 0x1E, 0x40 }, \
  { 0x01, 0x11, 0x40, 0x90 }, \
  { 0xFF, 0xFF, 0xFF, 0xFC }, \
  { 0xF1, 0x13, 0x1E, 0x40 }, \
  { 0xFE, 0x00, 0xF1, 0x2C }, \
  { 0xF1, 0x13, 0x1E, 0x08 }, \
  { 0xF1, 0x12, 0x1E, 0x40 }, \
  { 0x01, 0x00, 0xF1, 0x30 }, \
  { 0xF1, 0x12, 0x1E, 0x08 }, \
  { 0xF1, 0x5D, 0xFA, 0x40 }, \
  { 0xC0, 0x00, 0xF1, 0x2C }, \
  { 0xF1, 0x5D, 0xFA, 0x08 }, \
  { 0xFF, 0xFF, 0xFF, 0xFC }, \
  { 0x00, 0x45, 0xFA, 0x00 }, \
  { 0x00, 0x45, 0xF9, 0x00 }, \
  { 0x00, 0x45, 0xF8, 0x00 }, \
  { 0x73, 0x00, 0x7A, 0x28 }, \
  { 0x07, 0x03, 0x7E, 0x29 }, \
  { 0xFC, 0xFF, 0xF0, 0xA3 }, \
  { 0x00, 0x10, 0xFF, 0xB7 }, \
  { 0xF2, 0x74, 0xFF, 0x45 }, \
  { 0xF1, 0x73, 0xFF, 0x44 }, \
  { 0x01, 0x76, 0xFF, 0x04 }, \
  { 0xFF, 0xFF, 0xFF, 0x8F }, \
  { 0x8B, 0x00, 0x7A, 0x28 }, \
  { 0x07, 0x03, 0x7E, 0x29 }, \
  { 0xFC, 0xFF, 0xF0, 0xA3 }, \
  { 0x00, 0x10, 0xFF, 0xB7 }, \
  { 0xF2, 0x8C, 0xFF, 0x45 }, \
  { 0xF1, 0x8B, 0xFF, 0x44 }, \
  { 0x01, 0x8E, 0xFF, 0x04 }, \
  { 0xFF, 0xFF, 0xFF, 0x8F }, \
  { 0x7F, 0x00, 0x7A, 0x28 }, \
  { 0xFC, 0xFF, 0xF0, 0xA3 }, \
  { 0x00, 0x10, 0xFF, 0xB7 }, \
  { 0x14, 0x07, 0xFF, 0x83 }, \
  { 0x97, 0x00, 0x7A, 0x28 }, \
  { 0xFC, 0xFF, 0xF0, 0xA3 }, \
  { 0x00, 0x10, 0xFF, 0xB7 }, \
  { 0x05, 0x03, 0x7E, 0x29 }, \
  { 0xF1, 0xFA, 0xFF, 0x46 }, \
  { 0x01, 0x00, 0x7A, 0x20 }, \
  { 0xF2, 0xFA, 0xFF, 0x47 }, \
  { 0x01, 0x00, 0x7A, 0x24 }, \
  { 0xFF, 0xFF, 0xFF, 0x8F }, \
  { 0xF0, 0xF1, 0x01, 0x40 }, \
  { 0x04, 0x04, 0xFF, 0x90 }, \
  { 0xFF, 0xFF, 0xFF, 0xFC }, \
  { 0xF0, 0x00, 0x01, 0x40 }, \
  { 0x10, 0x00, 0xF0, 0x2C }, \
  { 0x10, 0x01, 0x10, 0x90 }, \
  { 0xFF, 0xFF, 0xFF, 0xFC }, \
  { 0xF0, 0xFF, 0x01, 0x40 }, \
  { 0xF0, 0xF2, 0x51, 0x08 }, \
  { 0xFF, 0xFF, 0xFF, 0xFC }, \
  { 0xFF, 0xFF, 0xFF, 0xFF }, \
  { 0xFF, 0xFF, 0xFF, 0xFF }, \
  { 0xFF, 0xFF, 0xFF, 0xFF }, \
  { 0xFF, 0xFF, 0xFF, 0xFF }, \
  { 0xFF, 0xFF, 0xFF, 0xFF }, \
  { 0xFF, 0xFF, 0xFF, 0xFF }, \
  { 0xFF, 0xFF, 0xFF, 0xFF }, \
  { 0xFF, 0xFF, 0xFF, 0xFF }, \
  { 0xFF, 0xFF, 0xFF, 0xFF }, \
  { 0xFF, 0xFF, 0xFF, 0xFF }, \
  { 0xFF, 0xFF, 0xFF, 0xFF }, \
  { 0xFF, 0xFF, 0xFF, 0xFF }, \
  { 0xFF, 0xFF, 0xFF, 0xFF }, \
  { 0xFF, 0xFF, 0xFF, 0xFF }, \
  { 0xFF, 0xFF, 0xFF, 0xFF }, \
  { 0xFF, 0xFF, 0xFF, 0xFF }, \
  { 0xFF, 0xFF, 0xFF, 0xFF }, \
  { 0xFF, 0xFF, 0xFF, 0xFF }, \
  { 0xFF, 0xFF, 0xFF, 0xFF }, \
  { 0xFF, 0xFF, 0xFF, 0xFF }, \
  { 0xFF, 0xFF, 0xFF, 0xFF }, \
  { 0xFF, 0xFF, 0xFF, 0xFF }, \
  { 0xFF, 0xFF, 0xFF, 0xFF }, \
  { 0xFF, 0xFF, 0xFF, 0xFF }, \
  { 0xFF, 0xFF, 0xFF, 0xFF }, \
  { 0xFF, 0xFF, 0xFF, 0xFF }, \
  { 0xFF, 0xFF, 0xFF, 0xFF }, \
  { 0xFF, 0xFF, 0xFF, 0xFF }, \
  { 0xFF, 0xFF, 0xFF, 0xFF }, \
  { 0xFF, 0xFF, 0xFF, 0xFF }, \
  { 0xFF, 0xFF, 0xFF, 0xFF }, \
  { 0xFF, 0xFF, 0xFF, 0xFF }, \
  { 0xFF, 0xFF, 0xFF, 0xFF }, \
  { 0xFF, 0xFF, 0xFF, 0xFF }, \
  { 0xFF, 0xFF, 0xFF, 0xFF }, \
  { 0xFF, 0xFF, 0xFF, 0xFF }, \
  { 0xFF, 0xFF, 0xFF, 0xFF }, \
  { 0xFF, 0xFF, 0xFF, 0xFF }, \
  { 0xFF, 0xFF, 0xFF, 0xFF }, \
  { 0xFF, 0xFF, 0xFF, 0xFF }, \
  { 0xFF, 0xFF, 0xFF, 0xFF }, \
  { 0xFF, 0xFF, 0xFF, 0xFF }, \
  { 0xFF, 0xFF, 0xFF, 0xFF }, \
  { 0xFF, 0xFF, 0xFF, 0xFF }, \
  { 0xFF, 0xFF, 0xFF, 0xFF }, \
  { 0xFF, 0xFF, 0xFF, 0xFF }, \
  { 0xFF, 0xFF, 0xFF, 0xFF }, \
  { 0xFF, 0xFF, 0xFF, 0xFF }, \
  { 0xFF, 0xFF, 0xFF, 0xFF }, \
  { 0xFF, 0xFF, 0xFF, 0xFF }, \
  { 0xFF, 0xFF, 0xFF, 0xFF }, \
  { 0xFF, 0xFF, 0xFF, 0xFF }, \
  { 0xFF, 0xFF, 0xFF, 0xFF }, \
  { 0xFF, 0xFF, 0xFF, 0xFF }, \
  { 0xFF, 0xFF, 0xFF, 0xFF }, \
  { 0xFF, 0xFF, 0xFF, 0xFF }, \
  { 0xFF, 0xFF, 0xFF, 0xFF }, \
  { 0xFF, 0xFF, 0xFF, 0xFF }, \
  { 0xFF, 0xFF, 0xFF, 0xFF }, \
  { 0xFF, 0xFF, 0xFF, 0xFF }, \
  { 0xFF, 0xFF, 0xFF, 0xFF }, \
  { 0xFF, 0xFF, 0xFF, 0xFF }, \
  { 0xFF, 0xFF, 0xFF, 0xFF }, \
  { 0xFF, 0xFF, 0xFF, 0xFF }, \
  { 0xFF, 0xFF, 0xFF, 0xFF }, \
  { 0xFF, 0xFF, 0xFF, 0xFF }, \
  { 0xFF, 0xFF, 0xFF, 0xFF }, \
  { 0xFF, 0xFF, 0xFF, 0xFF }, \
  { 0xFF, 0xFF, 0xFF, 0xFF }, \
  { 0xFF, 0xFF, 0xFF, 0xFF }, \
  { 0xFF, 0xFF, 0xFF, 0xFF }, \
  { 0xFF, 0xFF, 0xFF, 0xFF }, \
  { 0xFF, 0xFF, 0xFF, 0xFF }, \
  { 0xFF, 0xFF, 0xFF, 0xFF }, \
  { 0xFF, 0xFF, 0xFF, 0xFF }, \
  { 0xFF, 0xFF, 0xFF, 0xFF }, \
  { 0xFF, 0xFF, 0xFF, 0xFF }, \
  { 0xFF, 0xFF, 0xFF, 0xFF }, \
  { 0xFF, 0xFF, 0xFF, 0xFF }, \
  { 0xFF, 0xFF, 0xFF, 0xFF }, \
  { 0xFF, 0xFF, 0xFF, 0xFF }, \
  { 0xFF, 0xFF, 0xFF, 0xFF }, \
  { 0xFF, 0xFF, 0xFF, 0xFF }, \
  { 0xFF, 0xFF, 0xFF, 0xFF }, \
  { 0xFF, 0xFF, 0xFF, 0xFF }, \
  { 0xFF, 0xFF, 0xFF, 0xFF }, \
  { 0xFF, 0xFF, 0xFF, 0xFF }, \
  { 0xFF, 0xFF, 0xFF, 0xFF }, \
  { 0xFF, 0xFF, 0xFF, 0xFF }, \
  { 0xFF, 0xFF, 0xFF, 0xFF }, \
  { 0xFF, 0xFF, 0xFF, 0xFF }, \
  { 0xFF, 0xFF, 0xFF, 0xFF }, \
  { 0xFF, 0xFF, 0xFF, 0xFF }, \
  { 0xFF, 0xFF, 0xFF, 0xFF }, \
  { 0xFF, 0xFF, 0xFF, 0xFF }, \
  { 0xFF, 0xFF, 0xFF, 0xFF }, \
  { 0xFF, 0xFF, 0xFF, 0xFF }, \
  { 0xFF, 0xFF, 0xFF, 0xFF }, \
  { 0xFF, 0xFF, 0xFF, 0xFF }, \
  { 0xFF, 0xFF, 0xFF, 0xFF }, \
  { 0xFF, 0xFF, 0xFF, 0xFF }, \
  { 0xFF, 0xFF, 0xFF, 0xFF }, \
  { 0xFF, 0xFF, 0xFF, 0xFF }, \
  { 0xFF, 0xFF, 0xFF, 0xFF }, \
  { 0xFF, 0xFF, 0xFF, 0xFF }, \
  { 0xFF, 0xFF, 0xFF, 0xFF }, \
  { 0xFF, 0xFF, 0xFF, 0xFF }, \
  { 0xFF, 0xFF, 0xFF, 0xFB }, \
  { 0xFF, 0xFF, 0xFF, 0xFC }, \
  { 0x0C, 0x09, 0xFF, 0x83 }, \
  { 0xC0, 0x0B, 0x70, 0x29 }, \
  { 0x04, 0x00, 0x70, 0x21 }, \
  { 0xFC, 0x0B, 0x74, 0x29 }, \
  { 0x20, 0x09, 0xFF, 0x9B }, \
  { 0xFF, 0xFF, 0xFF, 0xFC }, \
  { 0xFF, 0xFF, 0x78, 0x29 }, \
  { 0xFF, 0xFF, 0x7A, 0x29 }, \
  { 0xF4, 0xF0, 0x72, 0x27 }, \
  { 0xFF, 0x06, 0xFF, 0xB7 }, \
  { 0xF0, 0xFF, 0xF8, 0xA7 }, \
  { 0x04, 0x00, 0x70, 0x21 }, \
  { 0x28, 0x09, 0xFF, 0x83 }, \
  { 0xFF, 0xFF, 0xFF, 0xFF }, \
  { 0xFF, 0xFF, 0xFF, 0xFF }, \
  { 0xFF, 0xFF, 0xFF, 0xFF }, \
  { 0xFF, 0xFF, 0xFF, 0xFF }, \
  { 0xFF, 0xFF, 0xFF, 0xFF }, \
  { 0xFF, 0xFF, 0xFF, 0xFF }, \
  { 0xFF, 0xFF, 0xFF, 0xFF }, \
  { 0xFF, 0xFF, 0xFF, 0xFF }, \
  { 0xFF, 0xFF, 0xFF, 0xFF }, \
  { 0xFF, 0xFF, 0xFF, 0xFF }, \
  { 0xFF, 0xFF, 0xFF, 0xFF }, \
  { 0xFF, 0xFF, 0xFF, 0xFF }, \
  { 0xFF, 0xFF, 0xFF, 0xFF }, \
  { 0xFF, 0xFF, 0xFF, 0xFF }, \
  { 0xFF, 0xFF, 0xFF, 0xFF }, \
  { 0xFF, 0xFF, 0xFF, 0xFF }, \
  { 0xFF, 0xFF, 0xFF, 0xFF }, \
  { 0xFF, 0xFF, 0xFF, 0xFF }, \
  { 0xFF, 0xFF, 0xFF, 0xFF }, \
  { 0xFF, 0xFF, 0xFF, 0xFF }, \
  { 0xFF, 0xFF, 0xFF, 0xFF }, \
  { 0xFF, 0xFF, 0xFF, 0xFF }, \
  { 0xFF, 0xFF, 0xFF, 0xFF }, \
  { 0xFF, 0xFF, 0xFF, 0xFF }, \
  { 0xFF, 0xFF, 0xFF, 0xFF }, \
  { 0xFF, 0xFF, 0xFF, 0xFF }, \
  { 0xFF, 0xFF, 0xFF, 0xFF }, \
  { 0xFF, 0xFF, 0xFF, 0xFF }, \
  { 0xFF, 0xFF, 0xFF, 0xFF }, \
  { 0xFF, 0xFF, 0xFF, 0xFF }, \
  { 0xFF, 0xFF, 0xFF, 0xFF }, \
  { 0xFF, 0xFF, 0xFF, 0xFF }, \
  { 0xFF, 0xFF, 0xFF, 0xFF }, \
  { 0xFF, 0xFF, 0xFF, 0xFF }, \
  { 0xFF, 0xFF, 0xFF, 0xFF }, \
  { 0xFF, 0xFF, 0xFF, 0xFF }, \
  { 0xFF, 0xFF, 0xFF, 0xFF }, \
  { 0xFF, 0xFF, 0xFF, 0xFF }, \
  { 0xFF, 0xFF, 0xFF, 0xFF }, \
  { 0xFF, 0xFF, 0xFF, 0xFF }, \
  { 0xFF, 0xFF, 0xFF, 0xFF }, \
  { 0xFF, 0xFF, 0xFF, 0xFF }, \
  { 0xFF, 0xFF, 0xFF, 0xFF }, \
  { 0xFF, 0xFF, 0xFF, 0xFF }, \
  { 0xFF, 0xFF, 0xFF, 0xFF }, \
  { 0xFF, 0xFF, 0xFF, 0xFF }, \
  { 0xFF, 0xFF, 0xFF, 0xFF }, \
  { 0xFF, 0xFF, 0xFF, 0xFF }, \
  { 0xFF, 0xFF, 0xFF, 0xFF }, \
  { 0xFF, 0xFF, 0xFF, 0xFF }, \
  { 0xFF, 0xFF, 0xFF, 0xFF }, \
  { 0xFF, 0xFF, 0xFF, 0xFF }, \
  { 0xFF, 0xFF, 0xFF, 0xFF }, \
  { 0xFF, 0xFF, 0xFF, 0xFF }, \
  { 0xFF, 0xFF, 0xFF, 0xFF }, \
  { 0xFF, 0xFF, 0xFF, 0xFF }, \
  { 0xFF, 0xFF, 0xFF, 0xFF }, \
  { 0xFF, 0xFF, 0xFF, 0xFF }, \
  { 0xFF, 0xFF, 0xFF, 0xFF }, \
  { 0xFF, 0xFF, 0xFF, 0xFF }, \
  { 0xFF, 0xFF, 0xFF, 0xFF }, \
  { 0xFF, 0xFF, 0xFF, 0xFF }, \
  { 0xFF, 0xFF, 0xFF, 0xFF }, \
  { 0xFF, 0xFF, 0xFF, 0xFF }, \
  { 0xFF, 0xFF, 0xFF, 0xFF }, \
  { 0xFF, 0xFF, 0xFF, 0xFF }, \
  { 0xFF, 0xFF, 0xFF, 0xFF }, \
  { 0xFF, 0xFF, 0xFF, 0xFF }, \
  { 0xFF, 0xFF, 0xFF, 0xFF }, \
  { 0xFF, 0xFF, 0xFF, 0xFF }, \
  { 0xFF, 0xFF, 0xFF, 0xFF }, \
  { 0xFF, 0xFF, 0xFF, 0xFF }, \
  { 0xFF, 0xFF, 0xFF, 0xFF }, \
  { 0xFF, 0xFF, 0xFF, 0xFF }, \
  { 0xFF, 0xFF, 0xFF, 0xFF }, \
  { 0xFF, 0xFF, 0xFF, 0xFF }, \
  { 0xFF, 0xFF, 0xFF, 0xFF }, \
  { 0xFF, 0xFF, 0xFF, 0xFF }, \
  { 0xFF, 0xFF, 0xFF, 0xFF }, \
  { 0xFF, 0xFF, 0xFF, 0xFF }, \
  { 0xFF, 0xFF, 0xFF, 0xFF }, \
  { 0xFF, 0xFF, 0xFF, 0xFF }, \
  { 0xFF, 0xFF, 0xFF, 0xFF }, \
  { 0xFF, 0xFF, 0xFF, 0xFF }, \
  { 0xFF, 0xFF, 0xFF, 0xFF }, \
  { 0xFF, 0xFF, 0xFF, 0xFF }, \
  { 0xFF, 0xFF, 0xFF, 0xFF }, \
  { 0xFF, 0xFF, 0xFF, 0xFF }, \
  { 0xFF, 0xFF, 0xFF, 0xFF }, \
  { 0xFF, 0xFF, 0xFF, 0xFF }, \
  { 0xFF, 0xFF, 0xFF, 0xFF }, \
  { 0xFF, 0xFF, 0xFF, 0xFF }, \
  { 0xFF, 0xFF, 0xFF, 0xFF }, \
  { 0xFF, 0xFF, 0xFF, 0xFF }, \
  { 0xFF, 0xFF, 0xFF, 0xFF }, \
  { 0xFF, 0xFF, 0xFF, 0xFF }, \
  { 0xFF, 0xFF, 0xFF, 0xFF }, \
  { 0xFF, 0xFF, 0xFF, 0xFF }, \
  { 0xFF, 0xFF, 0xFF, 0xFF }, \
  { 0xFF, 0xFF, 0xFF, 0xFF }, \
  { 0xFF, 0xFF, 0xFF, 0xFF }, \
  { 0xFF, 0xFF, 0xFF, 0xFF }, \
  { 0xFF, 0xFF, 0xFF, 0xFF }, \
  { 0xFF, 0xFF, 0xFF, 0xFF }, \
  { 0xFF, 0xFF, 0xFF, 0xFF }, \
  { 0xFF, 0xFF, 0xFF, 0xFF }, \
  { 0xFF, 0xFF, 0xFF, 0xFF }, \
  { 0xFF, 0xFF, 0xFF, 0xFF }, \
  { 0xFF, 0xFF, 0xFF, 0xFF }, \
  { 0xFF, 0xFF, 0xFF, 0xFF }, \
  { 0xFF, 0xFF, 0xFF, 0xFF }, \
  { 0xFF, 0xFF, 0xFF, 0xFF }, \
  { 0xFF, 0xFF, 0xFF, 0xFF }, \
  { 0x60, 0x05, 0x08, 0x00 }, \
  { 0xB0, 0x05, 0x10, 0x00 }, \
  { 0x34, 0x05, 0x02, 0x00 }, \
  { 0x8C, 0x05, 0x04, 0x00 }, \
  { 0x1C, 0x06, 0x40, 0x00 }, \
  { 0x08, 0x09, 0x80, 0x00 }, \
  { 0x00, 0x09, 0xFF, 0xFF }, \
  { 0xFF, 0xFF, 0xFF, 0xFF }, \
  { 0xFF, 0xFF, 0xFF, 0xFF }, \
  { 0xFF, 0xFF, 0xFF, 0xFF }, \
  { 0xFF, 0xFF, 0xFF, 0xFF }, \
  { 0xFF, 0xFF, 0xFF, 0xFF }, \
  { 0x40, 0x06, 0x04, 0x30 }, \
  { 0x44, 0x06, 0xE0, 0x31 }, \
  { 0xAC, 0x06, 0xE3, 0x31 }, \
  { 0x2C, 0x07, 0xD7, 0x31 }, \
  { 0x00, 0x09, 0xFF, 0xFF }, \
  { 0xFF, 0xFF, 0xFF, 0xFF }, \
  { 0xFF, 0xFF, 0xFF, 0xFF }, \
  { 0xFF, 0xFF, 0xFF, 0xFF }, \
  { 0xFF, 0xFF, 0xFF, 0xFF }, \
  { 0xFF, 0xFF, 0xFF, 0xFF }, \
  { 0xFF, 0xFF, 0xFF, 0xFF }, \
  { 0xFF, 0xFF, 0xFF, 0xFF }, \
  { 0xFF, 0xFF, 0xFF, 0xFF }, \
  { 0x00, 0x00, 0x00, 0x00 }, \
  { 0x00, 0x00, 0x00, 0x00 }, \
  { 0x00, 0x00, 0x00, 0x00 }, \
  { 0x00, 0x00, 0x00, 0x00 }, \
  { 0xFF, 0xFF, 0xFF, 0xFF }, \
  { 0xFF, 0xFF, 0xFF, 0xFF }, \
  { 0xFF, 0xFF, 0xFF, 0xFF }, \
  { 0xFF, 0xFF, 0xFF, 0xFF }, \
  { 0xFF, 0xFF, 0xFF, 0xFF }, \
  { 0xFF, 0xFF, 0xFF, 0xFF }, \
  { 0xFF, 0xFF, 0xFF, 0xFF }, \
  { 0xFF, 0xFF, 0xFF, 0xFF }, \
  { 0xFF, 0xFF, 0xFF, 0xFF }, \
  { 0xFF, 0xFF, 0xFF, 0xFF }, \
  { 0xFF, 0xFF, 0xFF, 0xFF }, \
  { 0xFF, 0xFF, 0xFF, 0xFF }, \
  { 0xFF, 0xFF, 0xFF, 0xFF }, \
  { 0xFF, 0xFF, 0xFF, 0xFF }, \
  { 0xFF, 0xFF, 0xFF, 0xFF }, \
  { 0xFF, 0xFF, 0xFF, 0xFF }, \
  { 0xFF, 0xFF, 0xFF, 0xFF }, \
  { 0xFF, 0xFF, 0xFF, 0xFF }, \
  { 0xFF, 0xFF, 0xFF, 0xFF }, \
  { 0xFF, 0xFF, 0xFF, 0xFC }, \
  { 0xFF, 0xFF, 0xFF, 0xFF }, \
} \
/* Cortes_RAM_b0x00_v0x02_p0x00 */
#define PM_PBS_RAM_E_DATA  { \
 /* data, offset, baseaddr, sid */ \
  { 0x00, 0x00, 0x21, 0x4C }, \
  { 0x01, 0x1A, 0x00, 0x00 }, \
  { 0x28, 0x04, 0xFF, 0x83 }, \
  { 0x50, 0x04, 0xFF, 0x83 }, \
  { 0x30, 0x04, 0xFF, 0x83 }, \
  { 0xFF, 0xFF, 0xFF, 0xFF }, \
  { 0xFF, 0xFF, 0xFF, 0xFF }, \
  { 0xFF, 0xFF, 0xFF, 0xFF }, \
  { 0xFF, 0xFF, 0xFF, 0xFF }, \
  { 0x18, 0x03, 0x00, 0x00 }, \
  { 0x8C, 0x04, 0xFF, 0x83 }, \
  { 0xFF, 0xFF, 0xFF, 0xFC }, \
  { 0x06, 0x98, 0x08, 0x00 }, \
  { 0x04, 0x00, 0xFF, 0xC1 }, \
  { 0x07, 0x98, 0x08, 0x00 }, \
  { 0x02, 0x48, 0x19, 0x00 }, \
  { 0x40, 0xE0, 0x14, 0x00 }, \
  { 0x40, 0xE8, 0x0E, 0x00 }, \
  { 0x00, 0x00, 0xFF, 0x83 }, \
  { 0xFF, 0xFF, 0xFF, 0xFC }, \
  { 0xFF, 0xFF, 0xFF, 0xFB }, \
  { 0xFF, 0xFF, 0xFF, 0xFB }, \
  { 0xFF, 0xFF, 0xFF, 0xFB }, \
  { 0x00, 0x00, 0x72, 0x29 }, \
  { 0x24, 0x04, 0x74, 0x29 }, \
  { 0xF4, 0xFF, 0x7E, 0xA3 }, \
  { 0x00, 0x0B, 0x70, 0x29 }, \
  { 0xF2, 0x0A, 0xFF, 0x44 }, \
  { 0x0C, 0x0C, 0xFF, 0x9B }, \
  { 0xF6, 0x48, 0xFF, 0x0C }, \
  { 0xFF, 0xF6, 0x79, 0x2A }, \
  { 0xF4, 0xFF, 0xFF, 0x9F }, \
  { 0xFF, 0xFF, 0xFF, 0xFB }, \
  { 0xFF, 0xFF, 0xFF, 0xFB }, \
  { 0xFF, 0xFF, 0xFF, 0xFB }, \
  { 0xFF, 0xFF, 0xFF, 0xFB }, \
  { 0xFF, 0xFF, 0xFF, 0xFB }, \
  { 0xF0, 0x8D, 0x08, 0x40 }, \
  { 0x00, 0x00, 0xFF, 0x90 }, \
  { 0x00, 0x00, 0xFF, 0x83 }, \
  { 0x02, 0x01, 0x03, 0x93 }, \
  { 0x41, 0x03, 0xFF, 0xC1 }, \
  { 0xF0, 0x8D, 0x08, 0x40 }, \
  { 0x00, 0x00, 0x03, 0x90 }, \
  { 0x00, 0x00, 0xFF, 0x83 }, \
  { 0x01, 0x01, 0x01, 0x96 }, \
  { 0x1A, 0x21, 0xFF, 0xC1 }, \
  { 0x00, 0x8D, 0x08, 0x00 }, \
  { 0x01, 0x97, 0x08, 0x00 }, \
  { 0x03, 0x00, 0xFF, 0xC1 }, \
  { 0x03, 0x97, 0x08, 0x00 }, \
  { 0x40, 0x91, 0x08, 0x00 }, \
  { 0xFF, 0xFF, 0xFF, 0xFC }, \
  { 0x01, 0x53, 0x28, 0x00 }, \
  { 0x81, 0x54, 0x29, 0x00 }, \
  { 0x0B, 0x54, 0x28, 0x00 }, \
  { 0x03, 0x55, 0x28, 0x00 }, \
  { 0x02, 0x8D, 0x08, 0x00 }, \
  { 0x1A, 0x21, 0xFF, 0xC1 }, \
  { 0x00, 0x53, 0x28, 0x00 }, \
  { 0x00, 0x8D, 0x08, 0x00 }, \
  { 0x01, 0x97, 0x08, 0x00 }, \
  { 0x03, 0x00, 0xFF, 0xC1 }, \
  { 0x03, 0x97, 0x08, 0x00 }, \
  { 0x40, 0x91, 0x08, 0x00 }, \
  { 0xFF, 0xFF, 0xFF, 0xFC }, \
  { 0xFF, 0xFF, 0xFF, 0xFB }, \
  { 0xFF, 0xFF, 0xFF, 0xFB }, \
  { 0xFF, 0xFF, 0xFF, 0xFB }, \
  { 0x68, 0x0B, 0x7C, 0x29 }, \
  { 0x18, 0x06, 0xFF, 0x9B }, \
  { 0x0E, 0x34, 0xFF, 0x93 }, \
  { 0xA8, 0x05, 0xFF, 0x83 }, \
  { 0xFF, 0xFF, 0xFF, 0xFB }, \
  { 0xFF, 0xFF, 0xFF, 0xFB }, \
  { 0xFF, 0xFF, 0xFF, 0xFB }, \
  { 0xFF, 0xFF, 0xFF, 0xFC }, \
  { 0xFF, 0xFF, 0xFF, 0xFB }, \
  { 0xFF, 0xFF, 0xFF, 0xFB }, \
  { 0xFF, 0xFF, 0xFF, 0xFB }, \
  { 0x64, 0x0B, 0x7C, 0x29 }, \
  { 0x38, 0x06, 0xFF, 0x9B }, \
  { 0x0E, 0x34, 0xFF, 0x93 }, \
  { 0xA8, 0x05, 0xFF, 0x83 }, \
  { 0xFF, 0xFF, 0xFF, 0xFB }, \
  { 0xFF, 0xFF, 0xFF, 0xFB }, \
  { 0xFF, 0xFF, 0xFF, 0xFB }, \
  { 0xFF, 0xFF, 0xFF, 0xFC }, \
  { 0xFF, 0xFF, 0xFF, 0xFB }, \
  { 0xFF, 0xFF, 0xFF, 0xFB }, \
  { 0xFF, 0xFF, 0xFF, 0xFB }, \
  { 0x70, 0x0B, 0x7C, 0x29 }, \
  { 0x58, 0x06, 0xFF, 0x9B }, \
  { 0xA8, 0x05, 0xFF, 0x83 }, \
  { 0xFF, 0xFF, 0xFF, 0xFB }, \
  { 0xFF, 0xFF, 0xFF, 0xFB }, \
  { 0xFF, 0xFF, 0xFF, 0xFB }, \
  { 0xFF, 0xFF, 0xFF, 0xFB }, \
  { 0xFF, 0xFF, 0xFF, 0xFB }, \
  { 0xFF, 0xFF, 0xFF, 0xFB }, \
  { 0x6C, 0x0B, 0x7C, 0x29 }, \
  { 0x68, 0x06, 0xFF, 0x9B }, \
  { 0xA8, 0x05, 0xFF, 0x83 }, \
  { 0xFF, 0xFF, 0xFF, 0xFB }, \
  { 0xFF, 0xFF, 0xFF, 0xFB }, \
  { 0xFF, 0xFF, 0xFF, 0xFB }, \
  { 0xFF, 0xFF, 0xFF, 0xFB }, \
  { 0xFF, 0xFF, 0xFF, 0xFB }, \
  { 0xFF, 0xFF, 0xFF, 0xFB }, \
  { 0x24, 0x0C, 0xFF, 0x9B }, \
  { 0x24, 0x04, 0x74, 0x29 }, \
  { 0xF3, 0xF1, 0x06, 0x40 }, \
  { 0x28, 0x0C, 0xFF, 0x9B }, \
  { 0x30, 0x0C, 0x05, 0x63 }, \
  { 0x30, 0x0B, 0x70, 0x29 }, \
  { 0x08, 0x0C, 0xFF, 0x9B }, \
  { 0x34, 0x0C, 0xFF, 0x9B }, \
  { 0xF4, 0xFF, 0xFF, 0x9F }, \
  { 0xFF, 0xFF, 0xFF, 0xFB }, \
  { 0xFF, 0xFF, 0xFF, 0xFB }, \
  { 0xFF, 0xFF, 0xFF, 0xFB }, \
  { 0xFF, 0xFF, 0xFF, 0xFB }, \
  { 0x45, 0x01, 0xFF, 0xC1 }, \
  { 0xFF, 0xFF, 0xFF, 0xFC }, \
  { 0xFF, 0xF1, 0x06, 0x40 }, \
  { 0xB0, 0x00, 0x7E, 0x28 }, \
  { 0xFB, 0x6F, 0xFF, 0x44 }, \
  { 0xFD, 0x70, 0xFF, 0x44 }, \
  { 0xFC, 0x45, 0xFF, 0x44 }, \
  { 0x80, 0xC1, 0x80, 0x90 }, \
  { 0xFF, 0xFF, 0xFF, 0xFC }, \
  { 0xF0, 0x72, 0xFF, 0x45 }, \
  { 0xF0, 0xFF, 0xFF, 0x9F }, \
  { 0xFF, 0xFF, 0xFF, 0xFC }, \
  { 0x73, 0x00, 0x7A, 0x28 }, \
  { 0x07, 0x03, 0x7E, 0x29 }, \
  { 0xFC, 0xFF, 0xF0, 0xA3 }, \
  { 0x00, 0x10, 0xFF, 0xB7 }, \
  { 0xF2, 0x74, 0xFF, 0x45 }, \
  { 0xF1, 0x73, 0xFF, 0x44 }, \
  { 0x01, 0x76, 0xFF, 0x04 }, \
  { 0xFF, 0xFF, 0xFF, 0x8F }, \
  { 0x8B, 0x00, 0x7A, 0x28 }, \
  { 0x07, 0x03, 0x7E, 0x29 }, \
  { 0xFC, 0xFF, 0xF0, 0xA3 }, \
  { 0x00, 0x10, 0xFF, 0xB7 }, \
  { 0xF2, 0x8C, 0xFF, 0x45 }, \
  { 0xF1, 0x8B, 0xFF, 0x44 }, \
  { 0x01, 0x8E, 0xFF, 0x04 }, \
  { 0xFF, 0xFF, 0xFF, 0x8F }, \
  { 0x7F, 0x00, 0x7A, 0x28 }, \
  { 0xFC, 0xFF, 0xF0, 0xA3 }, \
  { 0x00, 0x10, 0xFF, 0xB7 }, \
  { 0x74, 0x06, 0xFF, 0x83 }, \
  { 0x97, 0x00, 0x7A, 0x28 }, \
  { 0xFC, 0xFF, 0xF0, 0xA3 }, \
  { 0x00, 0x10, 0xFF, 0xB7 }, \
  { 0x05, 0x03, 0x7E, 0x29 }, \
  { 0xF1, 0xFA, 0xFF, 0x46 }, \
  { 0x01, 0x00, 0x7A, 0x20 }, \
  { 0xF2, 0xFA, 0xFF, 0x47 }, \
  { 0x01, 0x00, 0x7A, 0x24 }, \
  { 0xFF, 0xFF, 0xFF, 0x8F }, \
  { 0xF0, 0xF1, 0x01, 0x40 }, \
  { 0x04, 0x04, 0xFF, 0x90 }, \
  { 0xFF, 0xFF, 0xFF, 0xFC }, \
  { 0xF0, 0x00, 0x01, 0x40 }, \
  { 0x10, 0x00, 0xF0, 0x2C }, \
  { 0x10, 0x01, 0x10, 0x90 }, \
  { 0xFF, 0xFF, 0xFF, 0xFC }, \
  { 0xF0, 0xFF, 0x01, 0x40 }, \
  { 0xF0, 0xF2, 0x51, 0x08 }, \
  { 0xFF, 0xFF, 0xFF, 0xFC }, \
  { 0xFF, 0xFF, 0xFF, 0xFF }, \
  { 0xFF, 0xFF, 0xFF, 0xFF }, \
  { 0xFF, 0xFF, 0xFF, 0xFF }, \
  { 0xFF, 0xFF, 0xFF, 0xFF }, \
  { 0xFF, 0xFF, 0xFF, 0xFF }, \
  { 0xFF, 0xFF, 0xFF, 0xFF }, \
  { 0xFF, 0xFF, 0xFF, 0xFF }, \
  { 0xFF, 0xFF, 0xFF, 0xFF }, \
  { 0xFF, 0xFF, 0xFF, 0xFF }, \
  { 0xFF, 0xFF, 0xFF, 0xFF }, \
  { 0xFF, 0xFF, 0xFF, 0xFF }, \
  { 0xFF, 0xFF, 0xFF, 0xFF }, \
  { 0xFF, 0xFF, 0xFF, 0xFF }, \
  { 0xFF, 0xFF, 0xFF, 0xFF }, \
  { 0xFF, 0xFF, 0xFF, 0xFF }, \
  { 0xFF, 0xFF, 0xFF, 0xFF }, \
  { 0xFF, 0xFF, 0xFF, 0xFF }, \
  { 0xFF, 0xFF, 0xFF, 0xFF }, \
  { 0xFF, 0xFF, 0xFF, 0xFF }, \
  { 0xFF, 0xFF, 0xFF, 0xFF }, \
  { 0xFF, 0xFF, 0xFF, 0xFF }, \
  { 0xFF, 0xFF, 0xFF, 0xFF }, \
  { 0xFF, 0xFF, 0xFF, 0xFF }, \
  { 0xFF, 0xFF, 0xFF, 0xFF }, \
  { 0xFF, 0xFF, 0xFF, 0xFF }, \
  { 0xFF, 0xFF, 0xFF, 0xFF }, \
  { 0xFF, 0xFF, 0xFF, 0xFF }, \
  { 0xFF, 0xFF, 0xFF, 0xFF }, \
  { 0xFF, 0xFF, 0xFF, 0xFF }, \
  { 0xFF, 0xFF, 0xFF, 0xFF }, \
  { 0xFF, 0xFF, 0xFF, 0xFF }, \
  { 0xFF, 0xFF, 0xFF, 0xFF }, \
  { 0xFF, 0xFF, 0xFF, 0xFF }, \
  { 0xFF, 0xFF, 0xFF, 0xFF }, \
  { 0xFF, 0xFF, 0xFF, 0xFF }, \
  { 0xFF, 0xFF, 0xFF, 0xFF }, \
  { 0xFF, 0xFF, 0xFF, 0xFF }, \
  { 0xFF, 0xFF, 0xFF, 0xFF }, \
  { 0xFF, 0xFF, 0xFF, 0xFF }, \
  { 0xFF, 0xFF, 0xFF, 0xFF }, \
  { 0xFF, 0xFF, 0xFF, 0xFF }, \
  { 0xFF, 0xFF, 0xFF, 0xFF }, \
  { 0xFF, 0xFF, 0xFF, 0xFF }, \
  { 0xFF, 0xFF, 0xFF, 0xFF }, \
  { 0xFF, 0xFF, 0xFF, 0xFF }, \
  { 0xFF, 0xFF, 0xFF, 0xFF }, \
  { 0xFF, 0xFF, 0xFF, 0xFF }, \
  { 0xFF, 0xFF, 0xFF, 0xFF }, \
  { 0xFF, 0xFF, 0xFF, 0xFF }, \
  { 0xFF, 0xFF, 0xFF, 0xFF }, \
  { 0xFF, 0xFF, 0xFF, 0xFF }, \
  { 0xFF, 0xFF, 0xFF, 0xFF }, \
  { 0xFF, 0xFF, 0xFF, 0xFF }, \
  { 0xFF, 0xFF, 0xFF, 0xFF }, \
  { 0xFF, 0xFF, 0xFF, 0xFF }, \
  { 0xFF, 0xFF, 0xFF, 0xFF }, \
  { 0xFF, 0xFF, 0xFF, 0xFF }, \
  { 0xFF, 0xFF, 0xFF, 0xFF }, \
  { 0xFF, 0xFF, 0xFF, 0xFF }, \
  { 0xFF, 0xFF, 0xFF, 0xFF }, \
  { 0xFF, 0xFF, 0xFF, 0xFF }, \
  { 0xFF, 0xFF, 0xFF, 0xFF }, \
  { 0xFF, 0xFF, 0xFF, 0xFF }, \
  { 0xFF, 0xFF, 0xFF, 0xFF }, \
  { 0xFF, 0xFF, 0xFF, 0xFF }, \
  { 0xFF, 0xFF, 0xFF, 0xFF }, \
  { 0xFF, 0xFF, 0xFF, 0xFF }, \
  { 0xFF, 0xFF, 0xFF, 0xFF }, \
  { 0xFF, 0xFF, 0xFF, 0xFF }, \
  { 0xFF, 0xFF, 0xFF, 0xFF }, \
  { 0xFF, 0xFF, 0xFF, 0xFF }, \
  { 0xFF, 0xFF, 0xFF, 0xFF }, \
  { 0xFF, 0xFF, 0xFF, 0xFF }, \
  { 0xFF, 0xFF, 0xFF, 0xFF }, \
  { 0xFF, 0xFF, 0xFF, 0xFF }, \
  { 0xFF, 0xFF, 0xFF, 0xFF }, \
  { 0xFF, 0xFF, 0xFF, 0xFF }, \
  { 0xFF, 0xFF, 0xFF, 0xFF }, \
  { 0xFF, 0xFF, 0xFF, 0xFF }, \
  { 0xFF, 0xFF, 0xFF, 0xFF }, \
  { 0xFF, 0xFF, 0xFF, 0xFF }, \
  { 0xFF, 0xFF, 0xFF, 0xFF }, \
  { 0xFF, 0xFF, 0xFF, 0xFF }, \
  { 0xFF, 0xFF, 0xFF, 0xFF }, \
  { 0xFF, 0xFF, 0xFF, 0xFF }, \
  { 0xFF, 0xFF, 0xFF, 0xFF }, \
  { 0xFF, 0xFF, 0xFF, 0xFF }, \
  { 0xFF, 0xFF, 0xFF, 0xFF }, \
  { 0xFF, 0xFF, 0xFF, 0xFF }, \
  { 0xFF, 0xFF, 0xFF, 0xFF }, \
  { 0xFF, 0xFF, 0xFF, 0xFF }, \
  { 0xFF, 0xFF, 0xFF, 0xFF }, \
  { 0xFF, 0xFF, 0xFF, 0xFF }, \
  { 0xFF, 0xFF, 0xFF, 0xFF }, \
  { 0xFF, 0xFF, 0xFF, 0xFF }, \
  { 0xFF, 0xFF, 0xFF, 0xFF }, \
  { 0xFF, 0xFF, 0xFF, 0xFF }, \
  { 0xFF, 0xFF, 0xFF, 0xFF }, \
  { 0xFF, 0xFF, 0xFF, 0xFF }, \
  { 0xFF, 0xFF, 0xFF, 0xFF }, \
  { 0xFF, 0xFF, 0xFF, 0xFF }, \
  { 0xFF, 0xFF, 0xFF, 0xFF }, \
  { 0xFF, 0xFF, 0xFF, 0xFF }, \
  { 0xFF, 0xFF, 0xFF, 0xFF }, \
  { 0xFF, 0xFF, 0xFF, 0xFF }, \
  { 0xFF, 0xFF, 0xFF, 0xFF }, \
  { 0xFF, 0xFF, 0xFF, 0xFF }, \
  { 0xFF, 0xFF, 0xFF, 0xFF }, \
  { 0xFF, 0xFF, 0xFF, 0xFF }, \
  { 0xFF, 0xFF, 0xFF, 0xFF }, \
  { 0xFF, 0xFF, 0xFF, 0xFF }, \
  { 0xFF, 0xFF, 0xFF, 0xFF }, \
  { 0xFF, 0xFF, 0xFF, 0xFF }, \
  { 0xFF, 0xFF, 0xFF, 0xFF }, \
  { 0xFF, 0xFF, 0xFF, 0xFF }, \
  { 0xFF, 0xFF, 0xFF, 0xFF }, \
  { 0xFF, 0xFF, 0xFF, 0xFF }, \
  { 0xFF, 0xFF, 0xFF, 0xFF }, \
  { 0xFF, 0xFF, 0xFF, 0xFF }, \
  { 0xFF, 0xFF, 0xFF, 0xFF }, \
  { 0xFF, 0xFF, 0xFF, 0xFF }, \
  { 0xFF, 0xFF, 0xFF, 0xFF }, \
  { 0xFF, 0xFF, 0xFF, 0xFF }, \
  { 0xFF, 0xFF, 0xFF, 0xFF }, \
  { 0xFF, 0xFF, 0xFF, 0xFF }, \
  { 0xFF, 0xFF, 0xFF, 0xFF }, \
  { 0xFF, 0xFF, 0xFF, 0xFF }, \
  { 0xFF, 0xFF, 0xFF, 0xFF }, \
  { 0xFF, 0xFF, 0xFF, 0xFF }, \
  { 0xFF, 0xFF, 0xFF, 0xFF }, \
  { 0xFF, 0xFF, 0xFF, 0xFF }, \
  { 0xFF, 0xFF, 0xFF, 0xFF }, \
  { 0xFF, 0xFF, 0xFF, 0xFF }, \
  { 0xFF, 0xFF, 0xFF, 0xFF }, \
  { 0xFF, 0xFF, 0xFF, 0xFF }, \
  { 0xFF, 0xFF, 0xFF, 0xFF }, \
  { 0xFF, 0xFF, 0xFF, 0xFF }, \
  { 0xFF, 0xFF, 0xFF, 0xFF }, \
  { 0xFF, 0xFF, 0xFF, 0xFF }, \
  { 0xFF, 0xFF, 0xFF, 0xFF }, \
  { 0xFF, 0xFF, 0xFF, 0xFF }, \
  { 0xFF, 0xFF, 0xFF, 0xFF }, \
  { 0xFF, 0xFF, 0xFF, 0xFF }, \
  { 0xFF, 0xFF, 0xFF, 0xFF }, \
  { 0xFF, 0xFF, 0xFF, 0xFF }, \
  { 0xFF, 0xFF, 0xFF, 0xFF }, \
  { 0xFF, 0xFF, 0xFF, 0xFF }, \
  { 0xFF, 0xFF, 0xFF, 0xFB }, \
  { 0xFF, 0xFF, 0xFF, 0xFC }, \
  { 0x0C, 0x09, 0xFF, 0x83 }, \
  { 0xC0, 0x0B, 0x70, 0x29 }, \
  { 0x04, 0x00, 0x70, 0x21 }, \
  { 0xFC, 0x0B, 0x74, 0x29 }, \
  { 0x20, 0x09, 0xFF, 0x9B }, \
  { 0xFF, 0xFF, 0xFF, 0xFC }, \
  { 0xFF, 0xFF, 0x78, 0x29 }, \
  { 0xFF, 0xFF, 0x7A, 0x29 }, \
  { 0xF4, 0xF0, 0x72, 0x27 }, \
  { 0xFF, 0x06, 0xFF, 0xB7 }, \
  { 0xF0, 0xFF, 0xF8, 0xA7 }, \
  { 0x04, 0x00, 0x70, 0x21 }, \
  { 0x28, 0x09, 0xFF, 0x83 }, \
  { 0xFF, 0xFF, 0xFF, 0xFF }, \
  { 0xFF, 0xFF, 0xFF, 0xFF }, \
  { 0xFF, 0xFF, 0xFF, 0xFF }, \
  { 0xFF, 0xFF, 0xFF, 0xFF }, \
  { 0xFF, 0xFF, 0xFF, 0xFF }, \
  { 0xFF, 0xFF, 0xFF, 0xFF }, \
  { 0xFF, 0xFF, 0xFF, 0xFF }, \
  { 0xFF, 0xFF, 0xFF, 0xFF }, \
  { 0xFF, 0xFF, 0xFF, 0xFF }, \
  { 0xFF, 0xFF, 0xFF, 0xFF }, \
  { 0xFF, 0xFF, 0xFF, 0xFF }, \
  { 0xFF, 0xFF, 0xFF, 0xFF }, \
  { 0xFF, 0xFF, 0xFF, 0xFF }, \
  { 0xFF, 0xFF, 0xFF, 0xFF }, \
  { 0xFF, 0xFF, 0xFF, 0xFF }, \
  { 0xFF, 0xFF, 0xFF, 0xFF }, \
  { 0xFF, 0xFF, 0xFF, 0xFF }, \
  { 0xFF, 0xFF, 0xFF, 0xFF }, \
  { 0xFF, 0xFF, 0xFF, 0xFF }, \
  { 0xFF, 0xFF, 0xFF, 0xFF }, \
  { 0xFF, 0xFF, 0xFF, 0xFF }, \
  { 0xFF, 0xFF, 0xFF, 0xFF }, \
  { 0xFF, 0xFF, 0xFF, 0xFF }, \
  { 0xFF, 0xFF, 0xFF, 0xFF }, \
  { 0xFF, 0xFF, 0xFF, 0xFF }, \
  { 0xFF, 0xFF, 0xFF, 0xFF }, \
  { 0xFF, 0xFF, 0xFF, 0xFF }, \
  { 0xFF, 0xFF, 0xFF, 0xFF }, \
  { 0xFF, 0xFF, 0xFF, 0xFF }, \
  { 0xFF, 0xFF, 0xFF, 0xFF }, \
  { 0xFF, 0xFF, 0xFF, 0xFF }, \
  { 0xFF, 0xFF, 0xFF, 0xFF }, \
  { 0xFF, 0xFF, 0xFF, 0xFF }, \
  { 0xFF, 0xFF, 0xFF, 0xFF }, \
  { 0xFF, 0xFF, 0xFF, 0xFF }, \
  { 0xFF, 0xFF, 0xFF, 0xFF }, \
  { 0xFF, 0xFF, 0xFF, 0xFF }, \
  { 0xFF, 0xFF, 0xFF, 0xFF }, \
  { 0xFF, 0xFF, 0xFF, 0xFF }, \
  { 0xFF, 0xFF, 0xFF, 0xFF }, \
  { 0xFF, 0xFF, 0xFF, 0xFF }, \
  { 0xFF, 0xFF, 0xFF, 0xFF }, \
  { 0xFF, 0xFF, 0xFF, 0xFF }, \
  { 0xFF, 0xFF, 0xFF, 0xFF }, \
  { 0xFF, 0xFF, 0xFF, 0xFF }, \
  { 0xFF, 0xFF, 0xFF, 0xFF }, \
  { 0xFF, 0xFF, 0xFF, 0xFF }, \
  { 0xFF, 0xFF, 0xFF, 0xFF }, \
  { 0xFF, 0xFF, 0xFF, 0xFF }, \
  { 0xFF, 0xFF, 0xFF, 0xFF }, \
  { 0xFF, 0xFF, 0xFF, 0xFF }, \
  { 0xFF, 0xFF, 0xFF, 0xFF }, \
  { 0xFF, 0xFF, 0xFF, 0xFF }, \
  { 0xFF, 0xFF, 0xFF, 0xFF }, \
  { 0xFF, 0xFF, 0xFF, 0xFF }, \
  { 0xFF, 0xFF, 0xFF, 0xFF }, \
  { 0xFF, 0xFF, 0xFF, 0xFF }, \
  { 0xFF, 0xFF, 0xFF, 0xFF }, \
  { 0xFF, 0xFF, 0xFF, 0xFF }, \
  { 0xFF, 0xFF, 0xFF, 0xFF }, \
  { 0xFF, 0xFF, 0xFF, 0xFF }, \
  { 0xFF, 0xFF, 0xFF, 0xFF }, \
  { 0xFF, 0xFF, 0xFF, 0xFF }, \
  { 0xFF, 0xFF, 0xFF, 0xFF }, \
  { 0xFF, 0xFF, 0xFF, 0xFF }, \
  { 0xFF, 0xFF, 0xFF, 0xFF }, \
  { 0xFF, 0xFF, 0xFF, 0xFF }, \
  { 0xFF, 0xFF, 0xFF, 0xFF }, \
  { 0xFF, 0xFF, 0xFF, 0xFF }, \
  { 0xFF, 0xFF, 0xFF, 0xFF }, \
  { 0xFF, 0xFF, 0xFF, 0xFF }, \
  { 0xFF, 0xFF, 0xFF, 0xFF }, \
  { 0xFF, 0xFF, 0xFF, 0xFF }, \
  { 0xFF, 0xFF, 0xFF, 0xFF }, \
  { 0xFF, 0xFF, 0xFF, 0xFF }, \
  { 0xFF, 0xFF, 0xFF, 0xFF }, \
  { 0xFF, 0xFF, 0xFF, 0xFF }, \
  { 0xFF, 0xFF, 0xFF, 0xFF }, \
  { 0xFF, 0xFF, 0xFF, 0xFF }, \
  { 0xFF, 0xFF, 0xFF, 0xFF }, \
  { 0xFF, 0xFF, 0xFF, 0xFF }, \
  { 0xFF, 0xFF, 0xFF, 0xFF }, \
  { 0xFF, 0xFF, 0xFF, 0xFF }, \
  { 0xFF, 0xFF, 0xFF, 0xFF }, \
  { 0xFF, 0xFF, 0xFF, 0xFF }, \
  { 0xFF, 0xFF, 0xFF, 0xFF }, \
  { 0xFF, 0xFF, 0xFF, 0xFF }, \
  { 0xFF, 0xFF, 0xFF, 0xFF }, \
  { 0xFF, 0xFF, 0xFF, 0xFF }, \
  { 0xFF, 0xFF, 0xFF, 0xFF }, \
  { 0xFF, 0xFF, 0xFF, 0xFF }, \
  { 0xFF, 0xFF, 0xFF, 0xFF }, \
  { 0xFF, 0xFF, 0xFF, 0xFF }, \
  { 0xFF, 0xFF, 0xFF, 0xFF }, \
  { 0xFF, 0xFF, 0xFF, 0xFF }, \
  { 0xFF, 0xFF, 0xFF, 0xFF }, \
  { 0xFF, 0xFF, 0xFF, 0xFF }, \
  { 0xFF, 0xFF, 0xFF, 0xFF }, \
  { 0xFF, 0xFF, 0xFF, 0xFF }, \
  { 0xFF, 0xFF, 0xFF, 0xFF }, \
  { 0xFF, 0xFF, 0xFF, 0xFF }, \
  { 0xFF, 0xFF, 0xFF, 0xFF }, \
  { 0xFF, 0xFF, 0xFF, 0xFF }, \
  { 0xFF, 0xFF, 0xFF, 0xFF }, \
  { 0xFF, 0xFF, 0xFF, 0xFF }, \
  { 0xFF, 0xFF, 0xFF, 0xFF }, \
  { 0xFF, 0xFF, 0xFF, 0xFF }, \
  { 0xFF, 0xFF, 0xFF, 0xFF }, \
  { 0xFF, 0xFF, 0xFF, 0xFF }, \
  { 0xFF, 0xFF, 0xFF, 0xFF }, \
  { 0xFF, 0xFF, 0xFF, 0xFF }, \
  { 0xFF, 0xFF, 0xFF, 0xFF }, \
  { 0xFF, 0xFF, 0xFF, 0xFF }, \
  { 0x34, 0x05, 0x08, 0x00 }, \
  { 0x84, 0x05, 0x10, 0x00 }, \
  { 0x08, 0x05, 0x02, 0x00 }, \
  { 0x60, 0x05, 0x04, 0x00 }, \
  { 0xF0, 0x05, 0x40, 0x00 }, \
  { 0x08, 0x09, 0x80, 0x00 }, \
  { 0x00, 0x09, 0xFF, 0xFF }, \
  { 0xFF, 0xFF, 0xFF, 0xFF }, \
  { 0xFF, 0xFF, 0xFF, 0xFF }, \
  { 0xFF, 0xFF, 0xFF, 0xFF }, \
  { 0xFF, 0xFF, 0xFF, 0xFF }, \
  { 0xFF, 0xFF, 0xFF, 0xFF }, \
  { 0x14, 0x06, 0x04, 0x30 }, \
  { 0x8C, 0x06, 0xD7, 0x31 }, \
  { 0x00, 0x09, 0xFF, 0xFF }, \
  { 0xFF, 0xFF, 0xFF, 0xFF }, \
  { 0xFF, 0xFF, 0xFF, 0xFF }, \
  { 0xFF, 0xFF, 0xFF, 0xFF }, \
  { 0xFF, 0xFF, 0xFF, 0xFF }, \
  { 0xFF, 0xFF, 0xFF, 0xFF }, \
  { 0xFF, 0xFF, 0xFF, 0xFF }, \
  { 0xFF, 0xFF, 0xFF, 0xFF }, \
  { 0xFF, 0xFF, 0xFF, 0xFF }, \
  { 0xFF, 0xFF, 0xFF, 0xFF }, \
  { 0xFF, 0xFF, 0xFF, 0xFF }, \
  { 0x00, 0x00, 0x00, 0x00 }, \
  { 0x00, 0x00, 0x00, 0x00 }, \
  { 0x00, 0x00, 0x00, 0x00 }, \
  { 0x00, 0x00, 0x00, 0x00 }, \
  { 0xFF, 0xFF, 0xFF, 0xFF }, \
  { 0xFF, 0xFF, 0xFF, 0xFF }, \
  { 0xFF, 0xFF, 0xFF, 0xFF }, \
  { 0xFF, 0xFF, 0xFF, 0xFF }, \
  { 0xFF, 0xFF, 0xFF, 0xFF }, \
  { 0xFF, 0xFF, 0xFF, 0xFF }, \
  { 0xFF, 0xFF, 0xFF, 0xFF }, \
  { 0xFF, 0xFF, 0xFF, 0xFF }, \
  { 0xFF, 0xFF, 0xFF, 0xFF }, \
  { 0xFF, 0xFF, 0xFF, 0xFF }, \
  { 0xFF, 0xFF, 0xFF, 0xFF }, \
  { 0xFF, 0xFF, 0xFF, 0xFF }, \
  { 0xFF, 0xFF, 0xFF, 0xFF }, \
  { 0xFF, 0xFF, 0xFF, 0xFF }, \
  { 0xFF, 0xFF, 0xFF, 0xFF }, \
  { 0xFF, 0xFF, 0xFF, 0xFF }, \
  { 0xFF, 0xFF, 0xFF, 0xFF }, \
  { 0xFF, 0xFF, 0xFF, 0xFF }, \
  { 0xFF, 0xFF, 0xFF, 0xFF }, \
  { 0xFF, 0xFF, 0xFF, 0xFC }, \
  { 0xFF, 0xFF, 0xFF, 0xFF }, \
} \
/* Tioman_RAM_b0x06_v0x24 */
#define PM_PBS_RAM_F_DATA  { \
 /* data, offset, baseaddr, sid */ \
  { 0x00, 0x00, 0x48, 0xC5 }, \
  { 0x07, 0x3C, 0x00, 0x00 }, \
  { 0x10, 0x08, 0xFF, 0x83 }, \
  { 0x1C, 0x08, 0xFF, 0x83 }, \
  { 0xFF, 0xFF, 0xFF, 0xFB }, \
  { 0xB4, 0x08, 0xFF, 0x83 }, \
  { 0xFF, 0xFF, 0xFF, 0xFC }, \
  { 0xFF, 0xFF, 0xFF, 0xFB }, \
  { 0xF3, 0x0A, 0x72, 0x40 }, \
  { 0x01, 0x30, 0x01, 0x92 }, \
  { 0x01, 0x48, 0x72, 0x00 }, \
  { 0xFF, 0xFF, 0xFF, 0xFB }, \
  { 0xFF, 0xFF, 0xFF, 0xFC }, \
  { 0x02, 0x30, 0x02, 0x92 }, \
  { 0x02, 0x48, 0x72, 0x00 }, \
  { 0x20, 0x0D, 0xFF, 0x83 }, \
  { 0xFF, 0xFF, 0xFF, 0xFC }, \
  { 0x04, 0x30, 0x04, 0x95 }, \
  { 0xA8, 0x0A, 0xFF, 0x83 }, \
  { 0x8A, 0x41, 0x72, 0x4F }, \
  { 0xFB, 0x00, 0xFA, 0x2C }, \
  { 0x8A, 0x41, 0x72, 0x73 }, \
  { 0x04, 0x48, 0x72, 0x00 }, \
  { 0xFF, 0xFF, 0xFF, 0xFC }, \
  { 0x08, 0x30, 0x08, 0x92 }, \
  { 0x08, 0x48, 0x72, 0x00 }, \
  { 0x20, 0x09, 0xFF, 0x83 }, \
  { 0xFF, 0xFF, 0xFF, 0xFC }, \
  { 0x10, 0x30, 0x10, 0x91 }, \
  { 0x10, 0x48, 0x72, 0x00 }, \
  { 0xFF, 0xFF, 0xFF, 0xFC }, \
  { 0x20, 0x30, 0x20, 0x92 }, \
  { 0x50, 0x09, 0xFF, 0x83 }, \
  { 0x20, 0x48, 0x72, 0x00 }, \
  { 0xFF, 0xFF, 0xFF, 0xFC }, \
  { 0x40, 0x30, 0x40, 0x92 }, \
  { 0x40, 0x48, 0x72, 0x00 }, \
  { 0x10, 0x0B, 0xFF, 0x83 }, \
  { 0xFF, 0xFF, 0xFF, 0xFC }, \
  { 0x80, 0x30, 0x80, 0x91 }, \
  { 0x80, 0x48, 0x72, 0x00 }, \
  { 0xFF, 0xFF, 0xFF, 0xFC }, \
  { 0xFF, 0xFF, 0xFF, 0xFB }, \
  { 0x45, 0x01, 0xFF, 0xC1 }, \
  { 0xFF, 0xFF, 0xFF, 0xFC }, \
  { 0xFF, 0xFF, 0xFF, 0xFB }, \
  { 0xFF, 0xFF, 0xFF, 0xFB }, \
  { 0xF0, 0x8D, 0x08, 0x40 }, \
  { 0x00, 0x00, 0xFF, 0x90 }, \
  { 0x00, 0x00, 0xFF, 0x83 }, \
  { 0x02, 0x01, 0x03, 0x93 }, \
  { 0x41, 0x03, 0xFF, 0xC1 }, \
  { 0xF0, 0x8D, 0x08, 0x40 }, \
  { 0x00, 0x00, 0x03, 0x90 }, \
  { 0x00, 0x00, 0xFF, 0x83 }, \
  { 0x01, 0x01, 0x01, 0x94 }, \
  { 0x1A, 0x21, 0xFF, 0xC1 }, \
  { 0x00, 0x8D, 0x08, 0x00 }, \
  { 0x08, 0x00, 0x70, 0x28 }, \
  { 0xF8, 0x0A, 0xFF, 0x9B }, \
  { 0xFF, 0xFF, 0xFF, 0xFC }, \
  { 0x01, 0x41, 0x16, 0x00 }, \
  { 0x01, 0x40, 0x13, 0x00 }, \
  { 0x01, 0x62, 0x12, 0x00 }, \
  { 0x01, 0x41, 0x12, 0x00 }, \
  { 0x02, 0x8D, 0x08, 0x00 }, \
  { 0x1A, 0x21, 0xFF, 0xC1 }, \
  { 0x00, 0x41, 0x16, 0x00 }, \
  { 0x00, 0x8D, 0x08, 0x00 }, \
  { 0x08, 0x00, 0x70, 0x28 }, \
  { 0xF8, 0x0A, 0xFF, 0x9B }, \
  { 0xFF, 0xFF, 0xFF, 0xFC }, \
  { 0x0B, 0x50, 0x11, 0x00 }, \
  { 0x20, 0x53, 0x11, 0x00 }, \
  { 0x03, 0x40, 0x11, 0x00 }, \
  { 0xFF, 0x50, 0x06, 0x40 }, \
  { 0xB0, 0x00, 0x7E, 0x28 }, \
  { 0xFC, 0x7E, 0xFF, 0x44 }, \
  { 0x02, 0x00, 0xFC, 0x30 }, \
  { 0xFC, 0x7E, 0xFF, 0x0C }, \
  { 0x02, 0xE1, 0xB0, 0x00 }, \
  { 0x80, 0xE0, 0xB0, 0x00 }, \
  { 0x00, 0xE1, 0xB0, 0x00 }, \
  { 0xFF, 0xFF, 0xFF, 0xFC }, \
  { 0xF4, 0x07, 0x13, 0x40 }, \
  { 0x04, 0x40, 0x04, 0x90 }, \
  { 0x84, 0x08, 0xFF, 0x83 }, \
  { 0xF0, 0x56, 0xB3, 0x40 }, \
  { 0xAA, 0x00, 0xFF, 0x90 }, \
  { 0x70, 0x09, 0xFF, 0x83 }, \
  { 0xAA, 0x56, 0xB3, 0x00 }, \
  { 0x84, 0x08, 0xFF, 0x83 }, \
  { 0xF4, 0x07, 0x13, 0x40 }, \
  { 0x20, 0x00, 0xFF, 0xC1 }, \
  { 0x04, 0x41, 0x04, 0x90 }, \
  { 0x70, 0x09, 0xFF, 0x83 }, \
  { 0x20, 0x00, 0xFF, 0xC1 }, \
  { 0x00, 0x58, 0xB0, 0x00 }, \
  { 0xF5, 0x08, 0x13, 0x40 }, \
  { 0x40, 0x51, 0x40, 0x91 }, \
  { 0x00, 0x56, 0xB3, 0x00 }, \
  { 0x84, 0x08, 0xFF, 0x83 }, \
  { 0x01, 0x58, 0xB0, 0x00 }, \
  { 0x01, 0x00, 0x76, 0x28 }, \
  { 0x80, 0x0A, 0xFF, 0x9B }, \
  { 0xF1, 0x51, 0x36, 0x40 }, \
  { 0x15, 0x14, 0xFF, 0x95 }, \
  { 0xC7, 0x64, 0xFF, 0x90 }, \
  { 0xA0, 0x09, 0xFF, 0x83 }, \
  { 0x00, 0x46, 0x36, 0x00 }, \
  { 0x00, 0x56, 0xB3, 0x00 }, \
  { 0x03, 0x58, 0xB0, 0x00 }, \
  { 0x84, 0x08, 0xFF, 0x83 }, \
  { 0x02, 0x58, 0xB0, 0x00 }, \
  { 0x01, 0x43, 0x13, 0x00 }, \
  { 0xA0, 0x00, 0xFF, 0xC1 }, \
  { 0x02, 0x43, 0x13, 0x00 }, \
  { 0xA0, 0x00, 0xFF, 0xC1 }, \
  { 0x01, 0x43, 0x13, 0x00 }, \
  { 0xA0, 0x00, 0xFF, 0xC1 }, \
  { 0x02, 0x43, 0x13, 0x00 }, \
  { 0xA0, 0x00, 0xFF, 0xC1 }, \
  { 0x01, 0x43, 0x13, 0x00 }, \
  { 0xA0, 0x00, 0xFF, 0xC1 }, \
  { 0x02, 0x43, 0x13, 0x00 }, \
  { 0xC0, 0x03, 0xFF, 0xC1 }, \
  { 0x01, 0x00, 0x76, 0x28 }, \
  { 0x80, 0x0A, 0xFF, 0x9B }, \
  { 0xF1, 0x51, 0x36, 0x40 }, \
  { 0x19, 0x14, 0xFF, 0x95 }, \
  { 0xC7, 0x64, 0xFF, 0x90 }, \
  { 0xFC, 0x09, 0xFF, 0x83 }, \
  { 0x00, 0x46, 0x36, 0x00 }, \
  { 0x00, 0x56, 0xB3, 0x00 }, \
  { 0x03, 0x58, 0xB0, 0x00 }, \
  { 0x84, 0x08, 0xFF, 0x83 }, \
  { 0xF0, 0x50, 0x36, 0x40 }, \
  { 0xF1, 0x51, 0x36, 0x40 }, \
  { 0xF0, 0x54, 0xB0, 0x08 }, \
  { 0xF1, 0x55, 0xB0, 0x08 }, \
  { 0x00, 0x46, 0x36, 0x00 }, \
  { 0x01, 0x43, 0x13, 0x00 }, \
  { 0xA0, 0x00, 0xFF, 0xC1 }, \
  { 0x01, 0x43, 0x13, 0x00 }, \
  { 0xA0, 0x00, 0xFF, 0xC1 }, \
  { 0x02, 0x43, 0x13, 0x00 }, \
  { 0xA0, 0x00, 0xFF, 0xC1 }, \
  { 0x02, 0x43, 0x13, 0x00 }, \
  { 0xA0, 0x00, 0xFF, 0xC1 }, \
  { 0x00, 0x56, 0xB3, 0x00 }, \
  { 0xF8, 0x57, 0xB3, 0x40 }, \
  { 0xAA, 0x81, 0xFF, 0x90 }, \
  { 0x6C, 0x0A, 0xFF, 0x83 }, \
  { 0x04, 0x58, 0xB0, 0x00 }, \
  { 0x84, 0x08, 0xFF, 0x83 }, \
  { 0x08, 0x43, 0x13, 0x00 }, \
  { 0x00, 0x19, 0xFF, 0xC1 }, \
  { 0x04, 0x43, 0x13, 0x00 }, \
  { 0x03, 0x58, 0xB0, 0x00 }, \
  { 0x84, 0x08, 0xFF, 0x83 }, \
  { 0x08, 0x44, 0x36, 0x00 }, \
  { 0x80, 0x46, 0x36, 0x00 }, \
  { 0x80, 0x47, 0x36, 0x00 }, \
  { 0x01, 0x00, 0xFF, 0xC1 }, \
  { 0xF5, 0x08, 0x36, 0x40 }, \
  { 0x20, 0x00, 0xFF, 0xC1 }, \
  { 0x01, 0x00, 0x76, 0x20 }, \
  { 0x01, 0x51, 0x03, 0x90 }, \
  { 0x90, 0x0A, 0xFF, 0x83 }, \
  { 0xFF, 0xFF, 0xFF, 0x8F }, \
  { 0x00, 0x00, 0x76, 0x28 }, \
  { 0x00, 0x00, 0x78, 0x28 }, \
  { 0x00, 0x00, 0x79, 0x28 }, \
  { 0xC8, 0x62, 0xFF, 0x90 }, \
  { 0xE4, 0x0A, 0xFF, 0x83 }, \
  { 0xF7, 0x08, 0xC5, 0x40 }, \
  { 0x20, 0x00, 0xFF, 0xC1 }, \
  { 0x01, 0x00, 0x76, 0x20 }, \
  { 0x01, 0x71, 0x01, 0x91 }, \
  { 0x00, 0x00, 0x79, 0x28 }, \
  { 0xB4, 0x0A, 0xFF, 0x83 }, \
  { 0x01, 0x91, 0xFF, 0x91 }, \
  { 0x01, 0x00, 0x78, 0x20 }, \
  { 0x01, 0x00, 0x79, 0x28 }, \
  { 0xB4, 0x0A, 0xFF, 0x83 }, \
  { 0x05, 0x80, 0xFF, 0x91 }, \
  { 0xAA, 0x57, 0xB3, 0x00 }, \
  { 0x4C, 0x08, 0xFF, 0x83 }, \
  { 0x55, 0x57, 0xB3, 0x00 }, \
  { 0x4C, 0x08, 0xFF, 0x83 }, \
  { 0x00, 0x63, 0x08, 0x58 }, \
  { 0x05, 0x00, 0xFF, 0xC1 }, \
  { 0x80, 0x62, 0x08, 0x73 }, \
  { 0x80, 0x63, 0x08, 0x58 }, \
  { 0xA5, 0x64, 0x08, 0x58 }, \
  { 0xFF, 0xFF, 0xFF, 0x8F }, \
  { 0xF0, 0xA1, 0xB1, 0x40 }, \
  { 0x01, 0x01, 0x01, 0x90 }, \
  { 0xFF, 0xFF, 0xFF, 0xFC }, \
  { 0xF0, 0x0C, 0x48, 0x40 }, \
  { 0x02, 0x01, 0x03, 0x90 }, \
  { 0xFF, 0xFF, 0xFF, 0xFC }, \
  { 0x80, 0xC6, 0x48, 0x4F }, \
  { 0x81, 0xC7, 0x48, 0x4F }, \
  { 0x90, 0x0C, 0xFF, 0x9B }, \
  { 0x82, 0xA4, 0xB1, 0x4F }, \
  { 0x83, 0xA3, 0xB1, 0x4F }, \
  { 0x80, 0x10, 0x80, 0x90 }, \
  { 0x64, 0x0B, 0xFF, 0x83 }, \
  { 0xF2, 0xF0, 0x74, 0x27 }, \
  { 0xFF, 0xF6, 0xFF, 0x90 }, \
  { 0xB4, 0x0B, 0xFF, 0x83 }, \
  { 0x82, 0xA6, 0xB1, 0x4F }, \
  { 0x83, 0xA5, 0xB1, 0x4F }, \
  { 0xF2, 0xF0, 0x74, 0x27 }, \
  { 0xFF, 0xF6, 0xFF, 0x90 }, \
  { 0x04, 0x0C, 0xFF, 0x83 }, \
  { 0x88, 0xA9, 0xB1, 0x4F }, \
  { 0x02, 0x81, 0x03, 0x92 }, \
  { 0x01, 0xA8, 0xB1, 0x58 }, \
  { 0x02, 0xA9, 0xB1, 0x58 }, \
  { 0xFF, 0xFF, 0xFF, 0xFC }, \
  { 0x85, 0xA8, 0xB1, 0x4F }, \
  { 0x86, 0xA7, 0xB1, 0x4F }, \
  { 0x89, 0xA2, 0xB1, 0x4F }, \
  { 0xF6, 0xF5, 0x77, 0x26 }, \
  { 0xFF, 0xF6, 0xFF, 0x95 }, \
  { 0x00, 0x70, 0xFF, 0x95 }, \
  { 0x01, 0x00, 0x75, 0x20 }, \
  { 0x85, 0xA8, 0xB1, 0x73 }, \
  { 0x02, 0x91, 0xFF, 0x91 }, \
  { 0x02, 0xA2, 0xB1, 0x58 }, \
  { 0x54, 0x0C, 0xFF, 0x83 }, \
  { 0xFF, 0xFF, 0xFF, 0xFC }, \
  { 0x01, 0x00, 0x75, 0x20 }, \
  { 0x85, 0xA8, 0xB1, 0x73 }, \
  { 0xFF, 0xFF, 0xFF, 0xFC }, \
  { 0x88, 0xA9, 0xB1, 0x4F }, \
  { 0x00, 0x81, 0x03, 0x92 }, \
  { 0x01, 0xA8, 0xB1, 0x58 }, \
  { 0x00, 0xA9, 0xB1, 0x58 }, \
  { 0xFF, 0xFF, 0xFF, 0xFC }, \
  { 0x85, 0xA8, 0xB1, 0x4F }, \
  { 0x86, 0xA7, 0xB1, 0x4F }, \
  { 0x89, 0xA2, 0xB1, 0x4F }, \
  { 0xF6, 0xF5, 0x77, 0x26 }, \
  { 0xFF, 0xF6, 0xFF, 0x95 }, \
  { 0x00, 0x70, 0xFF, 0x95 }, \
  { 0x01, 0x00, 0x75, 0x20 }, \
  { 0x85, 0xA8, 0xB1, 0x73 }, \
  { 0x00, 0x91, 0xFF, 0x91 }, \
  { 0x00, 0xA2, 0xB1, 0x58 }, \
  { 0x54, 0x0C, 0xFF, 0x83 }, \
  { 0xFF, 0xFF, 0xFF, 0xFC }, \
  { 0x01, 0x00, 0x75, 0x20 }, \
  { 0x85, 0xA8, 0xB1, 0x73 }, \
  { 0xFF, 0xFF, 0xFF, 0xFC }, \
  { 0x88, 0xA9, 0xB1, 0x4F }, \
  { 0x01, 0x81, 0x03, 0x92 }, \
  { 0x01, 0xA8, 0xB1, 0x58 }, \
  { 0x01, 0xA9, 0xB1, 0x58 }, \
  { 0xFF, 0xFF, 0xFF, 0xFC }, \
  { 0x85, 0xA8, 0xB1, 0x4F }, \
  { 0x86, 0xA7, 0xB1, 0x4F }, \
  { 0x89, 0xA2, 0xB1, 0x4F }, \
  { 0xF6, 0xF5, 0x77, 0x26 }, \
  { 0xFF, 0xF6, 0xFF, 0x95 }, \
  { 0x00, 0x70, 0xFF, 0x95 }, \
  { 0x01, 0x00, 0x75, 0x20 }, \
  { 0x85, 0xA8, 0xB1, 0x73 }, \
  { 0x01, 0x91, 0xFF, 0x91 }, \
  { 0x01, 0xA2, 0xB1, 0x58 }, \
  { 0x54, 0x0C, 0xFF, 0x83 }, \
  { 0xFF, 0xFF, 0xFF, 0xFC }, \
  { 0x01, 0x00, 0x75, 0x20 }, \
  { 0x85, 0xA8, 0xB1, 0x73 }, \
  { 0xFF, 0xFF, 0xFF, 0xFC }, \
  { 0x02, 0xE1, 0xB1, 0x58 }, \
  { 0x80, 0xE0, 0xB1, 0x58 }, \
  { 0x00, 0xE1, 0xB1, 0x58 }, \
  { 0x00, 0xE0, 0xB1, 0x58 }, \
  { 0x6C, 0x0C, 0xFF, 0x9B }, \
  { 0xFF, 0xFF, 0xFF, 0xFC }, \
  { 0x82, 0xAA, 0xB1, 0x4F }, \
  { 0x01, 0x20, 0x01, 0x95 }, \
  { 0x83, 0xA2, 0xB1, 0x4F }, \
  { 0x02, 0x30, 0x03, 0x93 }, \
  { 0x82, 0x82, 0x12, 0x4F }, \
  { 0x82, 0xAC, 0xB1, 0x73 }, \
  { 0x00, 0x82, 0x12, 0x58 }, \
  { 0x40, 0x01, 0xFF, 0xC5 }, \
  { 0xFF, 0xFF, 0xFF, 0x8F }, \
  { 0x82, 0xAA, 0xB1, 0x4F }, \
  { 0x01, 0x21, 0x01, 0x90 }, \
  { 0xFF, 0xFF, 0xFF, 0x8F }, \
  { 0x80, 0x11, 0x80, 0x90 }, \
  { 0xFF, 0xFF, 0xFF, 0x8F }, \
  { 0xFF, 0xF1, 0x72, 0x2A }, \
  { 0xFF, 0x72, 0x72, 0x36 }, \
  { 0x01, 0x00, 0x72, 0x20 }, \
  { 0x00, 0x00, 0x73, 0x28 }, \
  { 0x00, 0x00, 0x74, 0x29 }, \
  { 0x86, 0xAB, 0xB1, 0x4F }, \
  { 0xF2, 0xF4, 0x74, 0x23 }, \
  { 0x01, 0x00, 0x76, 0x24 }, \
  { 0x00, 0x61, 0xFF, 0x90 }, \
  { 0xBC, 0x0C, 0xFF, 0x83 }, \
  { 0x88, 0xAD, 0xB1, 0x4F }, \
  { 0x89, 0xAE, 0xB1, 0x4F }, \
  { 0xF4, 0xF8, 0x78, 0x23 }, \
  { 0x88, 0x95, 0x10, 0x73 }, \
  { 0x89, 0x94, 0x10, 0x73 }, \
  { 0x88, 0xAF, 0xB1, 0x4F }, \
  { 0x89, 0xB0, 0xB1, 0x4F }, \
  { 0xF4, 0xF8, 0x78, 0x23 }, \
  { 0x88, 0x97, 0x10, 0x73 }, \
  { 0x89, 0x96, 0x10, 0x73 }, \
  { 0x88, 0xB1, 0xB1, 0x4F }, \
  { 0x89, 0xB2, 0xB1, 0x4F }, \
  { 0xF4, 0xF8, 0x78, 0x23 }, \
  { 0x88, 0x99, 0x10, 0x73 }, \
  { 0x89, 0x98, 0x10, 0x73 }, \
  { 0x88, 0xB3, 0xB1, 0x4F }, \
  { 0x89, 0xB4, 0xB1, 0x4F }, \
  { 0xF4, 0xF8, 0x78, 0x23 }, \
  { 0x88, 0x9B, 0x10, 0x73 }, \
  { 0x89, 0x9A, 0x10, 0x73 }, \
  { 0xFF, 0xFF, 0xFF, 0x8F }, \
  { 0x81, 0xAC, 0xB1, 0x4F }, \
  { 0x81, 0x82, 0x12, 0x73 }, \
  { 0xFF, 0xFF, 0xFF, 0xFC }, \
  { 0xFF, 0xFF, 0xFF, 0xFF }, \
  { 0xFF, 0xFF, 0xFF, 0xFF }, \
  { 0xFF, 0xFF, 0xFF, 0xFF }, \
  { 0xFF, 0xFF, 0xFF, 0xFF }, \
  { 0xFF, 0xFF, 0xFF, 0xFF }, \
  { 0xFF, 0xFF, 0xFF, 0xFF }, \
  { 0xFF, 0xFF, 0xFF, 0xFF }, \
  { 0xFF, 0xFF, 0xFF, 0xFF }, \
  { 0xFF, 0xFF, 0xFF, 0xFF }, \
  { 0xFF, 0xFF, 0xFF, 0xFF }, \
  { 0xFF, 0xFF, 0xFF, 0xFF }, \
  { 0xFF, 0xFF, 0xFF, 0xFF }, \
  { 0xFF, 0xFF, 0xFF, 0xFF }, \
  { 0xFF, 0xFF, 0xFF, 0xFF }, \
  { 0xFF, 0xFF, 0xFF, 0xFF }, \
  { 0xFF, 0xFF, 0xFF, 0xFF }, \
  { 0xFF, 0xFF, 0xFF, 0xFF }, \
  { 0xFF, 0xFF, 0xFF, 0xFF }, \
  { 0xFF, 0xFF, 0xFF, 0xFF }, \
  { 0xFF, 0xFF, 0xFF, 0xFF }, \
  { 0xFF, 0xFF, 0xFF, 0xFF }, \
  { 0xFF, 0xFF, 0xFF, 0xFF }, \
  { 0xFF, 0xFF, 0xFF, 0xFF }, \
  { 0xFF, 0xFF, 0xFF, 0xFF }, \
  { 0xFF, 0xFF, 0xFF, 0xFF }, \
  { 0xFF, 0xFF, 0xFF, 0xFF }, \
  { 0xFF, 0xFF, 0xFF, 0xFF }, \
  { 0xFF, 0xFF, 0xFF, 0xFF }, \
  { 0xFF, 0xFF, 0xFF, 0xFF }, \
  { 0xFF, 0xFF, 0xFF, 0xFF }, \
  { 0xFF, 0xFF, 0xFF, 0xFF }, \
  { 0xFF, 0xFF, 0xFF, 0xFF }, \
  { 0xFF, 0xFF, 0xFF, 0xFF }, \
  { 0xFF, 0xFF, 0xFF, 0xFF }, \
  { 0xFF, 0xFF, 0xFF, 0xFF }, \
  { 0xFF, 0xFF, 0xFF, 0xFF }, \
  { 0xFF, 0xFF, 0xFF, 0xFF }, \
  { 0xFF, 0xFF, 0xFF, 0xFF }, \
  { 0xFF, 0xFF, 0xFF, 0xFF }, \
  { 0xFF, 0xFF, 0xFF, 0xFF }, \
  { 0xFF, 0xFF, 0xFF, 0xFF }, \
  { 0xFF, 0xFF, 0xFF, 0xFF }, \
  { 0xFF, 0xFF, 0xFF, 0xFF }, \
  { 0xFF, 0xFF, 0xFF, 0xFF }, \
  { 0xFF, 0xFF, 0xFF, 0xFF }, \
  { 0xFF, 0xFF, 0xFF, 0xFF }, \
  { 0xFF, 0xFF, 0xFF, 0xFF }, \
  { 0xFF, 0xFF, 0xFF, 0xFF }, \
  { 0xFF, 0xFF, 0xFF, 0xFF }, \
  { 0xFF, 0xFF, 0xFF, 0xFF }, \
  { 0xFF, 0xFF, 0xFF, 0xFF }, \
  { 0xFF, 0xFF, 0xFF, 0xFF }, \
  { 0xFF, 0xFF, 0xFF, 0xFF }, \
  { 0xFF, 0xFF, 0xFF, 0xFF }, \
  { 0xFF, 0xFF, 0xFF, 0xFF }, \
  { 0xFF, 0xFF, 0xFF, 0xFF }, \
  { 0xFF, 0xFF, 0xFF, 0xFF }, \
  { 0xFF, 0xFF, 0xFF, 0xFF }, \
  { 0xFF, 0xFF, 0xFF, 0xFF }, \
  { 0xFF, 0xFF, 0xFF, 0xFF }, \
  { 0xFF, 0xFF, 0xFF, 0xFF }, \
  { 0xFF, 0xFF, 0xFF, 0xFF }, \
  { 0xFF, 0xFF, 0xFF, 0xFF }, \
  { 0xFF, 0xFF, 0xFF, 0xFF }, \
  { 0xFF, 0xFF, 0xFF, 0xFF }, \
  { 0xFF, 0xFF, 0xFF, 0xFF }, \
  { 0xFF, 0xFF, 0xFF, 0xFF }, \
  { 0xFF, 0xFF, 0xFF, 0xFF }, \
  { 0xFF, 0xFF, 0xFF, 0xFF }, \
  { 0xFF, 0xFF, 0xFF, 0xFF }, \
  { 0xFF, 0xFF, 0xFF, 0xFF }, \
  { 0xFF, 0xFF, 0xFF, 0xFF }, \
  { 0xFF, 0xFF, 0xFF, 0xFF }, \
  { 0xFF, 0xFF, 0xFF, 0xFF }, \
  { 0xFF, 0xFF, 0xFF, 0xFF }, \
  { 0xFF, 0xFF, 0xFF, 0xFF }, \
  { 0xFF, 0xFF, 0xFF, 0xFF }, \
  { 0xFF, 0xFF, 0xFF, 0xFF }, \
  { 0xFF, 0xFF, 0xFF, 0xFF }, \
  { 0xFF, 0xFF, 0xFF, 0xFF }, \
  { 0xFF, 0xFF, 0xFF, 0xFF }, \
  { 0xFF, 0xFF, 0xFF, 0xFF }, \
  { 0xFF, 0xFF, 0xFF, 0xFF }, \
  { 0xFF, 0xFF, 0xFF, 0xFF }, \
  { 0xFF, 0xFF, 0xFF, 0xFF }, \
  { 0xFF, 0xFF, 0xFF, 0xFF }, \
  { 0xFF, 0xFF, 0xFF, 0xFF }, \
  { 0xFF, 0xFF, 0xFF, 0xFF }, \
  { 0xFF, 0xFF, 0xFF, 0xFF }, \
  { 0xFF, 0xFF, 0xFF, 0xFF }, \
  { 0xFF, 0xFF, 0xFF, 0xFF }, \
  { 0xFF, 0xFF, 0xFF, 0xFF }, \
  { 0xFF, 0xFF, 0xFF, 0xFF }, \
  { 0xFF, 0xFF, 0xFF, 0xFF }, \
  { 0xFF, 0xFF, 0xFF, 0xFF }, \
  { 0xFF, 0xFF, 0xFF, 0xFF }, \
  { 0xFF, 0xFF, 0xFF, 0xFF }, \
  { 0xFF, 0xFF, 0xFF, 0xFF }, \
  { 0xFF, 0xFF, 0xFF, 0xFF }, \
  { 0xFF, 0xFF, 0xFF, 0xFF }, \
  { 0xFF, 0xFF, 0xFF, 0xFF }, \
  { 0xFF, 0xFF, 0xFF, 0xFF }, \
  { 0xFF, 0xFF, 0xFF, 0xFF }, \
  { 0xFF, 0xFF, 0xFF, 0xFF }, \
  { 0xFF, 0xFF, 0xFF, 0xFF }, \
  { 0xFF, 0xFF, 0xFF, 0xFF }, \
  { 0xFF, 0xFF, 0xFF, 0xFF }, \
  { 0xFF, 0xFF, 0xFF, 0xFF }, \
  { 0xFF, 0xFF, 0xFF, 0xFF }, \
  { 0xFF, 0xFF, 0xFF, 0xFF }, \
  { 0xFF, 0xFF, 0xFF, 0xFF }, \
  { 0xFF, 0xFF, 0xFF, 0xFF }, \
  { 0xFF, 0xFF, 0xFF, 0xFF }, \
  { 0xFF, 0xFF, 0xFF, 0xFF }, \
  { 0xFF, 0xFF, 0xFF, 0xFF }, \
  { 0xFF, 0xFF, 0xFF, 0xFF }, \
  { 0xFF, 0xFF, 0xFF, 0xFF }, \
  { 0xFF, 0xFF, 0xFF, 0xFF }, \
  { 0xFF, 0xFF, 0xFF, 0xFF }, \
  { 0xFF, 0xFF, 0xFF, 0xFF }, \
  { 0xFF, 0xFF, 0xFF, 0xFF }, \
  { 0xFF, 0xFF, 0xFF, 0xFF }, \
  { 0xFF, 0xFF, 0xFF, 0xFF }, \
  { 0xFF, 0xFF, 0xFF, 0xFF }, \
  { 0xFF, 0xFF, 0xFF, 0xFF }, \
  { 0xFF, 0xFF, 0xFF, 0xFF }, \
  { 0xFF, 0xFF, 0xFF, 0xFF }, \
  { 0xFF, 0xFF, 0xFF, 0xFF }, \
  { 0xFF, 0xFF, 0xFF, 0xFF }, \
  { 0xFF, 0xFF, 0xFF, 0xFF }, \
  { 0xFF, 0xFF, 0xFF, 0xFF }, \
  { 0xFF, 0xFF, 0xFF, 0xFF }, \
  { 0xFF, 0xFF, 0xFF, 0xFF }, \
  { 0xFF, 0xFF, 0xFF, 0xFF }, \
  { 0xFF, 0xFF, 0xFF, 0xFF }, \
  { 0xFF, 0xFF, 0xFF, 0xFF }, \
  { 0xFF, 0xFF, 0xFF, 0xFF }, \
  { 0xFF, 0xFF, 0xFF, 0xFF }, \
  { 0xFF, 0xFF, 0xFF, 0xFF }, \
  { 0xFF, 0xFF, 0xFF, 0xFF }, \
  { 0xFF, 0xFF, 0xFF, 0xFF }, \
  { 0xFF, 0xFF, 0xFF, 0xFF }, \
  { 0xFF, 0xFF, 0xFF, 0xFF }, \
  { 0xFF, 0xFF, 0xFF, 0xFF }, \
  { 0xFF, 0xFF, 0xFF, 0xFF }, \
  { 0xFF, 0xFF, 0xFF, 0xFF }, \
  { 0xFF, 0xFF, 0xFF, 0xFF }, \
  { 0xFF, 0xFF, 0xFF, 0xFF }, \
  { 0xFF, 0xFF, 0xFF, 0xFF }, \
  { 0xFF, 0xFF, 0xFF, 0xFF }, \
  { 0xFF, 0xFF, 0xFF, 0xFF }, \
  { 0xFF, 0xFF, 0xFF, 0xFF }, \
  { 0xFF, 0xFF, 0xFF, 0xFF }, \
  { 0xFF, 0xFF, 0xFF, 0xFF }, \
  { 0xFF, 0xFF, 0xFF, 0xFF }, \
  { 0xFF, 0xFF, 0xFF, 0xFF }, \
  { 0xFF, 0xFF, 0xFF, 0xFF }, \
  { 0xFF, 0xFF, 0xFF, 0xFF }, \
  { 0xFF, 0xFF, 0xFF, 0xFF }, \
  { 0xFF, 0xFF, 0xFF, 0xFF }, \
  { 0xFF, 0xFF, 0xFF, 0xFF }, \
  { 0xFF, 0xFF, 0xFF, 0xFF }, \
  { 0xFF, 0xFF, 0xFF, 0xFF }, \
  { 0xFF, 0xFF, 0xFF, 0xFF }, \
  { 0xFF, 0xFF, 0xFF, 0xFF }, \
  { 0xFF, 0xFF, 0xFF, 0xFC }, \
  { 0xFF, 0xFF, 0xFF, 0xFF }, \
} \
/* Nebula_RAM_b0x20_v0x02_p0x00 */
#define PM_PBS_RAM_G_DATA  { \
 /* data, offset, baseaddr, sid */ \
  { 0x00, 0x00, 0x9B, 0x74 }, \
  { 0x21, 0x1A, 0x00, 0x00 }, \
  { 0x18, 0x08, 0xFF, 0x83 }, \
  { 0x60, 0x08, 0xFF, 0x83 }, \
  { 0xCC, 0x08, 0xFF, 0x83 }, \
  { 0x40, 0x09, 0xFF, 0x83 }, \
  { 0xFF, 0x48, 0x71, 0x00 }, \
  { 0xFB, 0x08, 0x08, 0x40 }, \
  { 0x04, 0xB0, 0xFF, 0x90 }, \
  { 0x10, 0x00, 0xFF, 0x83 }, \
  { 0x01, 0xB0, 0xFF, 0x94 }, \
  { 0xF3, 0x40, 0x73, 0x40 }, \
  { 0xBF, 0x00, 0xF3, 0x2C }, \
  { 0xF3, 0x40, 0x73, 0x08 }, \
  { 0x40, 0x48, 0x73, 0x00 }, \
  { 0x14, 0x00, 0xFF, 0x83 }, \
  { 0x06, 0xB0, 0xFF, 0x90 }, \
  { 0xBC, 0x09, 0xFF, 0x83 }, \
  { 0x02, 0xB0, 0xFF, 0x90 }, \
  { 0xD4, 0x09, 0xFF, 0x83 }, \
  { 0x07, 0xB0, 0xFF, 0x90 }, \
  { 0xC4, 0x09, 0xFF, 0x83 }, \
  { 0x00, 0x91, 0x08, 0x00 }, \
  { 0xFF, 0xFF, 0xFF, 0xFC }, \
  { 0xF3, 0x0A, 0x72, 0x40 }, \
  { 0x01, 0x30, 0x01, 0x92 }, \
  { 0x01, 0x48, 0x72, 0x00 }, \
  { 0xFF, 0xFF, 0xFF, 0xFB }, \
  { 0x54, 0x0B, 0xFF, 0x83 }, \
  { 0x02, 0x30, 0x02, 0x91 }, \
  { 0x02, 0x48, 0x72, 0x00 }, \
  { 0xFF, 0xFF, 0xFF, 0xFC }, \
  { 0x04, 0x30, 0x04, 0x91 }, \
  { 0x04, 0x48, 0x72, 0x00 }, \
  { 0xFF, 0xFF, 0xFF, 0xFC }, \
  { 0x08, 0x30, 0x08, 0x91 }, \
  { 0x08, 0x48, 0x72, 0x00 }, \
  { 0xFF, 0xFF, 0xFF, 0xFC }, \
  { 0x10, 0x30, 0x10, 0x91 }, \
  { 0x10, 0x48, 0x72, 0x00 }, \
  { 0xFF, 0xFF, 0xFF, 0xFC }, \
  { 0x20, 0x30, 0x20, 0x91 }, \
  { 0x20, 0x48, 0x72, 0x00 }, \
  { 0xFF, 0xFF, 0xFF, 0xFC }, \
  { 0x40, 0x30, 0x40, 0x92 }, \
  { 0x40, 0x48, 0x72, 0x00 }, \
  { 0x00, 0x52, 0x15, 0x00 }, \
  { 0xFF, 0xFF, 0xFF, 0xFC }, \
  { 0x80, 0x48, 0x72, 0x00 }, \
  { 0x2C, 0x0A, 0xFF, 0x83 }, \
  { 0xFF, 0xFF, 0xFF, 0xFC }, \
  { 0xFF, 0xFF, 0xFF, 0xFB }, \
  { 0xF3, 0x0A, 0x73, 0x40 }, \
  { 0x01, 0x30, 0x01, 0x91 }, \
  { 0x01, 0x48, 0x73, 0x00 }, \
  { 0x6C, 0x0B, 0xFF, 0x83 }, \
  { 0x02, 0x30, 0x02, 0x92 }, \
  { 0x02, 0x48, 0x73, 0x00 }, \
  { 0xFF, 0xFF, 0xFF, 0xFB }, \
  { 0x68, 0x0A, 0xFF, 0x83 }, \
  { 0x04, 0x30, 0x04, 0x91 }, \
  { 0x04, 0x48, 0x73, 0x00 }, \
  { 0xFF, 0xFF, 0xFF, 0xFC }, \
  { 0x08, 0x30, 0x08, 0x91 }, \
  { 0x08, 0x48, 0x73, 0x00 }, \
  { 0xFF, 0xFF, 0xFF, 0xFC }, \
  { 0x10, 0x30, 0x10, 0x91 }, \
  { 0x10, 0x48, 0x73, 0x00 }, \
  { 0xFF, 0xFF, 0xFF, 0xFC }, \
  { 0x20, 0x30, 0x20, 0x91 }, \
  { 0x20, 0x48, 0x73, 0x00 }, \
  { 0xFF, 0xFF, 0xFF, 0xFC }, \
  { 0x40, 0x30, 0x40, 0x94 }, \
  { 0x40, 0x48, 0x73, 0x00 }, \
  { 0xFA, 0xBB, 0xB3, 0x40 }, \
  { 0x02, 0xA1, 0xFF, 0x90 }, \
  { 0xB0, 0x0B, 0xFF, 0x83 }, \
  { 0x84, 0x0A, 0xFF, 0x83 }, \
  { 0x80, 0x48, 0x73, 0x00 }, \
  { 0xFF, 0xFF, 0xFF, 0xFC }, \
  { 0xF3, 0x0A, 0x74, 0x40 }, \
  { 0x01, 0x30, 0x01, 0x91 }, \
  { 0x01, 0x48, 0x74, 0x00 }, \
  { 0xFF, 0xFF, 0xFF, 0xFC }, \
  { 0x02, 0x30, 0x02, 0x92 }, \
  { 0x02, 0x48, 0x74, 0x00 }, \
  { 0xFF, 0xFF, 0xFF, 0xFB }, \
  { 0xFF, 0xFF, 0xFF, 0xFC }, \
  { 0x04, 0x30, 0x04, 0x91 }, \
  { 0x04, 0x48, 0x74, 0x00 }, \
  { 0xFF, 0xFF, 0xFF, 0xFC }, \
  { 0x08, 0x30, 0x08, 0x92 }, \
  { 0x08, 0x48, 0x74, 0x00 }, \
  { 0xD4, 0x0D, 0xFF, 0x83 }, \
  { 0xFF, 0xFF, 0xFF, 0xFC }, \
  { 0x10, 0x30, 0x10, 0x91 }, \
  { 0x10, 0x48, 0x74, 0x00 }, \
  { 0xFF, 0xFF, 0xFF, 0xFC }, \
  { 0x20, 0x30, 0x20, 0x91 }, \
  { 0x20, 0x48, 0x74, 0x00 }, \
  { 0xCC, 0x0B, 0xFF, 0x83 }, \
  { 0x40, 0x30, 0x40, 0x92 }, \
  { 0x40, 0x48, 0x74, 0x00 }, \
  { 0x08, 0x0C, 0xFF, 0x83 }, \
  { 0xFF, 0xFF, 0xFF, 0xFC }, \
  { 0x80, 0x48, 0x74, 0x00 }, \
  { 0x08, 0x0C, 0xFF, 0x83 }, \
  { 0xFF, 0xFF, 0xFF, 0xFC }, \
  { 0xFF, 0xFF, 0xFF, 0xFB }, \
  { 0x45, 0x01, 0xFF, 0xC1 }, \
  { 0xFF, 0xFF, 0xFF, 0xFC }, \
  { 0xFF, 0xFF, 0xFF, 0xFB }, \
  { 0xE8, 0x09, 0xFF, 0x83 }, \
  { 0xFF, 0xFF, 0xFF, 0xFB }, \
  { 0x02, 0x00, 0x70, 0x28 }, \
  { 0x18, 0x0A, 0xFF, 0x9B }, \
  { 0x14, 0x00, 0xFF, 0x83 }, \
  { 0xFF, 0xFF, 0xFF, 0xFB }, \
  { 0x04, 0x00, 0x70, 0x28 }, \
  { 0x18, 0x0A, 0xFF, 0x9B }, \
  { 0x01, 0x45, 0x16, 0x00 }, \
  { 0xE8, 0x09, 0xFF, 0x83 }, \
  { 0x00, 0x56, 0x48, 0x00 }, \
  { 0x00, 0x57, 0x48, 0x00 }, \
  { 0x3F, 0x58, 0x48, 0x00 }, \
  { 0x81, 0x5B, 0x48, 0x00 }, \
  { 0x47, 0x64, 0x48, 0x00 }, \
  { 0xC4, 0x60, 0x48, 0x00 }, \
  { 0x01, 0x43, 0x10, 0x00 }, \
  { 0x40, 0x00, 0xFF, 0xC1 }, \
  { 0xA8, 0x0A, 0xFF, 0x9B }, \
  { 0x00, 0x43, 0x10, 0x00 }, \
  { 0x40, 0x91, 0x08, 0x00 }, \
  { 0xFF, 0xFF, 0xFF, 0xFC }, \
  { 0xFF, 0xFF, 0xFF, 0xFB }, \
  { 0xF0, 0x98, 0x08, 0x08 }, \
  { 0x03, 0x00, 0xFF, 0xC1 }, \
  { 0x06, 0x98, 0x08, 0x00 }, \
  { 0xFF, 0xFF, 0xFF, 0x8F }, \
  { 0xFF, 0xFF, 0xFF, 0xFB }, \
  { 0xF7, 0x50, 0x72, 0x40 }, \
  { 0x02, 0x70, 0xFF, 0x90 }, \
  { 0x58, 0x0A, 0xFF, 0x83 }, \
  { 0x01, 0x70, 0xFF, 0x90 }, \
  { 0x48, 0x0A, 0xFF, 0x83 }, \
  { 0xFF, 0xFF, 0xFF, 0xFC }, \
  { 0x00, 0x4A, 0x59, 0x00 }, \
  { 0xFF, 0xFF, 0xFF, 0xFB }, \
  { 0x01, 0x51, 0x72, 0x00 }, \
  { 0xFF, 0xFF, 0xFF, 0xFC }, \
  { 0xFF, 0xFF, 0xFF, 0xFB }, \
  { 0x01, 0x4A, 0x59, 0x00 }, \
  { 0x02, 0x51, 0x72, 0x00 }, \
  { 0xFF, 0xFF, 0xFF, 0xFC }, \
  { 0x00, 0x66, 0xEC, 0x01 }, \
  { 0x01, 0x77, 0xEC, 0x01 }, \
  { 0x00, 0x46, 0xEC, 0x01 }, \
  { 0x0A, 0x00, 0xFF, 0xC1 }, \
  { 0x05, 0x66, 0xEC, 0x01 }, \
  { 0x00, 0x77, 0xEC, 0x01 }, \
  { 0xFF, 0xFF, 0xFF, 0xFC }, \
  { 0xF4, 0xB8, 0xB1, 0x40 }, \
  { 0xF5, 0xBD, 0xB3, 0x40 }, \
  { 0x01, 0x00, 0x75, 0x20 }, \
  { 0xF4, 0xF5, 0x77, 0x26 }, \
  { 0xFF, 0xF6, 0xFF, 0x91 }, \
  { 0xF5, 0xBD, 0xB3, 0x08 }, \
  { 0xFF, 0xFF, 0xFF, 0xC5 }, \
  { 0xA8, 0x0A, 0xFF, 0x9B }, \
  { 0x01, 0x00, 0xFF, 0xC5 }, \
  { 0xF4, 0xB4, 0xB1, 0x40 }, \
  { 0xF5, 0xB5, 0xB1, 0x40 }, \
  { 0x01, 0x00, 0x74, 0x21 }, \
  { 0xF4, 0xB4, 0xB1, 0x08 }, \
  { 0xF5, 0xB5, 0xB1, 0x08 }, \
  { 0x28, 0x42, 0x31, 0x00 }, \
  { 0x80, 0x46, 0x31, 0x00 }, \
  { 0xB0, 0x44, 0x31, 0x00 }, \
  { 0x80, 0x47, 0x31, 0x00 }, \
  { 0x64, 0x00, 0x76, 0x29 }, \
  { 0x01, 0x00, 0xFF, 0xC1 }, \
  { 0xFB, 0x08, 0x08, 0x40 }, \
  { 0x01, 0xB0, 0xFF, 0x95 }, \
  { 0xF4, 0xB4, 0xB1, 0x40 }, \
  { 0xF5, 0xB5, 0xB1, 0x40 }, \
  { 0x01, 0x00, 0x74, 0x25 }, \
  { 0xF4, 0xB4, 0xB1, 0x08 }, \
  { 0xF5, 0xB5, 0xB1, 0x08 }, \
  { 0xFF, 0xFF, 0xFF, 0xFC }, \
  { 0xF5, 0x08, 0x31, 0x40 }, \
  { 0x01, 0x00, 0x76, 0x25 }, \
  { 0x01, 0x51, 0x03, 0x93 }, \
  { 0xFF, 0xF6, 0xFF, 0x91 }, \
  { 0x1E, 0x00, 0xFF, 0xC1 }, \
  { 0xD4, 0x0A, 0xFF, 0x83 }, \
  { 0x44, 0x0B, 0xFF, 0x83 }, \
  { 0xF1, 0x50, 0x31, 0x40 }, \
  { 0xF2, 0x51, 0x31, 0x40 }, \
  { 0xF3, 0x52, 0x31, 0x40 }, \
  { 0xF4, 0x53, 0x31, 0x40 }, \
  { 0xF1, 0xBC, 0xB1, 0x08 }, \
  { 0xF2, 0xBD, 0xB1, 0x08 }, \
  { 0xF3, 0xBE, 0xB1, 0x08 }, \
  { 0xF4, 0xBF, 0xB1, 0x08 }, \
  { 0xF4, 0xB6, 0xB1, 0x40 }, \
  { 0xF5, 0xB7, 0xB1, 0x40 }, \
  { 0x01, 0x00, 0x74, 0x21 }, \
  { 0xF4, 0xB6, 0xB1, 0x08 }, \
  { 0xF5, 0xB7, 0xB1, 0x08 }, \
  { 0x00, 0xBD, 0xB3, 0x00 }, \
  { 0x18, 0x42, 0x31, 0x00 }, \
  { 0x00, 0x46, 0x31, 0x00 }, \
  { 0xFF, 0xFF, 0xFF, 0x8F }, \
  { 0xF8, 0xB7, 0xB3, 0x40 }, \
  { 0xF8, 0xFF, 0xFF, 0xC3 }, \
  { 0x01, 0x52, 0x15, 0x00 }, \
  { 0xF8, 0xB8, 0xB3, 0x40 }, \
  { 0xF9, 0xB9, 0xB3, 0x40 }, \
  { 0xF8, 0xFF, 0xFF, 0xC7 }, \
  { 0xFA, 0xE2, 0x15, 0x40 }, \
  { 0x01, 0xA1, 0x01, 0x92 }, \
  { 0xFB, 0xB5, 0xB3, 0x40 }, \
  { 0xFB, 0xC6, 0x11, 0x08 }, \
  { 0xC4, 0x0B, 0xFF, 0x83 }, \
  { 0xF7, 0x60, 0xA6, 0x00 }, \
  { 0xFB, 0xC6, 0x11, 0x40 }, \
  { 0xFB, 0xB5, 0xB3, 0x08 }, \
  { 0xE3, 0x00, 0xFB, 0x2C }, \
  { 0xFB, 0xC6, 0x11, 0x08 }, \
  { 0xFC, 0xB6, 0xB3, 0x40 }, \
  { 0x80, 0xC1, 0xFF, 0x90 }, \
  { 0x47, 0x86, 0xFF, 0xC5 }, \
  { 0x0F, 0x89, 0xD3, 0x01 }, \
  { 0x02, 0xEB, 0xD3, 0x01 }, \
  { 0x01, 0xB4, 0xB3, 0x00 }, \
  { 0xC0, 0x03, 0xFF, 0xC5 }, \
  { 0xFC, 0xB4, 0xB3, 0x40 }, \
  { 0x02, 0xC1, 0xFF, 0x92 }, \
  { 0x01, 0xEB, 0xD3, 0x01 }, \
  { 0x02, 0xB4, 0xB3, 0x00 }, \
  { 0x47, 0x86, 0xFF, 0xC5 }, \
  { 0xFF, 0x60, 0xA6, 0x00 }, \
  { 0xFF, 0xFF, 0xFF, 0xFC }, \
  { 0xFC, 0xE3, 0x12, 0x40 }, \
  { 0x00, 0xC1, 0x02, 0x90 }, \
  { 0xFF, 0xFF, 0xFF, 0xFC }, \
  { 0xFC, 0x0B, 0x11, 0x40 }, \
  { 0x00, 0xC1, 0x40, 0x90 }, \
  { 0xFF, 0xFF, 0xFF, 0xFC }, \
  { 0xF4, 0x01, 0xFF, 0xC1 }, \
  { 0xFC, 0xEB, 0x12, 0x40 }, \
  { 0x01, 0xC1, 0x02, 0x90 }, \
  { 0xFF, 0xFF, 0xFF, 0xFC }, \
  { 0xFC, 0x07, 0x11, 0x40 }, \
  { 0x06, 0xC3, 0xFF, 0x90 }, \
  { 0xFF, 0xFF, 0xFF, 0xFC }, \
  { 0x02, 0x44, 0x16, 0x00 }, \
  { 0xFF, 0xFF, 0xFF, 0xFC }, \
  { 0x01, 0x51, 0x74, 0x00 }, \
  { 0xF0, 0x48, 0xB6, 0x40 }, \
  { 0xF1, 0x56, 0xB6, 0x40 }, \
  { 0xF0, 0xF1, 0x73, 0x22 }, \
  { 0xF2, 0x64, 0xB6, 0x40 }, \
  { 0xF3, 0xF2, 0x73, 0x22 }, \
  { 0x00, 0x30, 0x03, 0x90 }, \
  { 0xC4, 0x0D, 0xFF, 0x83 }, \
  { 0xF0, 0x42, 0xB6, 0x40 }, \
  { 0x00, 0x00, 0x01, 0x90 }, \
  { 0xC4, 0x0D, 0xFF, 0x83 }, \
  { 0xF1, 0x48, 0xB6, 0x40 }, \
  { 0x00, 0x10, 0x01, 0x90 }, \
  { 0xAC, 0x0C, 0xFF, 0x83 }, \
  { 0xF0, 0x49, 0xB6, 0x40 }, \
  { 0xF2, 0x4B, 0xB6, 0x40 }, \
  { 0xF3, 0x4C, 0xB6, 0x40 }, \
  { 0xF4, 0x4E, 0xB6, 0x40 }, \
  { 0x00, 0x40, 0xFF, 0x90 }, \
  { 0xFF, 0xF3, 0x74, 0x2A }, \
  { 0xFF, 0xF4, 0x7B, 0x2A }, \
  { 0x80, 0x00, 0x7B, 0x20 }, \
  { 0x02, 0x00, 0x7F, 0x28 }, \
  { 0xB6, 0x00, 0x7E, 0x28 }, \
  { 0x6C, 0x0C, 0xB6, 0x88 }, \
  { 0xF6, 0xFB, 0xFF, 0x46 }, \
  { 0xF1, 0xFF, 0x76, 0x39 }, \
  { 0x01, 0x00, 0x76, 0x21 }, \
  { 0xF6, 0x44, 0xB3, 0x09 }, \
  { 0xF7, 0x45, 0xB3, 0x09 }, \
  { 0x01, 0x47, 0xB3, 0x01 }, \
  { 0x01, 0x00, 0x74, 0x20 }, \
  { 0xF2, 0xF4, 0x7A, 0x26 }, \
  { 0xFF, 0xF6, 0xFF, 0x90 }, \
  { 0xA4, 0x0C, 0xFF, 0x83 }, \
  { 0x00, 0x00, 0x08, 0x91 }, \
  { 0x00, 0x48, 0xB6, 0x00 }, \
  { 0xAC, 0x0C, 0xFF, 0x83 }, \
  { 0xFF, 0xF3, 0x74, 0x2A }, \
  { 0xF4, 0x4E, 0xB6, 0x08 }, \
  { 0xAC, 0x0C, 0xFF, 0x83 }, \
  { 0xF1, 0x56, 0xB6, 0x40 }, \
  { 0x00, 0x10, 0x01, 0x90 }, \
  { 0x28, 0x0D, 0xFF, 0x83 }, \
  { 0xF0, 0x57, 0xB6, 0x40 }, \
  { 0xF2, 0x59, 0xB6, 0x40 }, \
  { 0xF3, 0x5A, 0xB6, 0x40 }, \
  { 0xF4, 0x5C, 0xB6, 0x40 }, \
  { 0x00, 0x40, 0xFF, 0x90 }, \
  { 0xFF, 0xF3, 0x74, 0x2A }, \
  { 0xFF, 0xF4, 0x7B, 0x2A }, \
  { 0x80, 0x00, 0x7B, 0x20 }, \
  { 0x02, 0x00, 0x7F, 0x28 }, \
  { 0xB6, 0x00, 0x7E, 0x28 }, \
  { 0xE4, 0x0C, 0xB6, 0x88 }, \
  { 0xF6, 0xFB, 0xFF, 0x46 }, \
  { 0xF1, 0xFF, 0x76, 0x39 }, \
  { 0x01, 0x00, 0x76, 0x21 }, \
  { 0xF6, 0x44, 0xB4, 0x09 }, \
  { 0xF7, 0x45, 0xB4, 0x09 }, \
  { 0x01, 0x47, 0xB4, 0x01 }, \
  { 0x01, 0x00, 0x74, 0x20 }, \
  { 0xF2, 0xF4, 0x7A, 0x26 }, \
  { 0xFF, 0xF6, 0xFF, 0x90 }, \
  { 0x20, 0x0D, 0xFF, 0x83 }, \
  { 0x00, 0x00, 0x08, 0x91 }, \
  { 0x00, 0x56, 0xB6, 0x00 }, \
  { 0x28, 0x0D, 0xFF, 0x83 }, \
  { 0xFF, 0xF3, 0x74, 0x2A }, \
  { 0x20, 0x0D, 0xFF, 0x83 }, \
  { 0xF4, 0x5C, 0xB6, 0x08 }, \
  { 0x28, 0x0D, 0xFF, 0x83 }, \
  { 0xF1, 0x64, 0xB6, 0x40 }, \
  { 0x00, 0x10, 0x01, 0x90 }, \
  { 0xA0, 0x0D, 0xFF, 0x83 }, \
  { 0xF0, 0x65, 0xB6, 0x40 }, \
  { 0xF2, 0x67, 0xB6, 0x40 }, \
  { 0xF3, 0x68, 0xB6, 0x40 }, \
  { 0xF4, 0x6A, 0xB6, 0x40 }, \
  { 0x00, 0x40, 0xFF, 0x90 }, \
  { 0xFF, 0xF3, 0x74, 0x2A }, \
  { 0xFF, 0xF4, 0x7B, 0x2A }, \
  { 0x80, 0x00, 0x7B, 0x20 }, \
  { 0x02, 0x00, 0x7F, 0x28 }, \
  { 0xB6, 0x00, 0x7E, 0x28 }, \
  { 0x60, 0x0D, 0xB6, 0x88 }, \
  { 0xF6, 0xFB, 0xFF, 0x46 }, \
  { 0xF1, 0xFF, 0x76, 0x39 }, \
  { 0x01, 0x00, 0x76, 0x21 }, \
  { 0xF6, 0x44, 0xB5, 0x09 }, \
  { 0xF7, 0x45, 0xB5, 0x09 }, \
  { 0x01, 0x47, 0xB5, 0x01 }, \
  { 0x01, 0x00, 0x74, 0x20 }, \
  { 0xF2, 0xF4, 0x7A, 0x26 }, \
  { 0xFF, 0xF6, 0xFF, 0x90 }, \
  { 0x9C, 0x0D, 0xFF, 0x83 }, \
  { 0x00, 0x00, 0x08, 0x91 }, \
  { 0x00, 0x64, 0xB6, 0x00 }, \
  { 0x9C, 0x0D, 0xFF, 0x83 }, \
  { 0xFF, 0xF3, 0x74, 0x2A }, \
  { 0x9C, 0x0D, 0xFF, 0x83 }, \
  { 0xF4, 0x6A, 0xB6, 0x08 }, \
  { 0x00, 0x00, 0x78, 0x29 }, \
  { 0xF8, 0x47, 0xB6, 0x40 }, \
  { 0x01, 0x00, 0x78, 0x21 }, \
  { 0xF1, 0xFF, 0x78, 0x39 }, \
  { 0xF1, 0xFF, 0x78, 0x39 }, \
  { 0xF1, 0xFF, 0x78, 0x39 }, \
  { 0xF1, 0xFF, 0x78, 0x39 }, \
  { 0xF1, 0xFF, 0x78, 0x39 }, \
  { 0xF8, 0xFF, 0xFF, 0xC7 }, \
  { 0x00, 0x4E, 0xB6, 0x00 }, \
  { 0x00, 0x5C, 0xB6, 0x00 }, \
  { 0x00, 0x69, 0xB6, 0x00 }, \
  { 0xFF, 0xFF, 0xFF, 0xFC }, \
  { 0xF0, 0xA1, 0xB1, 0x40 }, \
  { 0x01, 0x01, 0x01, 0x90 }, \
  { 0xFF, 0xFF, 0xFF, 0xFC }, \
  { 0xF0, 0x0C, 0x48, 0x40 }, \
  { 0x02, 0x01, 0x03, 0x90 }, \
  { 0xFF, 0xFF, 0xFF, 0xFC }, \
  { 0xF0, 0xC6, 0x48, 0x40 }, \
  { 0xF1, 0xC7, 0x48, 0x40 }, \
  { 0xF2, 0xA4, 0xB1, 0x40 }, \
  { 0xF3, 0xA3, 0xB1, 0x40 }, \
  { 0x80, 0x10, 0x80, 0x90 }, \
  { 0x24, 0x0E, 0xFF, 0x83 }, \
  { 0xF2, 0xF0, 0x74, 0x27 }, \
  { 0xFF, 0xF6, 0xFF, 0x90 }, \
  { 0x74, 0x0E, 0xFF, 0x83 }, \
  { 0xF2, 0xA6, 0xB1, 0x40 }, \
  { 0xF3, 0xA5, 0xB1, 0x40 }, \
  { 0xF2, 0xF0, 0x74, 0x27 }, \
  { 0xFF, 0xF6, 0xFF, 0x90 }, \
  { 0xC4, 0x0E, 0xFF, 0x83 }, \
  { 0xF8, 0xA9, 0xB1, 0x40 }, \
  { 0x02, 0x81, 0x03, 0x92 }, \
  { 0x01, 0xA8, 0xB1, 0x00 }, \
  { 0x02, 0xA9, 0xB1, 0x00 }, \
  { 0xFF, 0xFF, 0xFF, 0xFC }, \
  { 0xF5, 0xA8, 0xB1, 0x40 }, \
  { 0xF6, 0xA7, 0xB1, 0x40 }, \
  { 0xF9, 0xA2, 0xB1, 0x40 }, \
  { 0xF6, 0xF5, 0x77, 0x26 }, \
  { 0xFF, 0xF6, 0xFF, 0x95 }, \
  { 0x00, 0x70, 0xFF, 0x95 }, \
  { 0x01, 0x00, 0x75, 0x20 }, \
  { 0xF5, 0xA8, 0xB1, 0x08 }, \
  { 0x02, 0x91, 0xFF, 0x91 }, \
  { 0x02, 0xA2, 0xB1, 0x00 }, \
  { 0x14, 0x0F, 0xFF, 0x83 }, \
  { 0xFF, 0xFF, 0xFF, 0xFC }, \
  { 0x01, 0x00, 0x75, 0x20 }, \
  { 0xF5, 0xA8, 0xB1, 0x08 }, \
  { 0xFF, 0xFF, 0xFF, 0xFC }, \
  { 0xF8, 0xA9, 0xB1, 0x40 }, \
  { 0x00, 0x81, 0x03, 0x92 }, \
  { 0x01, 0xA8, 0xB1, 0x00 }, \
  { 0x00, 0xA9, 0xB1, 0x00 }, \
  { 0xFF, 0xFF, 0xFF, 0xFC }, \
  { 0xF5, 0xA8, 0xB1, 0x40 }, \
  { 0xF6, 0xA7, 0xB1, 0x40 }, \
  { 0xF9, 0xA2, 0xB1, 0x40 }, \
  { 0xF6, 0xF5, 0x77, 0x26 }, \
  { 0xFF, 0xF6, 0xFF, 0x95 }, \
  { 0x00, 0x70, 0xFF, 0x95 }, \
  { 0x01, 0x00, 0x75, 0x20 }, \
  { 0xF5, 0xA8, 0xB1, 0x08 }, \
  { 0x00, 0x91, 0xFF, 0x91 }, \
  { 0x00, 0xA2, 0xB1, 0x00 }, \
  { 0x14, 0x0F, 0xFF, 0x83 }, \
  { 0xFF, 0xFF, 0xFF, 0xFC }, \
  { 0x01, 0x00, 0x75, 0x20 }, \
  { 0xF5, 0xA8, 0xB1, 0x08 }, \
  { 0xFF, 0xFF, 0xFF, 0xFC }, \
  { 0xF8, 0xA9, 0xB1, 0x40 }, \
  { 0x01, 0x81, 0x03, 0x92 }, \
  { 0x01, 0xA8, 0xB1, 0x00 }, \
  { 0x01, 0xA9, 0xB1, 0x00 }, \
  { 0xFF, 0xFF, 0xFF, 0xFC }, \
  { 0xF5, 0xA8, 0xB1, 0x40 }, \
  { 0xF6, 0xA7, 0xB1, 0x40 }, \
  { 0xF9, 0xA2, 0xB1, 0x40 }, \
  { 0xF6, 0xF5, 0x77, 0x26 }, \
  { 0xFF, 0xF6, 0xFF, 0x95 }, \
  { 0x00, 0x70, 0xFF, 0x95 }, \
  { 0x01, 0x00, 0x75, 0x20 }, \
  { 0xF5, 0xA8, 0xB1, 0x08 }, \
  { 0x01, 0x91, 0xFF, 0x91 }, \
  { 0x01, 0xA2, 0xB1, 0x00 }, \
  { 0x14, 0x0F, 0xFF, 0x83 }, \
  { 0xFF, 0xFF, 0xFF, 0xFC }, \
  { 0x01, 0x00, 0x75, 0x20 }, \
  { 0xF5, 0xA8, 0xB1, 0x08 }, \
  { 0xFF, 0xFF, 0xFF, 0xFC }, \
  { 0x01, 0xE1, 0xB1, 0x00 }, \
  { 0x80, 0xE0, 0xB1, 0x00 }, \
  { 0x00, 0xE1, 0xB1, 0x00 }, \
  { 0x00, 0xE0, 0xB1, 0x00 }, \
  { 0xFF, 0xFF, 0xFF, 0xFC }, \
  { 0xFF, 0xFF, 0xFF, 0xFF }, \
} \

 #define PM_PBS_RAM_Z_DATA  { \
  { 0xFF, 0xFF, 0xFF, 0xFF }, \
  { 0xFF, 0xFF, 0xFF, 0xFF }, \
  { 0xFF, 0xFF, 0xFF, 0xFF }, \
  { 0xFF, 0xFF, 0xFF, 0xFF }, \
  { 0xFF, 0xFF, 0xFF, 0xFF }, \
  { 0xFF, 0xFF, 0xFF, 0xFF }, \
  { 0xFF, 0xFF, 0xFF, 0xFF }, \
  { 0xFF, 0xFF, 0xFF, 0xFF }, \
  { 0xFF, 0xFF, 0xFF, 0xFF }, \
  { 0xFF, 0xFF, 0xFF, 0xFF }, \
  { 0xFF, 0xFF, 0xFF, 0xFF }, \
  { 0xFF, 0xFF, 0xFF, 0xFF }, \
  { 0xFF, 0xFF, 0xFF, 0xFF }, \
  { 0xFF, 0xFF, 0xFF, 0xFF }, \
  { 0xFF, 0xFF, 0xFF, 0xFF }, \
  { 0xFF, 0xFF, 0xFF, 0xFF }, \
  { 0xFF, 0xFF, 0xFF, 0xFF }, \
  { 0xFF, 0xFF, 0xFF, 0xFF }, \
  { 0xFF, 0xFF, 0xFF, 0xFF }, \
  { 0xFF, 0xFF, 0xFF, 0xFF }, \
  { 0xFF, 0xFF, 0xFF, 0xFF }, \
  { 0xFF, 0xFF, 0xFF, 0xFF }, \
  { 0xFF, 0xFF, 0xFF, 0xFF }, \
  { 0xFF, 0xFF, 0xFF, 0xFF }, \
  { 0xFF, 0xFF, 0xFF, 0xFF }, \
  { 0xFF, 0xFF, 0xFF, 0xFF }, \
  { 0xFF, 0xFF, 0xFF, 0xFF }, \
  { 0xFF, 0xFF, 0xFF, 0xFF }, \
  { 0xFF, 0xFF, 0xFF, 0xFF }, \
  { 0xFF, 0xFF, 0xFF, 0xFF }, \
  { 0xFF, 0xFF, 0xFF, 0xFF }, \
  { 0xFF, 0xFF, 0xFF, 0xFF }, \
  { 0xFF, 0xFF, 0xFF, 0xFF }, \
  { 0xFF, 0xFF, 0xFF, 0xFF }, \
  { 0xFF, 0xFF, 0xFF, 0xFF }, \
  { 0xFF, 0xFF, 0xFF, 0xFF }, \
  { 0xFF, 0xFF, 0xFF, 0xFF }, \
  { 0xFF, 0xFF, 0xFF, 0xFF }, \
  { 0xFF, 0xFF, 0xFF, 0xFF }, \
  { 0xFF, 0xFF, 0xFF, 0xFF }, \
  { 0xFF, 0xFF, 0xFF, 0xFF }, \
  { 0xFF, 0xFF, 0xFF, 0xFF }, \
  { 0xFF, 0xFF, 0xFF, 0xFF }, \
  { 0xFF, 0xFF, 0xFF, 0xFF }, \
  { 0xFF, 0xFF, 0xFF, 0xFF }, \
  { 0xFF, 0xFF, 0xFF, 0xFF }, \
  { 0xFF, 0xFF, 0xFF, 0xFF }, \
  { 0xFF, 0xFF, 0xFF, 0xFF }, \
  { 0xFF, 0xFF, 0xFF, 0xFF }, \
  { 0xFF, 0xFF, 0xFF, 0xFF }, \
  { 0xFF, 0xFF, 0xFF, 0xFF }, \
  { 0xFF, 0xFF, 0xFF, 0xFF }, \
  { 0xFF, 0xFF, 0xFF, 0xFF }, \
  { 0xFF, 0xFF, 0xFF, 0xFF }, \
  { 0xFF, 0xFF, 0xFF, 0xFF }, \
  { 0xFF, 0xFF, 0xFF, 0xFF }, \
  { 0xFF, 0xFF, 0xFF, 0xFF }, \
  { 0xFF, 0xFF, 0xFF, 0xFF }, \
  { 0xFF, 0xFF, 0xFF, 0xFF }, \
  { 0xFF, 0xFF, 0xFF, 0xFF }, \
  { 0xFF, 0xFF, 0xFF, 0xFF }, \
  { 0xFF, 0xFF, 0xFF, 0xFF }, \
  { 0xFF, 0xFF, 0xFF, 0xFF }, \
  { 0xFF, 0xFF, 0xFF, 0xFF }, \
  { 0xFF, 0xFF, 0xFF, 0xFF }, \
  { 0xFF, 0xFF, 0xFF, 0xFF }, \
  { 0xFF, 0xFF, 0xFF, 0xFF }, \
  { 0xFF, 0xFF, 0xFF, 0xFF }, \
  { 0xFF, 0xFF, 0xFF, 0xFF }, \
  { 0xFF, 0xFF, 0xFF, 0xFF }, \
  { 0xFF, 0xFF, 0xFF, 0xFF }, \
  { 0xFF, 0xFF, 0xFF, 0xFF }, \
  { 0xFF, 0xFF, 0xFF, 0xFF }, \
  { 0xFF, 0xFF, 0xFF, 0xFF }, \
  { 0xFF, 0xFF, 0xFF, 0xFF }, \
  { 0xFF, 0xFF, 0xFF, 0xFF }, \
  { 0xFF, 0xFF, 0xFF, 0xFF }, \
  { 0xFF, 0xFF, 0xFF, 0xFF }, \
  { 0xFF, 0xFF, 0xFF, 0xFF }, \
  { 0xFF, 0xFF, 0xFF, 0xFF }, \
  { 0xFF, 0xFF, 0xFF, 0xFF }, \
  { 0xFF, 0xFF, 0xFF, 0xFF }, \
  { 0xFF, 0xFF, 0xFF, 0xFF }, \
  { 0xFF, 0xFF, 0xFF, 0xFF }, \
  { 0xFF, 0xFF, 0xFF, 0xFF }, \
  { 0xFF, 0xFF, 0xFF, 0xFF }, \
  { 0xFF, 0xFF, 0xFF, 0xFF }, \
  { 0xFF, 0xFF, 0xFF, 0xFF }, \
  { 0xFF, 0xFF, 0xFF, 0xFF }, \
  { 0xFF, 0xFF, 0xFF, 0xFF }, \
  { 0xFF, 0xFF, 0xFF, 0xFF }, \
  { 0xFF, 0xFF, 0xFF, 0xFF }, \
  { 0xFF, 0xFF, 0xFF, 0xFF }, \
  { 0xFF, 0xFF, 0xFF, 0xFF }, \
  { 0xFF, 0xFF, 0xFF, 0xFF }, \
  { 0xFF, 0xFF, 0xFF, 0xFF }, \
  { 0xFF, 0xFF, 0xFF, 0xFF }, \
  { 0xFF, 0xFF, 0xFF, 0xFF }, \
  { 0xFF, 0xFF, 0xFF, 0xFF }, \
  { 0xFF, 0xFF, 0xFF, 0xFF }, \
  { 0xFF, 0xFF, 0xFF, 0xFF }, \
  { 0xFF, 0xFF, 0xFF, 0xFF }, \
  { 0xFF, 0xFF, 0xFF, 0xFF }, \
  { 0xFF, 0xFF, 0xFF, 0xFF }, \
  { 0xFF, 0xFF, 0xFF, 0xFF }, \
  { 0xFF, 0xFF, 0xFF, 0xFF }, \
  { 0xFF, 0xFF, 0xFF, 0xFF }, \
  { 0xFF, 0xFF, 0xFF, 0xFF }, \
  { 0xFF, 0xFF, 0xFF, 0xFF }, \
  { 0xFF, 0xFF, 0xFF, 0xFF }, \
  { 0xFF, 0xFF, 0xFF, 0xFF }, \
  { 0xFF, 0xFF, 0xFF, 0xFF }, \
  { 0xFF, 0xFF, 0xFF, 0xFF }, \
  { 0xFF, 0xFF, 0xFF, 0xFF }, \
  { 0xFF, 0xFF, 0xFF, 0xFF }, \
  { 0xFF, 0xFF, 0xFF, 0xFF }, \
  { 0xFF, 0xFF, 0xFF, 0xFF }, \
  { 0xFF, 0xFF, 0xFF, 0xFF }, \
  { 0xFF, 0xFF, 0xFF, 0xFF }, \
  { 0xFF, 0xFF, 0xFF, 0xFF }, \
  { 0xFF, 0xFF, 0xFF, 0xFF }, \
  { 0xFF, 0xFF, 0xFF, 0xFF }, \
  { 0xFF, 0xFF, 0xFF, 0xFF }, \
  { 0xFF, 0xFF, 0xFF, 0xFF }, \
  { 0xFF, 0xFF, 0xFF, 0xFF }, \
  { 0xFF, 0xFF, 0xFF, 0xFF }, \
  { 0xFF, 0xFF, 0xFF, 0xFF }, \
  { 0xFF, 0xFF, 0xFF, 0xFF }, \
  { 0xFF, 0xFF, 0xFF, 0xFF }, \
  { 0xFF, 0xFF, 0xFF, 0xFF }, \
  { 0xFF, 0xFF, 0xFF, 0xFF }, \
  { 0xFF, 0xFF, 0xFF, 0xFF }, \
  { 0xFF, 0xFF, 0xFF, 0xFF }, \
  { 0xFF, 0xFF, 0xFF, 0xFF }, \
  { 0xFF, 0xFF, 0xFF, 0xFF }, \
  { 0xFF, 0xFF, 0xFF, 0xFF }, \
  { 0xFF, 0xFF, 0xFF, 0xFF }, \
  { 0xFF, 0xFF, 0xFF, 0xFF }, \
  { 0xFF, 0xFF, 0xFF, 0xFF }, \
  { 0xFF, 0xFF, 0xFF, 0xFF }, \
  { 0xFF, 0xFF, 0xFF, 0xFF }, \
  { 0xFF, 0xFF, 0xFF, 0xFF }, \
  { 0xFF, 0xFF, 0xFF, 0xFF }, \
  { 0xFF, 0xFF, 0xFF, 0xFF }, \
  { 0xFF, 0xFF, 0xFF, 0xFF }, \
  { 0xFF, 0xFF, 0xFF, 0xFF }, \
  { 0xFF, 0xFF, 0xFF, 0xFF }, \
  { 0xFF, 0xFF, 0xFF, 0xFF }, \
  { 0xFF, 0xFF, 0xFF, 0xFF }, \
  { 0xFF, 0xFF, 0xFF, 0xFF }, \
  { 0xFF, 0xFF, 0xFF, 0xFF }, \
  { 0xFF, 0xFF, 0xFF, 0xFF }, \
  { 0xFF, 0xFF, 0xFF, 0xFF }, \
  { 0xFF, 0xFF, 0xFF, 0xFF }, \
  { 0xFF, 0xFF, 0xFF, 0xFF }, \
  { 0xFF, 0xFF, 0xFF, 0xFF }, \
  { 0xFF, 0xFF, 0xFF, 0xFF }, \
  { 0xFF, 0xFF, 0xFF, 0xFF }, \
  { 0xFF, 0xFF, 0xFF, 0xFF }, \
  { 0xFF, 0xFF, 0xFF, 0xFF }, \
  { 0xFF, 0xFF, 0xFF, 0xFF }, \
  { 0xFF, 0xFF, 0xFF, 0xFF }, \
  { 0xFF, 0xFF, 0xFF, 0xFF }, \
  { 0xFF, 0xFF, 0xFF, 0xFF }, \
  { 0xFF, 0xFF, 0xFF, 0xFF }, \
  { 0xFF, 0xFF, 0xFF, 0xFF }, \
  { 0xFF, 0xFF, 0xFF, 0xFF }, \
  { 0xFF, 0xFF, 0xFF, 0xFF }, \
  { 0xFF, 0xFF, 0xFF, 0xFF }, \
  { 0xFF, 0xFF, 0xFF, 0xFF }, \
  { 0xFF, 0xFF, 0xFF, 0xFF }, \
  { 0xFF, 0xFF, 0xFF, 0xFF }, \
  { 0xFF, 0xFF, 0xFF, 0xFF }, \
  { 0xFF, 0xFF, 0xFF, 0xFF }, \
  { 0xFF, 0xFF, 0xFF, 0xFF }, \
  { 0xFF, 0xFF, 0xFF, 0xFF }, \
  { 0xFF, 0xFF, 0xFF, 0xFF }, \
  { 0xFF, 0xFF, 0xFF, 0xFF }, \
  { 0xFF, 0xFF, 0xFF, 0xFF }, \
  { 0xFF, 0xFF, 0xFF, 0xFF }, \
  { 0xFF, 0xFF, 0xFF, 0xFF }, \
  { 0xFF, 0xFF, 0xFF, 0xFF }, \
  { 0xFF, 0xFF, 0xFF, 0xFF }, \
  { 0xFF, 0xFF, 0xFF, 0xFF }, \
  { 0xFF, 0xFF, 0xFF, 0xFF }, \
  { 0xFF, 0xFF, 0xFF, 0xFF }, \
  { 0xFF, 0xFF, 0xFF, 0xFF }, \
  { 0xFF, 0xFF, 0xFF, 0xFF }, \
  { 0xFF, 0xFF, 0xFF, 0xFF }, \
  { 0xFF, 0xFF, 0xFF, 0xFF }, \
  { 0xFF, 0xFF, 0xFF, 0xFF }, \
  { 0xFF, 0xFF, 0xFF, 0xFF }, \
  { 0xFF, 0xFF, 0xFF, 0xFF }, \
  { 0xFF, 0xFF, 0xFF, 0xFF }, \
  { 0xFF, 0xFF, 0xFF, 0xFF }, \
  { 0xFF, 0xFF, 0xFF, 0xFF }, \
  { 0xFF, 0xFF, 0xFF, 0xFF }, \
  { 0xFF, 0xFF, 0xFF, 0xFF }, \
  { 0xFF, 0xFF, 0xFF, 0xFF }, \
  { 0xFF, 0xFF, 0xFF, 0xFF }, \
  { 0xFF, 0xFF, 0xFF, 0xFF }, \
  { 0xFF, 0xFF, 0xFF, 0xFF }, \
  { 0xFF, 0xFF, 0xFF, 0xFF }, \
  { 0xFF, 0xFF, 0xFF, 0xFF }, \
  { 0xFF, 0xFF, 0xFF, 0xFF }, \
  { 0xFF, 0xFF, 0xFF, 0xFF }, \
  { 0xFF, 0xFF, 0xFF, 0xFF }, \
  { 0xFF, 0xFF, 0xFF, 0xFF }, \
  { 0xFF, 0xFF, 0xFF, 0xFF }, \
  { 0xFF, 0xFF, 0xFF, 0xFF }, \
  { 0xFF, 0xFF, 0xFF, 0xFF }, \
  { 0xFF, 0xFF, 0xFF, 0xFF }, \
  { 0xFF, 0xFF, 0xFF, 0xFF }, \
  { 0xFF, 0xFF, 0xFF, 0xFF }, \
  { 0xFF, 0xFF, 0xFF, 0xFF }, \
  { 0xFF, 0xFF, 0xFF, 0xFF }, \
  { 0xFF, 0xFF, 0xFF, 0xFF }, \
  { 0xFF, 0xFF, 0xFF, 0xFF }, \
  { 0xFF, 0xFF, 0xFF, 0xFF }, \
  { 0xFF, 0xFF, 0xFF, 0xFF }, \
  { 0xFF, 0xFF, 0xFF, 0xFF }, \
  { 0xFF, 0xFF, 0xFF, 0xFF }, \
  { 0xFF, 0xFF, 0xFF, 0xFF }, \
  { 0xFF, 0xFF, 0xFF, 0xFF }, \
  { 0xFF, 0xFF, 0xFF, 0xFF }, \
  { 0xFF, 0xFF, 0xFF, 0xFF }, \
  { 0xFF, 0xFF, 0xFF, 0xFF }, \
  { 0xFF, 0xFF, 0xFF, 0xFF }, \
  { 0xFF, 0xFF, 0xFF, 0xFF }, \
  { 0xFF, 0xFF, 0xFF, 0xFF }, \
  { 0xFF, 0xFF, 0xFF, 0xFF }, \
  { 0xFF, 0xFF, 0xFF, 0xFF }, \
  { 0xFF, 0xFF, 0xFF, 0xFF }, \
  { 0xFF, 0xFF, 0xFF, 0xFF }, \
  { 0xFF, 0xFF, 0xFF, 0xFF }, \
  { 0xFF, 0xFF, 0xFF, 0xFF }, \
  { 0xFF, 0xFF, 0xFF, 0xFF }, \
  { 0xFF, 0xFF, 0xFF, 0xFF }, \
  { 0xFF, 0xFF, 0xFF, 0xFF }, \
  { 0xFF, 0xFF, 0xFF, 0xFF }, \
  { 0xFF, 0xFF, 0xFF, 0xFF }, \
  { 0xFF, 0xFF, 0xFF, 0xFF }, \
  { 0xFF, 0xFF, 0xFF, 0xFF }, \
  { 0xFF, 0xFF, 0xFF, 0xFF }, \
  { 0xFF, 0xFF, 0xFF, 0xFF }, \
  { 0xFF, 0xFF, 0xFF, 0xFF }, \
  { 0xFF, 0xFF, 0xFF, 0xFF }, \
  { 0xFF, 0xFF, 0xFF, 0xFF }, \
  { 0xFF, 0xFF, 0xFF, 0xFF }, \
  { 0xFF, 0xFF, 0xFF, 0xFF }, \
  { 0xFF, 0xFF, 0xFF, 0xFF }, \
  { 0xFF, 0xFF, 0xFF, 0xFF }, \
  { 0xFF, 0xFF, 0xFF, 0xFF }, \
  { 0xFF, 0xFF, 0xFF, 0xFF }, \
  { 0xFF, 0xFF, 0xFF, 0xFF }, \
  { 0xFF, 0xFF, 0xFF, 0xFF }, \
  { 0xFF, 0xFF, 0xFF, 0xFF }, \
  { 0xFF, 0xFF, 0xFF, 0xFF }, \
  { 0xFF, 0xFF, 0xFF, 0xFF }, \
  { 0xFF, 0xFF, 0xFF, 0xFF }, \
  { 0xFF, 0xFF, 0xFF, 0xFF }, \
  { 0xFF, 0xFF, 0xFF, 0xFF }, \
  { 0xFF, 0xFF, 0xFF, 0xFF }, \
  { 0xFF, 0xFF, 0xFF, 0xFF }, \
  { 0xFF, 0xFF, 0xFF, 0xFF }, \
  { 0xFF, 0xFF, 0xFF, 0xFF }, \
  { 0xFF, 0xFF, 0xFF, 0xFF }, \
  { 0xFF, 0xFF, 0xFF, 0xFF }, \
  { 0xFF, 0xFF, 0xFF, 0xFF }, \
  { 0xFF, 0xFF, 0xFF, 0xFF }, \
  { 0xFF, 0xFF, 0xFF, 0xFF }, \
  { 0xFF, 0xFF, 0xFF, 0xFF }, \
  { 0xFF, 0xFF, 0xFF, 0xFF }, \
  { 0xFF, 0xFF, 0xFF, 0xFF }, \
  { 0xFF, 0xFF, 0xFF, 0xFF }, \
  { 0xFF, 0xFF, 0xFF, 0xFF }, \
  { 0xFF, 0xFF, 0xFF, 0xFF }, \
  { 0xFF, 0xFF, 0xFF, 0xFF }, \
  { 0xFF, 0xFF, 0xFF, 0xFF }, \
  { 0xFF, 0xFF, 0xFF, 0xFF }, \
  { 0xFF, 0xFF, 0xFF, 0xFF }, \
  { 0xFF, 0xFF, 0xFF, 0xFF }, \
  { 0xFF, 0xFF, 0xFF, 0xFF }, \
  { 0xFF, 0xFF, 0xFF, 0xFF }, \
  { 0xFF, 0xFF, 0xFF, 0xFF }, \
  { 0xFF, 0xFF, 0xFF, 0xFF }, \
  { 0xFF, 0xFF, 0xFF, 0xFF }, \
  { 0xFF, 0xFF, 0xFF, 0xFF }, \
  { 0xFF, 0xFF, 0xFF, 0xFF }, \
  { 0xFF, 0xFF, 0xFF, 0xFF }, \
  { 0xFF, 0xFF, 0xFF, 0xFF }, \
  { 0xFF, 0xFF, 0xFF, 0xFF }, \
  { 0xFF, 0xFF, 0xFF, 0xFF }, \
  { 0xFF, 0xFF, 0xFF, 0xFF }, \
  { 0xFF, 0xFF, 0xFF, 0xFF }, \
  { 0xFF, 0xFF, 0xFF, 0xFF }, \
  { 0xFF, 0xFF, 0xFF, 0xFF }, \
  { 0xFF, 0xFF, 0xFF, 0xFF }, \
  { 0xFF, 0xFF, 0xFF, 0xFF }, \
  { 0xFF, 0xFF, 0xFF, 0xFF }, \
  { 0xFF, 0xFF, 0xFF, 0xFF }, \
  { 0xFF, 0xFF, 0xFF, 0xFF }, \
  { 0xFF, 0xFF, 0xFF, 0xFF }, \
  { 0xFF, 0xFF, 0xFF, 0xFF }, \
  { 0xFF, 0xFF, 0xFF, 0xFF }, \
  { 0xFF, 0xFF, 0xFF, 0xFF }, \
  { 0xFF, 0xFF, 0xFF, 0xFF }, \
  { 0xFF, 0xFF, 0xFF, 0xFF }, \
  { 0xFF, 0xFF, 0xFF, 0xFF }, \
  { 0xFF, 0xFF, 0xFF, 0xFF }, \
  { 0xFF, 0xFF, 0xFF, 0xFF }, \
  { 0xFF, 0xFF, 0xFF, 0xFF }, \
  { 0xFF, 0xFF, 0xFF, 0xFF }, \
  { 0xFF, 0xFF, 0xFF, 0xFF }, \
  { 0xFF, 0xFF, 0xFF, 0xFF }, \
  { 0xFF, 0xFF, 0xFF, 0xFF }, \
  { 0xFF, 0xFF, 0xFF, 0xFF }, \
  { 0xFF, 0xFF, 0xFF, 0xFF }, \
  { 0xFF, 0xFF, 0xFF, 0xFF }, \
  { 0xFF, 0xFF, 0xFF, 0xFF }, \
  { 0xFF, 0xFF, 0xFF, 0xFF }, \
  { 0xFF, 0xFF, 0xFF, 0xFF }, \
  { 0xFF, 0xFF, 0xFF, 0xFF }, \
  { 0xFF, 0xFF, 0xFF, 0xFF }, \
  { 0xFF, 0xFF, 0xFF, 0xFF }, \
  { 0xFF, 0xFF, 0xFF, 0xFF }, \
  { 0xFF, 0xFF, 0xFF, 0xFF }, \
  { 0xFF, 0xFF, 0xFF, 0xFF }, \
  { 0xFF, 0xFF, 0xFF, 0xFF }, \
  { 0xFF, 0xFF, 0xFF, 0xFF }, \
  { 0xFF, 0xFF, 0xFF, 0xFF }, \
  { 0xFF, 0xFF, 0xFF, 0xFF }, \
  { 0xFF, 0xFF, 0xFF, 0xFF }, \
  { 0xFF, 0xFF, 0xFF, 0xFF }, \
  { 0xFF, 0xFF, 0xFF, 0xFF }, \
  { 0xFF, 0xFF, 0xFF, 0xFF }, \
  { 0xFF, 0xFF, 0xFF, 0xFF }, \
  { 0xFF, 0xFF, 0xFF, 0xFF }, \
  { 0xFF, 0xFF, 0xFF, 0xFF }, \
  { 0xFF, 0xFF, 0xFF, 0xFF }, \
  { 0xFF, 0xFF, 0xFF, 0xFF }, \
  { 0xFF, 0xFF, 0xFF, 0xFF }, \
  { 0xFF, 0xFF, 0xFF, 0xFF }, \
  { 0xFF, 0xFF, 0xFF, 0xFF }, \
  { 0xFF, 0xFF, 0xFF, 0xFF }, \
  { 0xFF, 0xFF, 0xFF, 0xFF }, \
  { 0xFF, 0xFF, 0xFF, 0xFF }, \
  { 0xFF, 0xFF, 0xFF, 0xFF }, \
  { 0xFF, 0xFF, 0xFF, 0xFF }, \
  { 0xFF, 0xFF, 0xFF, 0xFF }, \
  { 0xFF, 0xFF, 0xFF, 0xFF }, \
  { 0xFF, 0xFF, 0xFF, 0xFF }, \
  { 0xFF, 0xFF, 0xFF, 0xFF }, \
  { 0xFF, 0xFF, 0xFF, 0xFF }, \
  { 0xFF, 0xFF, 0xFF, 0xFF }, \
  { 0xFF, 0xFF, 0xFF, 0xFF }, \
  { 0xFF, 0xFF, 0xFF, 0xFF }, \
  { 0xFF, 0xFF, 0xFF, 0xFF }, \
  { 0xFF, 0xFF, 0xFF, 0xFF }, \
  { 0xFF, 0xFF, 0xFF, 0xFF }, \
  { 0xFF, 0xFF, 0xFF, 0xFF }, \
  { 0xFF, 0xFF, 0xFF, 0xFF }, \
  { 0xFF, 0xFF, 0xFF, 0xFF }, \
  { 0xFF, 0xFF, 0xFF, 0xFF }, \
  { 0xFF, 0xFF, 0xFF, 0xFF }, \
  { 0xFF, 0xFF, 0xFF, 0xFF }, \
  { 0xFF, 0xFF, 0xFF, 0xFF }, \
  { 0xFF, 0xFF, 0xFF, 0xFF }, \
  { 0xFF, 0xFF, 0xFF, 0xFF }, \
  { 0xFF, 0xFF, 0xFF, 0xFF }, \
  { 0xFF, 0xFF, 0xFF, 0xFF }, \
  { 0xFF, 0xFF, 0xFF, 0xFF }, \
  { 0xFF, 0xFF, 0xFF, 0xFF }, \
  { 0xFF, 0xFF, 0xFF, 0xFF }, \
  { 0xFF, 0xFF, 0xFF, 0xFF }, \
  { 0xFF, 0xFF, 0xFF, 0xFF }, \
  { 0xFF, 0xFF, 0xFF, 0xFF }, \
  { 0xFF, 0xFF, 0xFF, 0xFF }, \
  { 0xFF, 0xFF, 0xFF, 0xFF }, \
  { 0xFF, 0xFF, 0xFF, 0xFF }, \
  { 0xFF, 0xFF, 0xFF, 0xFF }, \
  { 0xFF, 0xFF, 0xFF, 0xFF }, \
  { 0xFF, 0xFF, 0xFF, 0xFF }, \
  { 0xFF, 0xFF, 0xFF, 0xFF }, \
  { 0xFF, 0xFF, 0xFF, 0xFF }, \
  { 0xFF, 0xFF, 0xFF, 0xFF }, \
  { 0xFF, 0xFF, 0xFF, 0xFF }, \
  { 0xFF, 0xFF, 0xFF, 0xFF }, \
  { 0xFF, 0xFF, 0xFF, 0xFF }, \
  { 0xFF, 0xFF, 0xFF, 0xFF }, \
  { 0xFF, 0xFF, 0xFF, 0xFF }, \
  { 0xFF, 0xFF, 0xFF, 0xFF }, \
  { 0xFF, 0xFF, 0xFF, 0xFF }, \
  { 0xFF, 0xFF, 0xFF, 0xFF }, \
  { 0xFF, 0xFF, 0xFF, 0xFF }, \
  { 0xFF, 0xFF, 0xFF, 0xFF }, \
  { 0xFF, 0xFF, 0xFF, 0xFF }, \
  { 0xFF, 0xFF, 0xFF, 0xFF }, \
  { 0xFF, 0xFF, 0xFF, 0xFF }, \
  { 0xFF, 0xFF, 0xFF, 0xFF }, \
  { 0xFF, 0xFF, 0xFF, 0xFF }, \
  { 0xFF, 0xFF, 0xFF, 0xFF }, \
  { 0xFF, 0xFF, 0xFF, 0xFF }, \
  { 0xFF, 0xFF, 0xFF, 0xFF }, \
  { 0xFF, 0xFF, 0xFF, 0xFF }, \
  { 0xFF, 0xFF, 0xFF, 0xFF }, \
  { 0xFF, 0xFF, 0xFF, 0xFF }, \
  { 0xFF, 0xFF, 0xFF, 0xFF }, \
  { 0xFF, 0xFF, 0xFF, 0xFF }, \
  { 0xFF, 0xFF, 0xFF, 0xFF }, \
  { 0xFF, 0xFF, 0xFF, 0xFF }, \
  { 0xFF, 0xFF, 0xFF, 0xFF }, \
  { 0xFF, 0xFF, 0xFF, 0xFF }, \
  { 0xFF, 0xFF, 0xFF, 0xFF }, \
  { 0xFF, 0xFF, 0xFF, 0xFF }, \
  { 0xFF, 0xFF, 0xFF, 0xFF }, \
  { 0xFF, 0xFF, 0xFF, 0xFF }, \
  { 0xFF, 0xFF, 0xFF, 0xFF }, \
  { 0xFF, 0xFF, 0xFF, 0xFF }, \
  { 0xFF, 0xFF, 0xFF, 0xFF }, \
  { 0xFF, 0xFF, 0xFF, 0xFF }, \
  { 0xFF, 0xFF, 0xFF, 0xFF }, \
  { 0xFF, 0xFF, 0xFF, 0xFF }, \
  { 0xFF, 0xFF, 0xFF, 0xFF }, \
  { 0xFF, 0xFF, 0xFF, 0xFF }, \
  { 0xFF, 0xFF, 0xFF, 0xFF }, \
  { 0xFF, 0xFF, 0xFF, 0xFF }, \
  { 0xFF, 0xFF, 0xFF, 0xFF }, \
  { 0xFF, 0xFF, 0xFF, 0xFF }, \
  { 0xFF, 0xFF, 0xFF, 0xFF }, \
  { 0xFF, 0xFF, 0xFF, 0xFF }, \
  { 0xFF, 0xFF, 0xFF, 0xFF }, \
  { 0xFF, 0xFF, 0xFF, 0xFF }, \
  { 0xFF, 0xFF, 0xFF, 0xFF }, \
  { 0xFF, 0xFF, 0xFF, 0xFF }, \
  { 0xFF, 0xFF, 0xFF, 0xFF }, \
  { 0xFF, 0xFF, 0xFF, 0xFF }, \
  { 0xFF, 0xFF, 0xFF, 0xFF }, \
  { 0xFF, 0xFF, 0xFF, 0xFF }, \
  { 0xFF, 0xFF, 0xFF, 0xFF }, \
  { 0xFF, 0xFF, 0xFF, 0xFF }, \
  { 0xFF, 0xFF, 0xFF, 0xFF }, \
  { 0xFF, 0xFF, 0xFF, 0xFF }, \
  { 0xFF, 0xFF, 0xFF, 0xFF }, \
  { 0xFF, 0xFF, 0xFF, 0xFF }, \
  { 0xFF, 0xFF, 0xFF, 0xFF }, \
  { 0xFF, 0xFF, 0xFF, 0xFF }, \
  { 0xFF, 0xFF, 0xFF, 0xFF }, \
  { 0xFF, 0xFF, 0xFF, 0xFF }, \
  { 0xFF, 0xFF, 0xFF, 0xFF }, \
  { 0xFF, 0xFF, 0xFF, 0xFF }, \
  { 0xFF, 0xFF, 0xFF, 0xFF }, \
  { 0xFF, 0xFF, 0xFF, 0xFF }, \
  { 0xFF, 0xFF, 0xFF, 0xFF }, \
  { 0xFF, 0xFF, 0xFF, 0xFF }, \
  { 0xFF, 0xFF, 0xFF, 0xFF }, \
  { 0xFF, 0xFF, 0xFF, 0xFF }, \
  { 0xFF, 0xFF, 0xFF, 0xFF }, \
  { 0xFF, 0xFF, 0xFF, 0xFF }, \
  { 0xFF, 0xFF, 0xFF, 0xFF }, \
  { 0xFF, 0xFF, 0xFF, 0xFF }, \
  { 0xFF, 0xFF, 0xFF, 0xFF }, \
  { 0xFF, 0xFF, 0xFF, 0xFF }, \
  { 0xFF, 0xFF, 0xFF, 0xFF }, \
  { 0xFF, 0xFF, 0xFF, 0xFF }, \
  { 0xFF, 0xFF, 0xFF, 0xFF }, \
  { 0xFF, 0xFF, 0xFF, 0xFF }, \
  { 0xFF, 0xFF, 0xFF, 0xFF }, \
  { 0xFF, 0xFF, 0xFF, 0xFF }, \
  { 0xFF, 0xFF, 0xFF, 0xFF }, \
  { 0xFF, 0xFF, 0xFF, 0xFF }, \
  { 0xFF, 0xFF, 0xFF, 0xFF }, \
  { 0xFF, 0xFF, 0xFF, 0xFF }, \
  { 0xFF, 0xFF, 0xFF, 0xFF }, \
  { 0xFF, 0xFF, 0xFF, 0xFF }, \
  { 0xFF, 0xFF, 0xFF, 0xFF }, \
  { 0xFF, 0xFF, 0xFF, 0xFF }, \
  { 0xFF, 0xFF, 0xFF, 0xFF }, \
  { 0xFF, 0xFF, 0xFF, 0xFF }, \
  { 0xFF, 0xFF, 0xFF, 0xFF }, \
  { 0xFF, 0xFF, 0xFF, 0xFF }, \
  { 0xFF, 0xFF, 0xFF, 0xFF }, \
  { 0xFF, 0xFF, 0xFF, 0xFF }, \
  { 0xFF, 0xFF, 0xFF, 0xFF }, \
  { 0xFF, 0xFF, 0xFF, 0xFF }, \
  { 0xFF, 0xFF, 0xFF, 0xFF }, \
  { 0xFF, 0xFF, 0xFF, 0xFF }, \
  { 0xFF, 0xFF, 0xFF, 0xFF }, \
  { 0xFF, 0xFF, 0xFF, 0xFF }, \
  { 0xFF, 0xFF, 0xFF, 0xFF }, \
  { 0xFF, 0xFF, 0xFF, 0xFF }, \
  { 0xFF, 0xFF, 0xFF, 0xFF }, \
  { 0xFF, 0xFF, 0xFF, 0xFF }, \
  { 0xFF, 0xFF, 0xFF, 0xFF }, \
  { 0xFF, 0xFF, 0xFF, 0xFF }, \
  { 0xFF, 0xFF, 0xFF, 0xFF }, \
  { 0xFF, 0xFF, 0xFF, 0xFF }, \
  { 0xFF, 0xFF, 0xFF, 0xFF }, \
  { 0xFF, 0xFF, 0xFF, 0xFF }, \
  { 0xFF, 0xFF, 0xFF, 0xFF }, \
  { 0xFF, 0xFF, 0xFF, 0xFF }, \
  { 0xFF, 0xFF, 0xFF, 0xFF }, \
  { 0xFF, 0xFF, 0xFF, 0xFF }, \
  { 0xFF, 0xFF, 0xFF, 0xFF }, \
  { 0xFF, 0xFF, 0xFF, 0xFF }, \
  { 0xFF, 0xFF, 0xFF, 0xFF }, \
  { 0xFF, 0xFF, 0xFF, 0xFF }, \
  { 0xFF, 0xFF, 0xFF, 0xFF }, \
  { 0xFF, 0xFF, 0xFF, 0xFF }, \
  { 0xFF, 0xFF, 0xFF, 0xFF }, \
  { 0xFF, 0xFF, 0xFF, 0xFF }, \
  { 0xFF, 0xFF, 0xFF, 0xFF }, \
  { 0xFF, 0xFF, 0xFF, 0xFF }, \
  { 0xFF, 0xFF, 0xFF, 0xFF }, \
  { 0xFF, 0xFF, 0xFF, 0xFF }, \
  { 0xFF, 0xFF, 0xFF, 0xFF }, \
  { 0xFF, 0xFF, 0xFF, 0xFF }, \
  { 0xFF, 0xFF, 0xFF, 0xFF }, \
  { 0xFF, 0xFF, 0xFF, 0xFF }, \
  { 0xFF, 0xFF, 0xFF, 0xFF }, \
  { 0xFF, 0xFF, 0xFF, 0xFF }, \
  { 0xFF, 0xFF, 0xFF, 0xFF }, \
  { 0xFF, 0xFF, 0xFF, 0xFF }, \
  { 0xFF, 0xFF, 0xFF, 0xFF }, \
  { 0xFF, 0xFF, 0xFF, 0xFF }, \
  { 0xFF, 0xFF, 0xFF, 0xFF }, \
  { 0xFF, 0xFF, 0xFF, 0xFF }, \
  { 0xFF, 0xFF, 0xFF, 0xFF }, \
  { 0xFF, 0xFF, 0xFF, 0xFF }, \
  { 0xFF, 0xFF, 0xFF, 0xFF }, \
  { 0xFF, 0xFF, 0xFF, 0xFF }, \
  { 0xFF, 0xFF, 0xFF, 0xFF }, \
  { 0xFF, 0xFF, 0xFF, 0xFF }, \
  { 0xFF, 0xFF, 0xFF, 0xFF }, \
  { 0xFF, 0xFF, 0xFF, 0xFF }, \
  { 0xFF, 0xFF, 0xFF, 0xFF }, \
  { 0xFF, 0xFF, 0xFF, 0xFF }, \
  { 0xFF, 0xFF, 0xFF, 0xFF }, \
  { 0xFF, 0xFF, 0xFF, 0xFF }, \
  { 0xFF, 0xFF, 0xFF, 0xFF }, \
  { 0xFF, 0xFF, 0xFF, 0xFF }, \
  { 0xFF, 0xFF, 0xFF, 0xFF }, \
  { 0xFF, 0xFF, 0xFF, 0xFF }, \
  { 0xFF, 0xFF, 0xFF, 0xFF }, \
  { 0xFF, 0xFF, 0xFF, 0xFF }, \
  { 0xFF, 0xFF, 0xFF, 0xFF }, \
  { 0xFF, 0xFF, 0xFF, 0xFF }, \
  { 0xFF, 0xFF, 0xFF, 0xFF }, \
  { 0xFF, 0xFF, 0xFF, 0xFF }, \
  { 0xFF, 0xFF, 0xFF, 0xFF }, \
  { 0xFF, 0xFF, 0xFF, 0xFF }, \
  { 0xFF, 0xFF, 0xFF, 0xFF }, \
  { 0xFF, 0xFF, 0xFF, 0xFF }, \
  { 0xFF, 0xFF, 0xFF, 0xFF }, \
  { 0xFF, 0xFF, 0xFF, 0xFF }, \
  { 0xFF, 0xFF, 0xFF, 0xFF }, \
  { 0xFF, 0xFF, 0xFF, 0xFF }, \
  { 0xFF, 0xFF, 0xFF, 0xFF }, \
  { 0xFF, 0xFF, 0xFF, 0xFF }, \
  { 0xFF, 0xFF, 0xFF, 0xFF }, \
  { 0xFF, 0xFF, 0xFF, 0xFF }, \
  { 0xFF, 0xFF, 0xFF, 0xFF }, \
  { 0xFF, 0xFF, 0xFF, 0xFF }, \
  { 0xFF, 0xFF, 0xFF, 0xFF }, \
  { 0xFF, 0xFF, 0xFF, 0xFF }, \
  { 0xFF, 0xFF, 0xFF, 0xFF }, \
  { 0xFF, 0xFF, 0xFF, 0xFF }, \
  { 0xFF, 0xFF, 0xFF, 0xFF }, \
  { 0xFF, 0xFF, 0xFF, 0xFF }, \
  { 0xFF, 0xFF, 0xFF, 0xFF }, \
  { 0xFF, 0xFF, 0xFF, 0xFF }, \
  { 0xFF, 0xFF, 0xFF, 0xFF }, \
  { 0xFF, 0xFF, 0xFF, 0xFF }, \
  { 0xFF, 0xFF, 0xFF, 0xFF }, \
  { 0xFF, 0xFF, 0xFF, 0xFF }, \
  { 0xFF, 0xFF, 0xFF, 0xFF }, \
  { 0xFF, 0xFF, 0xFF, 0xFF }, \
  { 0xFF, 0xFF, 0xFF, 0xFF }, \
  { 0xFF, 0xFF, 0xFF, 0xFF }, \
  { 0xFF, 0xFF, 0xFF, 0xFF }, \
  { 0xFF, 0xFF, 0xFF, 0xFF }, \
  { 0xFF, 0xFF, 0xFF, 0xFF }, \
  { 0xFF, 0xFF, 0xFF, 0xFF }, \
  { 0xFF, 0xFF, 0xFF, 0xFF }, \
  { 0xFF, 0xFF, 0xFF, 0xFF }, \
  { 0xFF, 0xFF, 0xFF, 0xFF }, \
  { 0xFF, 0xFF, 0xFF, 0xFF }, \
  { 0xFF, 0xFF, 0xFF, 0xFF }, \
  { 0xFF, 0xFF, 0xFF, 0xFF }, \
  { 0xFF, 0xFF, 0xFF, 0xFF }, \
  { 0xFF, 0xFF, 0xFF, 0xFF }, \
  { 0xFF, 0xFF, 0xFF, 0xFF }, \
  { 0xFF, 0xFF, 0xFF, 0xFF }, \
  { 0xFF, 0xFF, 0xFF, 0xFF }, \
  { 0xFF, 0xFF, 0xFF, 0xFF }, \
  { 0xFF, 0xFF, 0xFF, 0xFF }, \
  { 0xFF, 0xFF, 0xFF, 0xFF }, \
  { 0xFF, 0xFF, 0xFF, 0xFF }, \
  { 0xFF, 0xFF, 0xFF, 0xFF }, \
  { 0xFF, 0xFF, 0xFF, 0xFF }, \
  { 0xFF, 0xFF, 0xFF, 0xFF }, \
  { 0xFF, 0xFF, 0xFF, 0xFF }, \
  { 0xFF, 0xFF, 0xFF, 0xFF }, \
  { 0xFF, 0xFF, 0xFF, 0xFF }, \
  { 0xFF, 0xFF, 0xFF, 0xFF }, \
  { 0xFF, 0xFF, 0xFF, 0xFF }, \
  { 0xFF, 0xFF, 0xFF, 0xFF }, \
  { 0xFF, 0xFF, 0xFF, 0xFF }, \
  { 0xFF, 0xFF, 0xFF, 0xFF }, \
  { 0xFF, 0xFF, 0xFF, 0xFF }, \
  { 0xFF, 0xFF, 0xFF, 0xFF }, \
  { 0xFF, 0xFF, 0xFF, 0xFF }, \
  { 0xFF, 0xFF, 0xFF, 0xFF }, \
  { 0xFF, 0xFF, 0xFF, 0xFF }, \
  { 0xFF, 0xFF, 0xFF, 0xFF }, \
  { 0xFF, 0xFF, 0xFF, 0xFF }, \
  { 0xFF, 0xFF, 0xFF, 0xFF }, \
  { 0xFF, 0xFF, 0xFF, 0xFF }, \
  { 0xFF, 0xFF, 0xFF, 0xFF }, \
  { 0xFF, 0xFF, 0xFF, 0xFF }, \
  { 0xFF, 0xFF, 0xFF, 0xFF }, \
  { 0xFF, 0xFF, 0xFF, 0xFF }, \
  { 0xFF, 0xFF, 0xFF, 0xFF }, \
  { 0xFF, 0xFF, 0xFF, 0xFF }, \
  { 0xFF, 0xFF, 0xFF, 0xFF }, \
  { 0xFF, 0xFF, 0xFF, 0xFF }, \
  { 0xFF, 0xFF, 0xFF, 0xFF }, \
  { 0xFF, 0xFF, 0xFF, 0xFF }, \
  { 0xFF, 0xFF, 0xFF, 0xFF }, \
  { 0xFF, 0xFF, 0xFF, 0xFF }, \
  { 0xFF, 0xFF, 0xFF, 0xFF }, \
  { 0xFF, 0xFF, 0xFF, 0xFF }, \
  { 0xFF, 0xFF, 0xFF, 0xFF }, \
  { 0xFF, 0xFF, 0xFF, 0xFF }, \
  { 0xFF, 0xFF, 0xFF, 0xFF }, \
  { 0xFF, 0xFF, 0xFF, 0xFF }, \
  { 0xFF, 0xFF, 0xFF, 0xFF }, \
  { 0xFF, 0xFF, 0xFF, 0xFF }, \
  { 0xFF, 0xFF, 0xFF, 0xFF }, \
  { 0xFF, 0xFF, 0xFF, 0xFF }, \
  { 0xFF, 0xFF, 0xFF, 0xFF }, \
  { 0xFF, 0xFF, 0xFF, 0xFF }, \
  { 0xFF, 0xFF, 0xFF, 0xFF }, \
  { 0xFF, 0xFF, 0xFF, 0xFF }, \
  { 0xFF, 0xFF, 0xFF, 0xFF }, \
  { 0xFF, 0xFF, 0xFF, 0xFF }, \
  { 0xFF, 0xFF, 0xFF, 0xFF }, \
  { 0xFF, 0xFF, 0xFF, 0xFF }, \
  { 0xFF, 0xFF, 0xFF, 0xFF }, \
  { 0xFF, 0xFF, 0xFF, 0xFF }, \
  { 0xFF, 0xFF, 0xFF, 0xFF }, \
  { 0xFF, 0xFF, 0xFF, 0xFF }, \
  { 0xFF, 0xFF, 0xFF, 0xFF }, \
  { 0xFF, 0xFF, 0xFF, 0xFF }, \
  { 0xFF, 0xFF, 0xFF, 0xFF }, \
  { 0xFF, 0xFF, 0xFF, 0xFF }, \
  { 0xFF, 0xFF, 0xFF, 0xFF }, \
  { 0xFF, 0xFF, 0xFF, 0xFF }, \
  { 0xFF, 0xFF, 0xFF, 0xFF }, \
  { 0xFF, 0xFF, 0xFF, 0xFF }, \
  { 0xFF, 0xFF, 0xFF, 0xFF }, \
  { 0xFF, 0xFF, 0xFF, 0xFF }, \
  { 0xFF, 0xFF, 0xFF, 0xFF }, \
  { 0xFF, 0xFF, 0xFF, 0xFF }, \
  { 0xFF, 0xFF, 0xFF, 0xFF }, \
  { 0xFF, 0xFF, 0xFF, 0xFF }, \
  { 0xFF, 0xFF, 0xFF, 0xFF }, \
  { 0xFF, 0xFF, 0xFF, 0xFF }, \
  { 0xFF, 0xFF, 0xFF, 0xFF }, \
  { 0xFF, 0xFF, 0xFF, 0xFF }, \
  { 0xFF, 0xFF, 0xFF, 0xFF }, \
  { 0xFF, 0xFF, 0xFF, 0xFF }, \
  { 0xFF, 0xFF, 0xFF, 0xFF }, \
  { 0xFF, 0xFF, 0xFF, 0xFF }, \
  { 0xFF, 0xFF, 0xFF, 0xFF }, \
  { 0xFF, 0xFF, 0xFF, 0xFF }, \
  { 0xFF, 0xFF, 0xFF, 0xFF }, \
  { 0xFF, 0xFF, 0xFF, 0xFF }, \
  { 0xFF, 0xFF, 0xFF, 0xFF }, \
  { 0xFF, 0xFF, 0xFF, 0xFF }, \
  { 0xFF, 0xFF, 0xFF, 0xFF }, \
  { 0xFF, 0xFF, 0xFF, 0xFF }, \
  { 0xFF, 0xFF, 0xFF, 0xFF }, \
  { 0xFF, 0xFF, 0xFF, 0xFF }, \
  { 0xFF, 0xFF, 0xFF, 0xFF }, \
  { 0xFF, 0xFF, 0xFF, 0xFF }, \
  { 0xFF, 0xFF, 0xFF, 0xFF }, \
  { 0xFF, 0xFF, 0xFF, 0xFF }, \
  { 0xFF, 0xFF, 0xFF, 0xFF }, \
  { 0xFF, 0xFF, 0xFF, 0xFF }, \
  { 0xFF, 0xFF, 0xFF, 0xFF }, \
  { 0xFF, 0xFF, 0xFF, 0xFF }, \
  { 0xFF, 0xFF, 0xFF, 0xFF }, \
  { 0xFF, 0xFF, 0xFF, 0xFF }, \
  { 0xFF, 0xFF, 0xFF, 0xFF }, \
  { 0xFF, 0xFF, 0xFF, 0xFF }, \
  { 0xFF, 0xFF, 0xFF, 0xFF }, \
  { 0xFF, 0xFF, 0xFF, 0xFF }, \
  { 0xFF, 0xFF, 0xFF, 0xFF }, \
  { 0xFF, 0xFF, 0xFF, 0xFF }, \
  { 0xFF, 0xFF, 0xFF, 0xFF }, \
  { 0xFF, 0xFF, 0xFF, 0xFF }, \
  { 0xFF, 0xFF, 0xFF, 0xFF }, \
  { 0xFF, 0xFF, 0xFF, 0xFF }, \
  { 0xFF, 0xFF, 0xFF, 0xFF }, \
  { 0xFF, 0xFF, 0xFF, 0xFF }, \
  { 0xFF, 0xFF, 0xFF, 0xFF }, \
  { 0xFF, 0xFF, 0xFF, 0xFF }, \
  { 0xFF, 0xFF, 0xFF, 0xFF }, \
  { 0xFF, 0xFF, 0xFF, 0xFF }, \
  { 0xFF, 0xFF, 0xFF, 0xFF }, \
  { 0xFF, 0xFF, 0xFF, 0xFF }, \
  { 0xFF, 0xFF, 0xFF, 0xFF }, \
  { 0xFF, 0xFF, 0xFF, 0xFF }, \
  { 0xFF, 0xFF, 0xFF, 0xFF }, \
  { 0xFF, 0xFF, 0xFF, 0xFF }, \
  { 0xFF, 0xFF, 0xFF, 0xFF }, \
  { 0xFF, 0xFF, 0xFF, 0xFF }, \
  { 0xFF, 0xFF, 0xFF, 0xFF }, \
  { 0xFF, 0xFF, 0xFF, 0xFF }, \
  { 0xFF, 0xFF, 0xFF, 0xFF }, \
  { 0xFF, 0xFF, 0xFF, 0xFF }, \
  { 0xFF, 0xFF, 0xFF, 0xFF }, \
  { 0xFF, 0xFF, 0xFF, 0xFF }, \
  { 0xFF, 0xFF, 0xFF, 0xFF }, \
  { 0xFF, 0xFF, 0xFF, 0xFF }, \
  { 0xFF, 0xFF, 0xFF, 0xFF }, \
  { 0xFF, 0xFF, 0xFF, 0xFF }, \
  { 0xFF, 0xFF, 0xFF, 0xFF }, \
  { 0xFF, 0xFF, 0xFF, 0xFF }, \
  { 0xFF, 0xFF, 0xFF, 0xFF }, \
  { 0xFF, 0xFF, 0xFF, 0xFF }, \
  { 0xFF, 0xFF, 0xFF, 0xFF }, \
  { 0xFF, 0xFF, 0xFF, 0xFF }, \
  { 0xFF, 0xFF, 0xFF, 0xFF }, \
  { 0xFF, 0xFF, 0xFF, 0xFF }, \
  { 0xFF, 0xFF, 0xFF, 0xFF }, \
  { 0xFF, 0xFF, 0xFF, 0xFF }, \
  { 0xFF, 0xFF, 0xFF, 0xFF }, \
  { 0xFF, 0xFF, 0xFF, 0xFF }, \
  { 0xFF, 0xFF, 0xFF, 0xFF }, \
  { 0xFF, 0xFF, 0xFF, 0xFF }, \
  { 0xFF, 0xFF, 0xFF, 0xFF }, \
  { 0xFF, 0xFF, 0xFF, 0xFF }, \
  { 0xFF, 0xFF, 0xFF, 0xFF }, \
  { 0xFF, 0xFF, 0xFF, 0xFF }, \
  { 0xFF, 0xFF, 0xFF, 0xFF }, \
  { 0xFF, 0xFF, 0xFF, 0xFF }, \
  { 0xFF, 0xFF, 0xFF, 0xFF }, \
  { 0xFF, 0xFF, 0xFF, 0xFF }, \
  { 0xFF, 0xFF, 0xFF, 0xFF }, \
  { 0xFF, 0xFF, 0xFF, 0xFF }, \
  { 0xFF, 0xFF, 0xFF, 0xFF }, \
  { 0xFF, 0xFF, 0xFF, 0xFF }, \
  { 0xFF, 0xFF, 0xFF, 0xFF }, \
  { 0xFF, 0xFF, 0xFF, 0xFF }, \
  { 0xFF, 0xFF, 0xFF, 0xFF }, \
  { 0xFF, 0xFF, 0xFF, 0xFF }, \
  { 0xFF, 0xFF, 0xFF, 0xFF }, \
  { 0xFF, 0xFF, 0xFF, 0xFF }, \
  { 0xFF, 0xFF, 0xFF, 0xFF }, \
  { 0xFF, 0xFF, 0xFF, 0xFF }, \
  { 0xFF, 0xFF, 0xFF, 0xFF }, \
  { 0xFF, 0xFF, 0xFF, 0xFF }, \
  { 0xFF, 0xFF, 0xFF, 0xFF }, \
  { 0xFF, 0xFF, 0xFF, 0xFF }, \
  { 0xFF, 0xFF, 0xFF, 0xFF }, \
  { 0xFF, 0xFF, 0xFF, 0xFF }, \
  { 0xFF, 0xFF, 0xFF, 0xFF }, \
  { 0xFF, 0xFF, 0xFF, 0xFF }, \
  { 0xFF, 0xFF, 0xFF, 0xFF }, \
  { 0xFF, 0xFF, 0xFF, 0xFF }, \
  { 0xFF, 0xFF, 0xFF, 0xFF }, \
  { 0xFF, 0xFF, 0xFF, 0xFF }, \
  { 0xFF, 0xFF, 0xFF, 0xFF }, \
  { 0xFF, 0xFF, 0xFF, 0xFF }, \
  { 0xFF, 0xFF, 0xFF, 0xFF }, \
  { 0xFF, 0xFF, 0xFF, 0xFF }, \
  { 0xFF, 0xFF, 0xFF, 0xFF }, \
  { 0xFF, 0xFF, 0xFF, 0xFF }, \
  { 0xFF, 0xFF, 0xFF, 0xFF }, \
  { 0xFF, 0xFF, 0xFF, 0xFF }, \
  { 0xFF, 0xFF, 0xFF, 0xFF }, \
  { 0xFF, 0xFF, 0xFF, 0xFF }, \
  { 0xFF, 0xFF, 0xFF, 0xFF }, \
  { 0xFF, 0xFF, 0xFF, 0xFF }, \
  { 0xFF, 0xFF, 0xFF, 0xFF }, \
  { 0xFF, 0xFF, 0xFF, 0xFF }, \
  { 0xFF, 0xFF, 0xFF, 0xFF }, \
  { 0xFF, 0xFF, 0xFF, 0xFF }, \
  { 0xFF, 0xFF, 0xFF, 0xFF }, \
  { 0xFF, 0xFF, 0xFF, 0xFF }, \
  { 0xFF, 0xFF, 0xFF, 0xFF }, \
  { 0xFF, 0xFF, 0xFF, 0xFF }, \
  { 0xFF, 0xFF, 0xFF, 0xFF }, \
  { 0xFF, 0xFF, 0xFF, 0xFF }, \
  { 0xFF, 0xFF, 0xFF, 0xFF }, \
  { 0xFF, 0xFF, 0xFF, 0xFF }, \
  { 0xFF, 0xFF, 0xFF, 0xFF }, \
  { 0xFF, 0xFF, 0xFF, 0xFF }, \
  { 0xFF, 0xFF, 0xFF, 0xFF }, \
  { 0xFF, 0xFF, 0xFF, 0xFF }, \
  { 0xFF, 0xFF, 0xFF, 0xFF }, \
  { 0xFF, 0xFF, 0xFF, 0xFF }, \
  { 0xFF, 0xFF, 0xFF, 0xFF }, \
  { 0xFF, 0xFF, 0xFF, 0xFF }, \
  { 0xFF, 0xFF, 0xFF, 0xFF }, \
  { 0xFF, 0xFF, 0xFF, 0xFF }, \
  { 0xFF, 0xFF, 0xFF, 0xFF }, \
  { 0xFF, 0xFF, 0xFF, 0xFF }, \
  { 0xFF, 0xFF, 0xFF, 0xFF }, \
  { 0xFF, 0xFF, 0xFF, 0xFF }, \
  { 0xFF, 0xFF, 0xFF, 0xFF }, \
  { 0xFF, 0xFF, 0xFF, 0xFF }, \
  { 0xFF, 0xFF, 0xFF, 0xFF }, \
  { 0xFF, 0xFF, 0xFF, 0xFF }, \
  { 0xFF, 0xFF, 0xFF, 0xFF }, \
  { 0xFF, 0xFF, 0xFF, 0xFF }, \
  { 0xFF, 0xFF, 0xFF, 0xFF }, \
  { 0xFF, 0xFF, 0xFF, 0xFF }, \
  { 0xFF, 0xFF, 0xFF, 0xFF }, \
  { 0xFF, 0xFF, 0xFF, 0xFF }, \
  { 0xFF, 0xFF, 0xFF, 0xFF }, \
  { 0xFF, 0xFF, 0xFF, 0xFF }, \
  { 0xFF, 0xFF, 0xFF, 0xFF }, \
  { 0xFF, 0xFF, 0xFF, 0xFF }, \
  { 0xFF, 0xFF, 0xFF, 0xFF }, \
  { 0xFF, 0xFF, 0xFF, 0xFF }, \
  { 0xFF, 0xFF, 0xFF, 0xFF }, \
  { 0xFF, 0xFF, 0xFF, 0xFF }, \
  { 0xFF, 0xFF, 0xFF, 0xFF }, \
  { 0xFF, 0xFF, 0xFF, 0xFF }, \
  { 0xFF, 0xFF, 0xFF, 0xFF }, \
  { 0xFF, 0xFF, 0xFF, 0xFF }, \
  { 0xFF, 0xFF, 0xFF, 0xFF }, \
  { 0xFF, 0xFF, 0xFF, 0xFF }, \
  { 0xFF, 0xFF, 0xFF, 0xFF }, \
  { 0xFF, 0xFF, 0xFF, 0xFF }, \
  { 0xFF, 0xFF, 0xFF, 0xFF }, \
  { 0xFF, 0xFF, 0xFF, 0xFF }, \
  { 0xFF, 0xFF, 0xFF, 0xFF }, \
  { 0xFF, 0xFF, 0xFF, 0xFF }, \
  { 0xFF, 0xFF, 0xFF, 0xFF }, \
  { 0xFF, 0xFF, 0xFF, 0xFF }, \
  { 0xFF, 0xFF, 0xFF, 0xFF }, \
  { 0xFF, 0xFF, 0xFF, 0xFF }, \
  { 0xFF, 0xFF, 0xFF, 0xFF }, \
  { 0xFF, 0xFF, 0xFF, 0xFF }, \
  { 0xFF, 0xFF, 0xFF, 0xFF }, \
  { 0xFF, 0xFF, 0xFF, 0xFF }, \
  { 0xFF, 0xFF, 0xFF, 0xFF }, \
  { 0xFF, 0xFF, 0xFF, 0xFF }, \
  { 0xFF, 0xFF, 0xFF, 0xFF }, \
  { 0xFF, 0xFF, 0xFF, 0xFF }, \
  { 0xFF, 0xFF, 0xFF, 0xFF }, \
  { 0xFF, 0xFF, 0xFF, 0xFF }, \
  { 0xFF, 0xFF, 0xFF, 0xFF }, \
  { 0xFF, 0xFF, 0xFF, 0xFF }, \
  { 0xFF, 0xFF, 0xFF, 0xFF }, \
  { 0xFF, 0xFF, 0xFF, 0xFF }, \
  { 0xFF, 0xFF, 0xFF, 0xFF }, \
  { 0xFF, 0xFF, 0xFF, 0xFF }, \
  { 0xFF, 0xFF, 0xFF, 0xFF }, \
  { 0xFF, 0xFF, 0xFF, 0xFF }, \
  { 0xFF, 0xFF, 0xFF, 0xFF }, \
  { 0xFF, 0xFF, 0xFF, 0xFF }, \
  { 0xFF, 0xFF, 0xFF, 0xFF }, \
  { 0xFF, 0xFF, 0xFF, 0xFF }, \
  { 0xFF, 0xFF, 0xFF, 0xFF }, \
  { 0xFF, 0xFF, 0xFF, 0xFF }, \
  { 0xFF, 0xFF, 0xFF, 0xFF }, \
  { 0xFF, 0xFF, 0xFF, 0xFF }, \
  { 0xFF, 0xFF, 0xFF, 0xFF }, \
  { 0xFF, 0xFF, 0xFF, 0xFF }, \
  { 0xFF, 0xFF, 0xFF, 0xFF }, \
  { 0xFF, 0xFF, 0xFF, 0xFF }, \
  { 0xFF, 0xFF, 0xFF, 0xFF }, \
  { 0xFF, 0xFF, 0xFF, 0xFF }, \
  { 0xFF, 0xFF, 0xFF, 0xFF }, \
  { 0xFF, 0xFF, 0xFF, 0xFF }, \
  { 0xFF, 0xFF, 0xFF, 0xFF }, \
  { 0xFF, 0xFF, 0xFF, 0xFF }, \
  { 0xFF, 0xFF, 0xFF, 0xFF }, \
  { 0xFF, 0xFF, 0xFF, 0xFF }, \
  { 0xFF, 0xFF, 0xFF, 0xFF }, \
  { 0xFF, 0xFF, 0xFF, 0xFF }, \
  { 0xFF, 0xFF, 0xFF, 0xFF }, \
  { 0xFF, 0xFF, 0xFF, 0xFF }, \
  { 0xFF, 0xFF, 0xFF, 0xFF }, \
  { 0xFF, 0xFF, 0xFF, 0xFF }, \
  { 0xFF, 0xFF, 0xFF, 0xFF }, \
  { 0xFF, 0xFF, 0xFF, 0xFF }, \
  { 0xFF, 0xFF, 0xFF, 0xFF }, \
  { 0xFF, 0xFF, 0xFF, 0xFF }, \
  { 0xFF, 0xFF, 0xFF, 0xFF }, \
  { 0xFF, 0xFF, 0xFF, 0xFF }, \
  { 0xFF, 0xFF, 0xFF, 0xFF }, \
  { 0xFF, 0xFF, 0xFF, 0xFF }, \
  { 0xFF, 0xFF, 0xFF, 0xFF }, \
  { 0xFF, 0xFF, 0xFF, 0xFF }, \
  { 0xFF, 0xFF, 0xFF, 0xFF }, \
  { 0xFF, 0xFF, 0xFF, 0xFF }, \
  { 0xFF, 0xFF, 0xFF, 0xFF }, \
  { 0xFF, 0xFF, 0xFF, 0xFF }, \
  { 0xFF, 0xFF, 0xFF, 0xFF }, \
  { 0xFF, 0xFF, 0xFF, 0xFF }, \
  { 0xFF, 0xFF, 0xFF, 0xFF }, \
  { 0xFF, 0xFF, 0xFF, 0xFF }, \
  { 0xFF, 0xFF, 0xFF, 0xFF }, \
  { 0xFF, 0xFF, 0xFF, 0xFF }, \
  { 0xFF, 0xFF, 0xFF, 0xFF }, \
  { 0xFF, 0xFF, 0xFF, 0xFF }, \
  { 0xFF, 0xFF, 0xFF, 0xFF }, \
  { 0xFF, 0xFF, 0xFF, 0xFF }, \
  { 0xFF, 0xFF, 0xFF, 0xFF }, \
  { 0xFF, 0xFF, 0xFF, 0xFF }, \
  { 0xFF, 0xFF, 0xFF, 0xFF }, \
  { 0xFF, 0xFF, 0xFF, 0xFF }, \
  { 0xFF, 0xFF, 0xFF, 0xFF }, \
  { 0xFF, 0xFF, 0xFF, 0xFF }, \
  { 0xFF, 0xFF, 0xFF, 0xFF }, \
  { 0xFF, 0xFF, 0xFF, 0xFF }, \
  { 0xFF, 0xFF, 0xFF, 0xFF }, \
  { 0xFF, 0xFF, 0xFF, 0xFF }, \
  { 0xFF, 0xFF, 0xFF, 0xFF }, \
  { 0xFF, 0xFF, 0xFF, 0xFF }, \
  { 0xFF, 0xFF, 0xFF, 0xFF }, \
  { 0xFF, 0xFF, 0xFF, 0xFF }, \
  { 0xFF, 0xFF, 0xFF, 0xFF }, \
  { 0xFF, 0xFF, 0xFF, 0xFF }, \
  { 0xFF, 0xFF, 0xFF, 0xFF }, \
  { 0xFF, 0xFF, 0xFF, 0xFF }, \
  { 0xFF, 0xFF, 0xFF, 0xFF }, \
  { 0xFF, 0xFF, 0xFF, 0xFF }, \
  { 0xFF, 0xFF, 0xFF, 0xFF }, \
  { 0xFF, 0xFF, 0xFF, 0xFF }, \
  { 0xFF, 0xFF, 0xFF, 0xFF }, \
  { 0xFF, 0xFF, 0xFF, 0xFF }, \
  { 0xFF, 0xFF, 0xFF, 0xFF }, \
  { 0xFF, 0xFF, 0xFF, 0xFF }, \
  { 0xFF, 0xFF, 0xFF, 0xFF }, \
  { 0xFF, 0xFF, 0xFF, 0xFF }, \
  { 0xFF, 0xFF, 0xFF, 0xFF }, \
  { 0xFF, 0xFF, 0xFF, 0xFF }, \
  { 0xFF, 0xFF, 0xFF, 0xFF }, \
  { 0xFF, 0xFF, 0xFF, 0xFF }, \
  { 0xFF, 0xFF, 0xFF, 0xFF }, \
  { 0xFF, 0xFF, 0xFF, 0xFF }, \
  { 0xFF, 0xFF, 0xFF, 0xFF }, \
  { 0xFF, 0xFF, 0xFF, 0xFF }, \
  { 0xFF, 0xFF, 0xFF, 0xFF }, \
  { 0xFF, 0xFF, 0xFF, 0xFF }, \
  { 0xFF, 0xFF, 0xFF, 0xFF }, \
  { 0xFF, 0xFF, 0xFF, 0xFF }, \
  { 0xFF, 0xFF, 0xFF, 0xFF }, \
  { 0xFF, 0xFF, 0xFF, 0xFF }, \
  { 0xFF, 0xFF, 0xFF, 0xFF }, \
  { 0xFF, 0xFF, 0xFF, 0xFF }, \
  { 0xFF, 0xFF, 0xFF, 0xFF }, \
  { 0xFF, 0xFF, 0xFF, 0xFF }, \
  { 0xFF, 0xFF, 0xFF, 0xFF }, \
  { 0xFF, 0xFF, 0xFF, 0xFF }, \
  { 0xFF, 0xFF, 0xFF, 0xFF }, \
  { 0xFF, 0xFF, 0xFF, 0xFF }, \
  { 0xFF, 0xFF, 0xFF, 0xFF }, \
  { 0xFF, 0xFF, 0xFF, 0xFF }, \
  { 0xFF, 0xFF, 0xFF, 0xFF }, \
  { 0xFF, 0xFF, 0xFF, 0xFF }, \
  { 0xFF, 0xFF, 0xFF, 0xFF }, \
  { 0xFF, 0xFF, 0xFF, 0xFF }, \
  { 0xFF, 0xFF, 0xFF, 0xFF }, \
  { 0xFF, 0xFF, 0xFF, 0xFF }, \
  { 0xFF, 0xFF, 0xFF, 0xFF }, \
  { 0xFF, 0xFF, 0xFF, 0xFF }, \
  { 0xFF, 0xFF, 0xFF, 0xFF }, \
  { 0xFF, 0xFF, 0xFF, 0xFF }, \
  { 0xFF, 0xFF, 0xFF, 0xFF }, \
  { 0xFF, 0xFF, 0xFF, 0xFF }, \
  { 0xFF, 0xFF, 0xFF, 0xFF }, \
  { 0xFF, 0xFF, 0xFF, 0xFF }, \
  { 0xFF, 0xFF, 0xFF, 0xFF }, \
  { 0xFF, 0xFF, 0xFF, 0xFF }, \
  { 0xFF, 0xFF, 0xFF, 0xFF }, \
  { 0xFF, 0xFF, 0xFF, 0xFF }, \
  { 0xFF, 0xFF, 0xFF, 0xFF }, \
  { 0xFF, 0xFF, 0xFF, 0xFF }, \
  { 0xFF, 0xFF, 0xFF, 0xFF }, \
  { 0xFF, 0xFF, 0xFF, 0xFF }, \
  { 0xFF, 0xFF, 0xFF, 0xFF }, \
  { 0xFF, 0xFF, 0xFF, 0xFF }, \
  { 0xFF, 0xFF, 0xFF, 0xFF }, \
  { 0xFF, 0xFF, 0xFF, 0xFF }, \
  { 0xFF, 0xFF, 0xFF, 0xFF }, \
  { 0xFF, 0xFF, 0xFF, 0xFF }, \
  { 0xFF, 0xFF, 0xFF, 0xFF }, \
  { 0xFF, 0xFF, 0xFF, 0xFF }, \
  { 0xFF, 0xFF, 0xFF, 0xFF }, \
  { 0xFF, 0xFF, 0xFF, 0xFF }, \
  { 0xFF, 0xFF, 0xFF, 0xFF }, \
  { 0xFF, 0xFF, 0xFF, 0xFF }, \
  { 0xFF, 0xFF, 0xFF, 0xFF }, \
  { 0xFF, 0xFF, 0xFF, 0xFF }, \
  { 0xFF, 0xFF, 0xFF, 0xFF }, \
  { 0xFF, 0xFF, 0xFF, 0xFF }, \
  { 0xFF, 0xFF, 0xFF, 0xFF }, \
  { 0xFF, 0xFF, 0xFF, 0xFF }, \
  { 0xFF, 0xFF, 0xFF, 0xFF }, \
  { 0xFF, 0xFF, 0xFF, 0xFF }, \
  { 0xFF, 0xFF, 0xFF, 0xFF }, \
  { 0xFF, 0xFF, 0xFF, 0xFF }, \
  { 0xFF, 0xFF, 0xFF, 0xFF }, \
  { 0xFF, 0xFF, 0xFF, 0xFF }, \
  { 0xFF, 0xFF, 0xFF, 0xFF }, \
  { 0xFF, 0xFF, 0xFF, 0xFF }, \
  { 0xFF, 0xFF, 0xFF, 0xFF }, \
  { 0xFF, 0xFF, 0xFF, 0xFF }, \
  { 0xFF, 0xFF, 0xFF, 0xFF }, \
  { 0xFF, 0xFF, 0xFF, 0xFF }, \
  { 0xFF, 0xFF, 0xFF, 0xFF }, \
  { 0xFF, 0xFF, 0xFF, 0xFF }, \
  { 0xFF, 0xFF, 0xFF, 0xFF }, \
  { 0xFF, 0xFF, 0xFF, 0xFF }, \
  { 0xFF, 0xFF, 0xFF, 0xFF }, \
  { 0xFF, 0xFF, 0xFF, 0xFF }, \
  { 0xFF, 0xFF, 0xFF, 0xFF }, \
  { 0xFF, 0xFF, 0xFF, 0xFF }, \
  { 0xFF, 0xFF, 0xFF, 0xFF }, \
  { 0xFF, 0xFF, 0xFF, 0xFF }, \
  { 0xFF, 0xFF, 0xFF, 0xFF }, \
  { 0xFF, 0xFF, 0xFF, 0xFF }, \
  { 0xFF, 0xFF, 0xFF, 0xFF }, \
  { 0xFF, 0xFF, 0xFF, 0xFF }, \
  { 0xFF, 0xFF, 0xFF, 0xFF }, \
  { 0xFF, 0xFF, 0xFF, 0xFF }, \
  { 0xFF, 0xFF, 0xFF, 0xFF }, \
  { 0xFF, 0xFF, 0xFF, 0xFF }, \
  { 0xFF, 0xFF, 0xFF, 0xFF }, \
  { 0xFF, 0xFF, 0xFF, 0xFF }, \
  { 0xFF, 0xFF, 0xFF, 0xFF }, \
  { 0xFF, 0xFF, 0xFF, 0xFF }, \
  { 0xFF, 0xFF, 0xFF, 0xFF }, \
  { 0xFF, 0xFF, 0xFF, 0xFF }, \
  { 0xFF, 0xFF, 0xFF, 0xFF }, \
  { 0xFF, 0xFF, 0xFF, 0xFF }, \
  { 0xFF, 0xFF, 0xFF, 0xFF }, \
  { 0xFF, 0xFF, 0xFF, 0xFF }, \
  { 0xFF, 0xFF, 0xFF, 0xFF }, \
  { 0xFF, 0xFF, 0xFF, 0xFF }, \
  { 0xFF, 0xFF, 0xFF, 0xFF }, \
  { 0xFF, 0xFF, 0xFF, 0xFF }, \
  { 0xFF, 0xFF, 0xFF, 0xFF }, \
  { 0xFF, 0xFF, 0xFF, 0xFF }, \
  { 0xFF, 0xFF, 0xFF, 0xFF }, \
  { 0xFF, 0xFF, 0xFF, 0xFF }, \
  { 0xFF, 0xFF, 0xFF, 0xFF }, \
  { 0xFF, 0xFF, 0xFF, 0xFF }, \
  { 0xFF, 0xFF, 0xFF, 0xFF }, \
  { 0xFF, 0xFF, 0xFF, 0xFF }, \
  { 0xFF, 0xFF, 0xFF, 0xFF }, \
  { 0xFF, 0xFF, 0xFF, 0xFF }, \
  { 0xFF, 0xFF, 0xFF, 0xFF }, \
  { 0xFF, 0xFF, 0xFF, 0xFF }, \
  { 0xFF, 0xFF, 0xFF, 0xFF }, \
  { 0xFF, 0xFF, 0xFF, 0xFF }, \
  { 0xFF, 0xFF, 0xFF, 0xFF }, \
  { 0xFF, 0xFF, 0xFF, 0xFF }, \
  { 0xFF, 0xFF, 0xFF, 0xFF }, \
  { 0xFF, 0xFF, 0xFF, 0xFF }, \
  { 0xFF, 0xFF, 0xFF, 0xFF }, \
  { 0xFF, 0xFF, 0xFF, 0xFF }, \
  { 0xFF, 0xFF, 0xFF, 0xFF }, \
  { 0xFF, 0xFF, 0xFF, 0xFF }, \
  { 0xFF, 0xFF, 0xFF, 0xFF }, \
  { 0xFF, 0xFF, 0xFF, 0xFF }, \
  { 0xFF, 0xFF, 0xFF, 0xFF }, \
  { 0xFF, 0xFF, 0xFF, 0xFF }, \
  { 0xFF, 0xFF, 0xFF, 0xFF }, \
  { 0xFF, 0xFF, 0xFF, 0xFF }, \
  { 0xFF, 0xFF, 0xFF, 0xFF }, \
  { 0xFF, 0xFF, 0xFF, 0xFF }, \
  { 0xFF, 0xFF, 0xFF, 0xFF }, \
  { 0xFF, 0xFF, 0xFF, 0xFF }, \
  { 0xFF, 0xFF, 0xFF, 0xFF }, \
  { 0xFF, 0xFF, 0xFF, 0xFF }, \
  { 0xFF, 0xFF, 0xFF, 0xFF }, \
  { 0xFF, 0xFF, 0xFF, 0xFF }, \
  { 0xFF, 0xFF, 0xFF, 0xFF }, \
  { 0xFF, 0xFF, 0xFF, 0xFF }, \
  { 0xFF, 0xFF, 0xFF, 0xFF }, \
  { 0xFF, 0xFF, 0xFF, 0xFF }, \
  { 0xFF, 0xFF, 0xFF, 0xFF }, \
  { 0xFF, 0xFF, 0xFF, 0xFF }, \
  { 0xFF, 0xFF, 0xFF, 0xFF }, \
  { 0xFF, 0xFF, 0xFF, 0xFF }, \
  { 0xFF, 0xFF, 0xFF, 0xFF }, \
  { 0xFF, 0xFF, 0xFF, 0xFF }, \
  { 0xFF, 0xFF, 0xFF, 0xFF }, \
  { 0xFF, 0xFF, 0xFF, 0xFF }, \
  { 0xFF, 0xFF, 0xFF, 0xFF }, \
  { 0xFF, 0xFF, 0xFF, 0xFF }, \
  { 0xFF, 0xFF, 0xFF, 0xFF }, \
  { 0xFF, 0xFF, 0xFF, 0xFF }, \
  { 0xFF, 0xFF, 0xFF, 0xFF }, \
  { 0xFF, 0xFF, 0xFF, 0xFF }, \
  { 0xFF, 0xFF, 0xFF, 0xFF }, \
  { 0xFF, 0xFF, 0xFF, 0xFF }, \
  { 0xFF, 0xFF, 0xFF, 0xFF }, \
  { 0xFF, 0xFF, 0xFF, 0xFF }, \
  { 0xFF, 0xFF, 0xFF, 0xFF }, \
  { 0xFF, 0xFF, 0xFF, 0xFF }, \
  { 0xFF, 0xFF, 0xFF, 0xFF }, \
  { 0xFF, 0xFF, 0xFF, 0xFF }, \
  { 0xFF, 0xFF, 0xFF, 0xFF }, \
  { 0xFF, 0xFF, 0xFF, 0xFF }, \
  { 0xFF, 0xFF, 0xFF, 0xFF }, \
  { 0xFF, 0xFF, 0xFF, 0xFF }, \
  { 0xFF, 0xFF, 0xFF, 0xFF }, \
  { 0xFF, 0xFF, 0xFF, 0xFF }, \
  { 0xFF, 0xFF, 0xFF, 0xFF }, \
  { 0xFF, 0xFF, 0xFF, 0xFF }, \
  { 0xFF, 0xFF, 0xFF, 0xFF }, \
  { 0xFF, 0xFF, 0xFF, 0xFF }, \
  { 0xFF, 0xFF, 0xFF, 0xFF }, \
  { 0xFF, 0xFF, 0xFF, 0xFF }, \
  { 0xFF, 0xFF, 0xFF, 0xFF }, \
  { 0xFF, 0xFF, 0xFF, 0xFF }, \
  { 0xFF, 0xFF, 0xFF, 0xFF }, \
  { 0xFF, 0xFF, 0xFF, 0xFF }, \
  { 0xFF, 0xFF, 0xFF, 0xFF }, \
  { 0xFF, 0xFF, 0xFF, 0xFF }, \
  { 0xFF, 0xFF, 0xFF, 0xFF }, \
  { 0xFF, 0xFF, 0xFF, 0xFF }, \
  { 0xFF, 0xFF, 0xFF, 0xFF }, \
  { 0xFF, 0xFF, 0xFF, 0xFF }, \
  { 0xFF, 0xFF, 0xFF, 0xFF }, \
  { 0xFF, 0xFF, 0xFF, 0xFF }, \
  { 0xFF, 0xFF, 0xFF, 0xFF }, \
  { 0xFF, 0xFF, 0xFF, 0xFF }, \
  { 0xFF, 0xFF, 0xFF, 0xFF }, \
  { 0xFF, 0xFF, 0xFF, 0xFF }, \
  { 0xFF, 0xFF, 0xFF, 0xFF }, \
  { 0xFF, 0xFF, 0xFF, 0xFF }, \
  { 0xFF, 0xFF, 0xFF, 0xFF }, \
  { 0xFF, 0xFF, 0xFF, 0xFF }, \
  { 0xFF, 0xFF, 0xFF, 0xFF }, \
  { 0xFF, 0xFF, 0xFF, 0xFF }, \
  { 0xFF, 0xFF, 0xFF, 0xFF }, \
  { 0xFF, 0xFF, 0xFF, 0xFF }, \
  { 0xFF, 0xFF, 0xFF, 0xFF }, \
  { 0xFF, 0xFF, 0xFF, 0xFF }, \
  { 0xFF, 0xFF, 0xFF, 0xFF }, \
  { 0xFF, 0xFF, 0xFF, 0xFF }, \
  { 0xFF, 0xFF, 0xFF, 0xFF }, \
  { 0xFF, 0xFF, 0xFF, 0xFF }, \
  { 0xFF, 0xFF, 0xFF, 0xFF }, \
  { 0xFF, 0xFF, 0xFF, 0xFF }, \
  { 0xFF, 0xFF, 0xFF, 0xFF }, \
  { 0xFF, 0xFF, 0xFF, 0xFF }, \
  { 0xFF, 0xFF, 0xFF, 0xFF }, \
  { 0xFF, 0xFF, 0xFF, 0xFF }, \
  { 0xFF, 0xFF, 0xFF, 0xFF }, \
  { 0xFF, 0xFF, 0xFF, 0xFF }, \
  { 0xFF, 0xFF, 0xFF, 0xFF }, \
  { 0xFF, 0xFF, 0xFF, 0xFF }, \
  { 0xFF, 0xFF, 0xFF, 0xFF }, \
  { 0xFF, 0xFF, 0xFF, 0xFF }, \
  { 0xFF, 0xFF, 0xFF, 0xFF }, \
  { 0xFF, 0xFF, 0xFF, 0xFF }, \
  { 0xFF, 0xFF, 0xFF, 0xFF }, \
  { 0xFF, 0xFF, 0xFF, 0xFF }, \
  { 0xFF, 0xFF, 0xFF, 0xFF }, \
  { 0xFF, 0xFF, 0xFF, 0xFF }, \
  { 0xFF, 0xFF, 0xFF, 0xFF }, \
  { 0xFF, 0xFF, 0xFF, 0xFF }, \
  { 0xFF, 0xFF, 0xFF, 0xFF }, \
  { 0xFF, 0xFF, 0xFF, 0xFF }, \
  { 0xFF, 0xFF, 0xFF, 0xFF }, \
  { 0xFF, 0xFF, 0xFF, 0xFF }, \
  { 0xFF, 0xFF, 0xFF, 0xFF }, \
  { 0xFF, 0xFF, 0xFF, 0xFF }, \
  { 0xFF, 0xFF, 0xFF, 0xFF }, \
  { 0xFF, 0xFF, 0xFF, 0xFF }, \
  { 0xFF, 0xFF, 0xFF, 0xFF }, \
  { 0xFF, 0xFF, 0xFF, 0xFF }, \
  { 0xFF, 0xFF, 0xFF, 0xFF }, \
  { 0xFF, 0xFF, 0xFF, 0xFF }, \
  { 0xFF, 0xFF, 0xFF, 0xFF }, \
  { 0xFF, 0xFF, 0xFF, 0xFF }, \
  { 0xFF, 0xFF, 0xFF, 0xFF }, \
  { 0xFF, 0xFF, 0xFF, 0xFF }, \
  { 0xFF, 0xFF, 0xFF, 0xFF }, \
  { 0xFF, 0xFF, 0xFF, 0xFF }, \
  { 0xFF, 0xFF, 0xFF, 0xFF }, \
  { 0xFF, 0xFF, 0xFF, 0xFF }, \
  { 0xFF, 0xFF, 0xFF, 0xFF }, \
  { 0xFF, 0xFF, 0xFF, 0xFF }, \
  { 0xFF, 0xFF, 0xFF, 0xFF }, \
  { 0xFF, 0xFF, 0xFF, 0xFF }, \
  { 0xFF, 0xFF, 0xFF, 0xFF }, \
  { 0xFF, 0xFF, 0xFF, 0xFF }, \
  { 0xFF, 0xFF, 0xFF, 0xFF }, \
  { 0xFF, 0xFF, 0xFF, 0xFF }, \
  { 0xFF, 0xFF, 0xFF, 0xFF }, \
  { 0xFF, 0xFF, 0xFF, 0xFF }, \
  { 0xFF, 0xFF, 0xFF, 0xFF }, \
  { 0xFF, 0xFF, 0xFF, 0xFF }, \
  { 0xFF, 0xFF, 0xFF, 0xFF }, \
  { 0xFF, 0xFF, 0xFF, 0xFF }, \
  { 0xFF, 0xFF, 0xFF, 0xFF }, \
  { 0xFF, 0xFF, 0xFF, 0xFF }, \
  { 0xFF, 0xFF, 0xFF, 0xFF }, \
  { 0xFF, 0xFF, 0xFF, 0xFF }, \
  { 0xFF, 0xFF, 0xFF, 0xFF }, \
  { 0xFF, 0xFF, 0xFF, 0xFF }, \
  { 0xFF, 0xFF, 0xFF, 0xFF }, \
  { 0xFF, 0xFF, 0xFF, 0xFF }, \
  { 0xFF, 0xFF, 0xFF, 0xFF }, \
  { 0xFF, 0xFF, 0xFF, 0xFF }, \
  { 0xFF, 0xFF, 0xFF, 0xFF }, \
  { 0xFF, 0xFF, 0xFF, 0xFF }, \
  { 0xFF, 0xFF, 0xFF, 0xFF }, \
  { 0xFF, 0xFF, 0xFF, 0xFF }, \
  { 0xFF, 0xFF, 0xFF, 0xFF }, \
  { 0xFF, 0xFF, 0xFF, 0xFF }, \
  { 0xFF, 0xFF, 0xFF, 0xFF }, \
  { 0xFF, 0xFF, 0xFF, 0xFF }, \
  { 0xFF, 0xFF, 0xFF, 0xFF }, \
  { 0xFF, 0xFF, 0xFF, 0xFF }, \
  { 0xFF, 0xFF, 0xFF, 0xFF }, \
  { 0xFF, 0xFF, 0xFF, 0xFF }, \
  { 0xFF, 0xFF, 0xFF, 0xFF }, \
  { 0xFF, 0xFF, 0xFF, 0xFF }, \
  { 0xFF, 0xFF, 0xFF, 0xFF }, \
  { 0xFF, 0xFF, 0xFF, 0xFF }, \
  { 0xFF, 0xFF, 0xFF, 0xFF }, \
  { 0xFF, 0xFF, 0xFF, 0xFF }, \
  { 0xFF, 0xFF, 0xFF, 0xFF }, \
  { 0xFF, 0xFF, 0xFF, 0xFF }, \
  { 0xFF, 0xFF, 0xFF, 0xFF }, \
  { 0xFF, 0xFF, 0xFF, 0xFF }, \
  { 0xFF, 0xFF, 0xFF, 0xFF }, \
  { 0xFF, 0xFF, 0xFF, 0xFF }, \
  { 0xFF, 0xFF, 0xFF, 0xFF }, \
  { 0xFF, 0xFF, 0xFF, 0xFF }, \
  { 0xFF, 0xFF, 0xFF, 0xFF }, \
  { 0xFF, 0xFF, 0xFF, 0xFF }, \
  { 0xFF, 0xFF, 0xFF, 0xFF }, \
  { 0xFF, 0xFF, 0xFF, 0xFF }, \
  { 0xFF, 0xFF, 0xFF, 0xFF }, \
  { 0xFF, 0xFF, 0xFF, 0xFF }, \
  { 0xFF, 0xFF, 0xFF, 0xFF }, \
  { 0xFF, 0xFF, 0xFF, 0xFF }, \
  { 0xFF, 0xFF, 0xFF, 0xFF }, \
  { 0xFF, 0xFF, 0xFF, 0xFF }, \
  { 0xFF, 0xFF, 0xFF, 0xFF }, \
  { 0xFF, 0xFF, 0xFF, 0xFF }, \
  { 0xFF, 0xFF, 0xFF, 0xFF }, \
  { 0xFF, 0xFF, 0xFF, 0xFF }, \
  { 0xFF, 0xFF, 0xFF, 0xFF }, \
  { 0xFF, 0xFF, 0xFF, 0xFF }, \
  { 0xFF, 0xFF, 0xFF, 0xFF }, \
  { 0xFF, 0xFF, 0xFF, 0xFF }, \
  { 0xFF, 0xFF, 0xFF, 0xFF }, \
  { 0xFF, 0xFF, 0xFF, 0xFF }, \
  { 0xFF, 0xFF, 0xFF, 0xFF }, \
  { 0xFF, 0xFF, 0xFF, 0xFF }, \
  { 0xFF, 0xFF, 0xFF, 0xFF }, \
  { 0xFF, 0xFF, 0xFF, 0xFF }, \
  { 0xFF, 0xFF, 0xFF, 0xFF }, \
  { 0xFF, 0xFF, 0xFF, 0xFF }, \
  { 0xFF, 0xFF, 0xFF, 0xFF }, \
  { 0xFF, 0xFF, 0xFF, 0xFF }, \
  { 0xFF, 0xFF, 0xFF, 0xFF }, \
  { 0xFF, 0xFF, 0xFF, 0xFF }, \
  { 0xFF, 0xFF, 0xFF, 0xFF }, \
  { 0xFF, 0xFF, 0xFF, 0xFF }, \
  { 0xFF, 0xFF, 0xFF, 0xFF }, \
  { 0xFF, 0xFF, 0xFF, 0xFF }, \
  { 0xFF, 0xFF, 0xFF, 0xFF }, \
  { 0xFF, 0xFF, 0xFF, 0xFF }, \
  { 0xFF, 0xFF, 0xFF, 0xFF }, \
  { 0xFF, 0xFF, 0xFF, 0xFF }, \
  { 0xFF, 0xFF, 0xFF, 0xFF }, \
  { 0xFF, 0xFF, 0xFF, 0xFF }, \
  { 0xFF, 0xFF, 0xFF, 0xFF }, \
  { 0xFF, 0xFF, 0xFF, 0xFF }, \
  { 0xFF, 0xFF, 0xFF, 0xFF }, \
  { 0xFF, 0xFF, 0xFF, 0xFF }, \
  { 0xFF, 0xFF, 0xFF, 0xFF }, \
  { 0xFF, 0xFF, 0xFF, 0xFF }, \
  { 0xFF, 0xFF, 0xFF, 0xFF }, \
  { 0xFF, 0xFF, 0xFF, 0xFF }, \
  { 0xFF, 0xFF, 0xFF, 0xFF }, \
  { 0xFF, 0xFF, 0xFF, 0xFF }, \
  { 0xFF, 0xFF, 0xFF, 0xFF }, \
  { 0xFF, 0xFF, 0xFF, 0xFF }, \
  { 0xFF, 0xFF, 0xFF, 0xFF }, \
  { 0xFF, 0xFF, 0xFF, 0xFF }, \
  { 0xFF, 0xFF, 0xFF, 0xFF }, \
  { 0xFF, 0xFF, 0xFF, 0xFF }, \
  { 0xFF, 0xFF, 0xFF, 0xFF }, \
  { 0xFF, 0xFF, 0xFF, 0xFF }, \
  { 0xFF, 0xFF, 0xFF, 0xFF }, \
  { 0xFF, 0xFF, 0xFF, 0xFF }, \
  { 0xFF, 0xFF, 0xFF, 0xFF }, \
  { 0xFF, 0xFF, 0xFF, 0xFF }, \
  { 0xFF, 0xFF, 0xFF, 0xFF }, \
  { 0xFF, 0xFF, 0xFF, 0xFF }, \
  { 0xFF, 0xFF, 0xFF, 0xFF }, \
  { 0xFF, 0xFF, 0xFF, 0xFF }, \
  { 0xFF, 0xFF, 0xFF, 0xFF }, \
  { 0xFF, 0xFF, 0xFF, 0xFF }, \
  { 0xFF, 0xFF, 0xFF, 0xFF }, \
  { 0xFF, 0xFF, 0xFF, 0xFF }, \
  { 0xFF, 0xFF, 0xFF, 0xFF }, \
  { 0xFF, 0xFF, 0xFF, 0xFF }, \
  { 0xFF, 0xFF, 0xFF, 0xFF }, \
  { 0xFF, 0xFF, 0xFF, 0xFF }, \
  { 0xFF, 0xFF, 0xFF, 0xFF }, \
  { 0xFF, 0xFF, 0xFF, 0xFF }, \
  { 0xFF, 0xFF, 0xFF, 0xFF }, \
  { 0xFF, 0xFF, 0xFF, 0xFF }, \
  { 0xFF, 0xFF, 0xFF, 0xFF }, \
  { 0xFF, 0xFF, 0xFF, 0xFF }, \
  { 0xFF, 0xFF, 0xFF, 0xFF }, \
  { 0xFF, 0xFF, 0xFF, 0xFF }, \
  { 0xFF, 0xFF, 0xFF, 0xFF }, \
  { 0xFF, 0xFF, 0xFF, 0xFF }, \
  { 0xFF, 0xFF, 0xFF, 0xFF }, \
  { 0xFF, 0xFF, 0xFF, 0xFF }, \
  { 0xFF, 0xFF, 0xFF, 0xFF }, \
  { 0xFF, 0xFF, 0xFF, 0xFF }, \
  { 0xFF, 0xFF, 0xFF, 0xFF }, \
  { 0xFF, 0xFF, 0xFF, 0xFF }, \
  { 0xFF, 0xFF, 0xFF, 0xFF }, \
  { 0xFF, 0xFF, 0xFF, 0xFF }, \
  { 0xFF, 0xFF, 0xFF, 0xFF }, \
  { 0xFF, 0xFF, 0xFF, 0xFF }, \
  { 0xFF, 0xFF, 0xFF, 0xFF }, \
  { 0xFF, 0xFF, 0xFF, 0xFF }, \
  { 0xFF, 0xFF, 0xFF, 0xFF }, \
  { 0xFF, 0xFF, 0xFF, 0xFF }, \
  { 0xFF, 0xFF, 0xFF, 0xFF }, \
  { 0xFF, 0xFF, 0xFF, 0xFF }, \
  { 0xFF, 0xFF, 0xFF, 0xFF }, \
  { 0xFF, 0xFF, 0xFF, 0xFF }, \
  { 0xFF, 0xFF, 0xFF, 0xFF }, \
  { 0xFF, 0xFF, 0xFF, 0xFF }, \
  { 0xFF, 0xFF, 0xFF, 0xFF }, \
  { 0xFF, 0xFF, 0xFF, 0xFF }, \
  { 0xFF, 0xFF, 0xFF, 0xFF }, \
  { 0xFF, 0xFF, 0xFF, 0xFF }, \
  { 0xFF, 0xFF, 0xFF, 0xFF }, \
  { 0xFF, 0xFF, 0xFF, 0xFF }, \
  { 0xFF, 0xFF, 0xFF, 0xFF }, \
  { 0xFF, 0xFF, 0xFF, 0xFF }, \
  { 0xFF, 0xFF, 0xFF, 0xFF }, \
  { 0xFF, 0xFF, 0xFF, 0xFF }, \
  { 0xFF, 0xFF, 0xFF, 0xFF }, \
  { 0xFF, 0xFF, 0xFF, 0xFF }, \
  { 0xFF, 0xFF, 0xFF, 0xFF }, \
  { 0xFF, 0xFF, 0xFF, 0xFF }, \
  { 0xFF, 0xFF, 0xFF, 0xFF }, \
  { 0xFF, 0xFF, 0xFF, 0xFF }, \
  { 0xFF, 0xFF, 0xFF, 0xFF }, \
  { 0xFF, 0xFF, 0xFF, 0xFF }, \
  { 0xFF, 0xFF, 0xFF, 0xFF }, \
  { 0xFF, 0xFF, 0xFF, 0xFF }, \
  { 0xFF, 0xFF, 0xFF, 0xFF }, \
  { 0xFF, 0xFF, 0xFF, 0xFF }, \
  { 0xFF, 0xFF, 0xFF, 0xFF }, \
  { 0xFF, 0xFF, 0xFF, 0xFF }, \
  { 0xFF, 0xFF, 0xFF, 0xFF }, \
  { 0xFF, 0xFF, 0xFF, 0xFF }, \
  { 0xFF, 0xFF, 0xFF, 0xFF }, \
  { 0xFF, 0xFF, 0xFF, 0xFF }, \
  { 0xFF, 0xFF, 0xFF, 0xFF }, \
  { 0xFF, 0xFF, 0xFF, 0xFF }, \
  { 0xFF, 0xFF, 0xFF, 0xFF }, \
  { 0xFF, 0xFF, 0xFF, 0xFF }, \
  { 0xFF, 0xFF, 0xFF, 0xFF }, \
  { 0xFF, 0xFF, 0xFF, 0xFF }, \
  { 0xFF, 0xFF, 0xFF, 0xFF }, \
  { 0xFF, 0xFF, 0xFF, 0xFF }, \
  { 0xFF, 0xFF, 0xFF, 0xFF }, \
  { 0xFF, 0xFF, 0xFF, 0xFF }, \
  { 0xFF, 0xFF, 0xFF, 0xFF }, \
  { 0xFF, 0xFF, 0xFF, 0xFF }, \
  { 0xFF, 0xFF, 0xFF, 0xFF }, \
  { 0xFF, 0xFF, 0xFF, 0xFF }, \
  { 0xFF, 0xFF, 0xFF, 0xFF }, \
  { 0xFF, 0xFF, 0xFF, 0xFF }, \
  { 0xFF, 0xFF, 0xFF, 0xFF }, \
  { 0xFF, 0xFF, 0xFF, 0xFF }, \
  { 0xFF, 0xFF, 0xFF, 0xFF }, \
  { 0xFF, 0xFF, 0xFF, 0xFF }, \
  { 0xFF, 0xFF, 0xFF, 0xFF }, \
  { 0xFF, 0xFF, 0xFF, 0xFF }, \
  { 0xFF, 0xFF, 0xFF, 0xFF }, \
  { 0xFF, 0xFF, 0xFF, 0xFF }, \
  { 0xFF, 0xFF, 0xFF, 0xFF }, \
  { 0xFF, 0xFF, 0xFF, 0xFF }, \
  { 0xFF, 0xFF, 0xFF, 0xFF }, \
  { 0xFF, 0xFF, 0xFF, 0xFF }, \
  { 0xFF, 0xFF, 0xFF, 0xFF }, \
  { 0xFF, 0xFF, 0xFF, 0xFF }, \
  { 0xFF, 0xFF, 0xFF, 0xFF }, \
  { 0xFF, 0xFF, 0xFF, 0xFF }, \
  { 0xFF, 0xFF, 0xFF, 0xFF }, \
  { 0xFF, 0xFF, 0xFF, 0xFF }, \
  { 0xFF, 0xFF, 0xFF, 0xFF }, \
  { 0xFF, 0xFF, 0xFF, 0xFF }, \
  { 0xFF, 0xFF, 0xFF, 0xFF }, \
  { 0xFF, 0xFF, 0xFF, 0xFF }, \
  { 0xFF, 0xFF, 0xFF, 0xFF }, \
  { 0xFF, 0xFF, 0xFF, 0xFF }, \
  { 0xFF, 0xFF, 0xFF, 0xFF }, \
  { 0xFF, 0xFF, 0xFF, 0xFF }, \
  { 0xFF, 0xFF, 0xFF, 0xFF }, \
  { 0xFF, 0xFF, 0xFF, 0xFF }, \
  { 0xFF, 0xFF, 0xFF, 0xFF }, \
  { 0xFF, 0xFF, 0xFF, 0xFF }, \
  { 0xFF, 0xFF, 0xFF, 0xFF }, \
  { 0xFF, 0xFF, 0xFF, 0xFF }, \
  { 0xFF, 0xFF, 0xFF, 0xFF }, \
  { 0xFF, 0xFF, 0xFF, 0xFF }, \
  { 0xFF, 0xFF, 0xFF, 0xFF }, \
  { 0xFF, 0xFF, 0xFF, 0xFF }, \
  { 0xFF, 0xFF, 0xFF, 0xFF }, \
  { 0xFF, 0xFF, 0xFF, 0xFF }, \
  { 0xFF, 0xFF, 0xFF, 0xFF }, \
  { 0xFF, 0xFF, 0xFF, 0xFF }, \
  { 0xFF, 0xFF, 0xFF, 0xFF }, \
  { 0xFF, 0xFF, 0xFF, 0xFF }, \
  { 0xFF, 0xFF, 0xFF, 0xFF }, \
  { 0xFF, 0xFF, 0xFF, 0xFF }, \
  { 0xFF, 0xFF, 0xFF, 0xFF }, \
  { 0xFF, 0xFF, 0xFF, 0xFF }, \
  { 0xFF, 0xFF, 0xFF, 0xFF }, \
  { 0xFF, 0xFF, 0xFF, 0xFF }, \
  { 0xFF, 0xFF, 0xFF, 0xFF }, \
  { 0xFF, 0xFF, 0xFF, 0xFF }, \
  { 0xFF, 0xFF, 0xFF, 0xFF }, \
  { 0xFF, 0xFF, 0xFF, 0xFF }, \
  { 0xFF, 0xFF, 0xFF, 0xFF }, \
  { 0xFF, 0xFF, 0xFF, 0xFF }, \
  { 0xFF, 0xFF, 0xFF, 0xFF }, \
  { 0xFF, 0xFF, 0xFF, 0xFF }, \
  { 0xFF, 0xFF, 0xFF, 0xFF }, \
  { 0xFF, 0xFF, 0xFF, 0xFF }, \
  { 0xFF, 0xFF, 0xFF, 0xFF }, \
  { 0xFF, 0xFF, 0xFF, 0xFF }, \
  { 0xFF, 0xFF, 0xFF, 0xFF }, \
  { 0xFF, 0xFF, 0xFF, 0xFF }, \
  { 0xFF, 0xFF, 0xFF, 0xFF }, \
  { 0xFF, 0xFF, 0xFF, 0xFF }, \
  { 0xFF, 0xFF, 0xFF, 0xFF }, \
  { 0xFF, 0xFF, 0xFF, 0xFF }, \
  { 0xFF, 0xFF, 0xFF, 0xFF }, \
  { 0xFF, 0xFF, 0xFF, 0xFF }, \
  { 0xFF, 0xFF, 0xFF, 0xFF }, \
  { 0xFF, 0xFF, 0xFF, 0xFF }, \
  { 0xFF, 0xFF, 0xFF, 0xFF }, \
  { 0xFF, 0xFF, 0xFF, 0xFF }, \
  { 0xFF, 0xFF, 0xFF, 0xFF }, \
  { 0xFF, 0xFF, 0xFF, 0xFF }, \
  { 0xFF, 0xFF, 0xFF, 0xFF }, \
  { 0xFF, 0xFF, 0xFF, 0xFF }, \
  { 0xFF, 0xFF, 0xFF, 0xFF }, \
  { 0xFF, 0xFF, 0xFF, 0xFF }, \
  { 0xFF, 0xFF, 0xFF, 0xFF }, \
  { 0xFF, 0xFF, 0xFF, 0xFF }, \
  { 0xFF, 0xFF, 0xFF, 0xFF }, \
  { 0xFF, 0xFF, 0xFF, 0xFF }, \
  { 0xFF, 0xFF, 0xFF, 0xFF }, \
  { 0xFF, 0xFF, 0xFF, 0xFF }, \
  { 0xFF, 0xFF, 0xFF, 0xFF }, \
  { 0xFF, 0xFF, 0xFF, 0xFF }, \
  { 0xFF, 0xFF, 0xFF, 0xFF }, \
  { 0xFF, 0xFF, 0xFF, 0xFF }, \
  { 0xFF, 0xFF, 0xFF, 0xFF }, \
  { 0xFF, 0xFF, 0xFF, 0xFF }, \
  { 0xFF, 0xFF, 0xFF, 0xFF }, \
  { 0xFF, 0xFF, 0xFF, 0xFF }, \
  { 0xFF, 0xFF, 0xFF, 0xFF }, \
  { 0xFF, 0xFF, 0xFF, 0xFF }, \
  { 0xFF, 0xFF, 0xFF, 0xFF }, \
  { 0xFF, 0xFF, 0xFF, 0xFF }, \
  { 0xFF, 0xFF, 0xFF, 0xFF }, \
  { 0xFF, 0xFF, 0xFF, 0xFF }, \
  { 0xFF, 0xFF, 0xFF, 0xFF }, \
  { 0xFF, 0xFF, 0xFF, 0xFF }, \
  { 0xFF, 0xFF, 0xFF, 0xFF }, \
  { 0xFF, 0xFF, 0xFF, 0xFF }, \
  { 0xFF, 0xFF, 0xFF, 0xFF }, \
  { 0xFF, 0xFF, 0xFF, 0xFF }, \
  { 0xFF, 0xFF, 0xFF, 0xFF }, \
  { 0xFF, 0xFF, 0xFF, 0xFF }, \
  { 0xFF, 0xFF, 0xFF, 0xFF }, \
  { 0xFF, 0xFF, 0xFF, 0xFF }, \
  { 0xFF, 0xFF, 0xFF, 0xFF }, \
  { 0xFF, 0xFF, 0xFF, 0xFF }, \
  { 0xFF, 0xFF, 0xFF, 0xFF }, \
  { 0xFF, 0xFF, 0xFF, 0xFF }, \
  { 0xFF, 0xFF, 0xFF, 0xFF }, \
  { 0xFF, 0xFF, 0xFF, 0xFF }, \
  { 0xFF, 0xFF, 0xFF, 0xFF }, \
  { 0xFF, 0xFF, 0xFF, 0xFF }, \
  { 0xFF, 0xFF, 0xFF, 0xFF }, \
  { 0xFF, 0xFF, 0xFF, 0xFF }, \
  { 0xFF, 0xFF, 0xFF, 0xFF }, \
  { 0xFF, 0xFF, 0xFF, 0xFF }, \
  { 0xFF, 0xFF, 0xFF, 0xFF }, \
  { 0xFF, 0xFF, 0xFF, 0xFF }, \
  { 0xFF, 0xFF, 0xFF, 0xFF }, \
  { 0xFF, 0xFF, 0xFF, 0xFF }, \
  { 0xFF, 0xFF, 0xFF, 0xFF }, \
  { 0xFF, 0xFF, 0xFF, 0xFF }, \
  { 0xFF, 0xFF, 0xFF, 0xFF }, \
  { 0xFF, 0xFF, 0xFF, 0xFF }, \
  { 0xFF, 0xFF, 0xFF, 0xFF }, \
  { 0xFF, 0xFF, 0xFF, 0xFF }, \
  { 0xFF, 0xFF, 0xFF, 0xFF }, \
  { 0xFF, 0xFF, 0xFF, 0xFF }, \
  { 0xFF, 0xFF, 0xFF, 0xFF }, \
  { 0xFF, 0xFF, 0xFF, 0xFF }, \
  { 0xFF, 0xFF, 0xFF, 0xFF }, \
  { 0xFF, 0xFF, 0xFF, 0xFF }, \
  { 0xFF, 0xFF, 0xFF, 0xFF }, \
  { 0xFF, 0xFF, 0xFF, 0xFF }, \
  { 0xFF, 0xFF, 0xFF, 0xFF }, \
  { 0xFF, 0xFF, 0xFF, 0xFF }, \
  { 0xFF, 0xFF, 0xFF, 0xFF }, \
  { 0xFF, 0xFF, 0xFF, 0xFF }, \
  { 0xFF, 0xFF, 0xFF, 0xFF }, \
  { 0xFF, 0xFF, 0xFF, 0xFF }, \
  { 0xFF, 0xFF, 0xFF, 0xFF }, \
  { 0xFF, 0xFF, 0xFF, 0xFF }, \
  { 0xFF, 0xFF, 0xFF, 0xFF }, \
  { 0xFF, 0xFF, 0xFF, 0xFF }, \
  { 0xFF, 0xFF, 0xFF, 0xFF }, \
  { 0xFF, 0xFF, 0xFF, 0xFF }, \
  { 0xFF, 0xFF, 0xFF, 0xFF }, \
  { 0xFF, 0xFF, 0xFF, 0xFF }, \
  { 0xFF, 0xFF, 0xFF, 0xFF }, \
  { 0xFF, 0xFF, 0xFF, 0xFF }, \
  { 0xFF, 0xFF, 0xFF, 0xFF }, \
  { 0xFF, 0xFF, 0xFF, 0xFF }, \
  { 0xFF, 0xFF, 0xFF, 0xFF }, \
  { 0xFF, 0xFF, 0xFF, 0xFF }, \
  { 0xFF, 0xFF, 0xFF, 0xFF }, \
  { 0xFF, 0xFF, 0xFF, 0xFF }, \
  { 0xFF, 0xFF, 0xFF, 0xFF }, \
  { 0xFF, 0xFF, 0xFF, 0xFF }, \
  { 0xFF, 0xFF, 0xFF, 0xFF }, \
  { 0xFF, 0xFF, 0xFF, 0xFF }, \
  { 0xFF, 0xFF, 0xFF, 0xFF }, \
  { 0xFF, 0xFF, 0xFF, 0xFF }, \
  { 0xFF, 0xFF, 0xFF, 0xFF }, \
  { 0xFF, 0xFF, 0xFF, 0xFF }, \
  { 0xFF, 0xFF, 0xFF, 0xFF }, \
  { 0xFF, 0xFF, 0xFF, 0xFF }, \
  { 0xFF, 0xFF, 0xFF, 0xFF }, \
  { 0xFF, 0xFF, 0xFF, 0xFF }, \
  { 0xFF, 0xFF, 0xFF, 0xFF }, \
  { 0xFF, 0xFF, 0xFF, 0xFF }, \
  { 0xFF, 0xFF, 0xFF, 0xFF }, \
  { 0xFF, 0xFF, 0xFF, 0xFF }, \
  { 0xFF, 0xFF, 0xFF, 0xFF }, \
  { 0xFF, 0xFF, 0xFF, 0xFF }, \
  { 0xFF, 0xFF, 0xFF, 0xFF }, \
  { 0xFF, 0xFF, 0xFF, 0xFF }, \
  { 0xFF, 0xFF, 0xFF, 0xFF }, \
  { 0xFF, 0xFF, 0xFF, 0xFF }, \
  { 0xFF, 0xFF, 0xFF, 0xFF }, \
  { 0xFF, 0xFF, 0xFF, 0xFF }, \
  { 0xFF, 0xFF, 0xFF, 0xFF }, \
  { 0xFF, 0xFF, 0xFF, 0xFF }, \
  { 0xFF, 0xFF, 0xFF, 0xFF }, \
  { 0xFF, 0xFF, 0xFF, 0xFF }, \
  { 0xFF, 0xFF, 0xFF, 0xFF }, \
  { 0xFF, 0xFF, 0xFF, 0xFF }, \
  { 0xFF, 0xFF, 0xFF, 0xFF }, \
  { 0xFF, 0xFF, 0xFF, 0xFF }, \
  { 0xFF, 0xFF, 0xFF, 0xFF }, \
  { 0xFF, 0xFF, 0xFF, 0xFF }, \
  { 0xFF, 0xFF, 0xFF, 0xFF }, \
  { 0xFF, 0xFF, 0xFF, 0xFF }, \
  { 0xFF, 0xFF, 0xFF, 0xFF }, \
  { 0xFF, 0xFF, 0xFF, 0xFF }, \
  { 0xFF, 0xFF, 0xFF, 0xFF }, \
  { 0xFF, 0xFF, 0xFF, 0xFF }, \
  { 0xFF, 0xFF, 0xFF, 0xFF }, \
  { 0xFF, 0xFF, 0xFF, 0xFF }, \
  { 0xFF, 0xFF, 0xFF, 0xFF }, \
  { 0xFF, 0xFF, 0xFF, 0xFF }, \
  { 0xFF, 0xFF, 0xFF, 0xFF }, \
  { 0xFF, 0xFF, 0xFF, 0xFF }, \
  { 0xFF, 0xFF, 0xFF, 0xFF }, \
  { 0xFF, 0xFF, 0xFF, 0xFF }, \
  { 0xFF, 0xFF, 0xFF, 0xFF }, \
  { 0xFF, 0xFF, 0xFF, 0xFF }, \
  { 0xFF, 0xFF, 0xFF, 0xFF }, \
  { 0xFF, 0xFF, 0xFF, 0xFF }, \
  { 0xFF, 0xFF, 0xFF, 0xFF }, \
  { 0xFF, 0xFF, 0xFF, 0xFF }, \
  { 0xFF, 0xFF, 0xFF, 0xFF }, \
  { 0xFF, 0xFF, 0xFF, 0xFF }, \
  { 0xFF, 0xFF, 0xFF, 0xFF }, \
  { 0xFF, 0xFF, 0xFF, 0xFF }, \
  { 0xFF, 0xFF, 0xFF, 0xFF }, \
  { 0xFF, 0xFF, 0xFF, 0xFF }, \
  { 0xFF, 0xFF, 0xFF, 0xFF }, \
  { 0xFF, 0xFF, 0xFF, 0xFF }, \
  { 0xFF, 0xFF, 0xFF, 0xFF }, \
  { 0xFF, 0xFF, 0xFF, 0xFF }, \
  { 0xFF, 0xFF, 0xFF, 0xFF }, \
  { 0xFF, 0xFF, 0xFF, 0xFF }, \
  { 0xFF, 0xFF, 0xFF, 0xFF }, \
  { 0xFF, 0xFF, 0xFF, 0xFF }, \
  { 0xFF, 0xFF, 0xFF, 0xFF }, \
  { 0xFF, 0xFF, 0xFF, 0xFF }, \
  { 0xFF, 0xFF, 0xFF, 0xFF }, \
  { 0xFF, 0xFF, 0xFF, 0xFF }, \
  { 0xFF, 0xFF, 0xFF, 0xFF }, \
  { 0xFF, 0xFF, 0xFF, 0xFF }, \
  { 0xFF, 0xFF, 0xFF, 0xFF }, \
  { 0xFF, 0xFF, 0xFF, 0xFF }, \
  { 0xFF, 0xFF, 0xFF, 0xFF }, \
  { 0xFF, 0xFF, 0xFF, 0xFF }, \
  { 0xFF, 0xFF, 0xFF, 0xFF }, \
  { 0xFF, 0xFF, 0xFF, 0xFF }, \
  { 0xFF, 0xFF, 0xFF, 0xFF }, \
  { 0xFF, 0xFF, 0xFF, 0xFF }, \
  { 0xFF, 0xFF, 0xFF, 0xFF }, \
  { 0xFF, 0xFF, 0xFF, 0xFF }, \
  { 0xFF, 0xFF, 0xFF, 0xFF }, \
  { 0xFF, 0xFF, 0xFF, 0xFF }, \
  { 0xFF, 0xFF, 0xFF, 0xFF }, \
  { 0xFF, 0xFF, 0xFF, 0xFF }, \
  { 0xFF, 0xFF, 0xFF, 0xFF }, \
  { 0xFF, 0xFF, 0xFF, 0xFF }, \
  { 0xFF, 0xFF, 0xFF, 0xFF }, \
  { 0xFF, 0xFF, 0xFF, 0xFF }, \
  { 0xFF, 0xFF, 0xFF, 0xFF }, \
  { 0xFF, 0xFF, 0xFF, 0xFF }, \
  { 0xFF, 0xFF, 0xFF, 0xFF }, \
  { 0xFF, 0xFF, 0xFF, 0xFF }, \
  { 0xFF, 0xFF, 0xFF, 0xFF }, \
  { 0xFF, 0xFF, 0xFF, 0xFF }, \
  { 0xFF, 0xFF, 0xFF, 0xFF }, \
  { 0xFF, 0xFF, 0xFF, 0xFF }, \
  { 0xFF, 0xFF, 0xFF, 0xFF }, \
  { 0xFF, 0xFF, 0xFF, 0xFF }, \
  { 0xFF, 0xFF, 0xFF, 0xFF }, \
  { 0xFF, 0xFF, 0xFF, 0xFF }, \
  { 0xFF, 0xFF, 0xFF, 0xFF }, \
  { 0xFF, 0xFF, 0xFF, 0xFF }, \
  { 0xFF, 0xFF, 0xFF, 0xFF }, \
  { 0xFF, 0xFF, 0xFF, 0xFF }, \
  { 0xFF, 0xFF, 0xFF, 0xFF }, \
  { 0xFF, 0xFF, 0xFF, 0xFF }, \
  { 0xFF, 0xFF, 0xFF, 0xFF }, \
  { 0xFF, 0xFF, 0xFF, 0xFF }, \
  { 0xFF, 0xFF, 0xFF, 0xFF }, \
  { 0xFF, 0xFF, 0xFF, 0xFF }, \
  { 0xFF, 0xFF, 0xFF, 0xFF }, \
  { 0xFF, 0xFF, 0xFF, 0xFF }, \
  { 0xFF, 0xFF, 0xFF, 0xFF }, \
  { 0xFF, 0xFF, 0xFF, 0xFF }, \
  { 0xFF, 0xFF, 0xFF, 0xFF }, \
  { 0xFF, 0xFF, 0xFF, 0xFF }, \
  { 0xFF, 0xFF, 0xFF, 0xFF }, \
  { 0xFF, 0xFF, 0xFF, 0xFF }, \
  { 0xFF, 0xFF, 0xFF, 0xFF }, \
  { 0xFF, 0xFF, 0xFF, 0xFF }, \
  { 0xFF, 0xFF, 0xFF, 0xFF }, \
  { 0xFF, 0xFF, 0xFF, 0xFF }, \
  { 0xFF, 0xFF, 0xFF, 0xFF }, \
  { 0xFF, 0xFF, 0xFF, 0xFF }, \
  { 0xFF, 0xFF, 0xFF, 0xFF }, \
  { 0xFF, 0xFF, 0xFF, 0xFF }, \
  { 0xFF, 0xFF, 0xFF, 0xFF }, \
  { 0xFF, 0xFF, 0xFF, 0xFF }, \
  { 0xFF, 0xFF, 0xFF, 0xFF }, \
  { 0xFF, 0xFF, 0xFF, 0xFF }, \
  { 0xFF, 0xFF, 0xFF, 0xFF }, \
  { 0xFF, 0xFF, 0xFF, 0xFF }, \
  { 0xFF, 0xFF, 0xFF, 0xFF }, \
  { 0xFF, 0xFF, 0xFF, 0xFF }, \
  { 0xFF, 0xFF, 0xFF, 0xFF }, \
  { 0xFF, 0xFF, 0xFF, 0xFF }, \
  { 0xFF, 0xFF, 0xFF, 0xFF }, \
  { 0xFF, 0xFF, 0xFF, 0xFF }, \
  { 0xFF, 0xFF, 0xFF, 0xFF }, \
  { 0xFF, 0xFF, 0xFF, 0xFF }, \
  { 0xFF, 0xFF, 0xFF, 0xFF }, \
  { 0xFF, 0xFF, 0xFF, 0xFF }, \
  { 0xFF, 0xFF, 0xFF, 0xFF }, \
  { 0xFF, 0xFF, 0xFF, 0xFF }, \
  { 0xFF, 0xFF, 0xFF, 0xFF }, \
  { 0xFF, 0xFF, 0xFF, 0xFF }, \
  { 0xFF, 0xFF, 0xFF, 0xFF }, \
  { 0xFF, 0xFF, 0xFF, 0xFF }, \
  { 0xFF, 0xFF, 0xFF, 0xFF }, \
  { 0xFF, 0xFF, 0xFF, 0xFF }, \
  { 0xFF, 0xFF, 0xFF, 0xFF }, \
  { 0xFF, 0xFF, 0xFF, 0xFF }, \
  { 0xFF, 0xFF, 0xFF, 0xFF }, \
  { 0xFF, 0xFF, 0xFF, 0xFF }, \
  { 0xFF, 0xFF, 0xFF, 0xFF }, \
  { 0xFF, 0xFF, 0xFF, 0xFF }, \
  { 0xFF, 0xFF, 0xFF, 0xFF }, \
  { 0xFF, 0xFF, 0xFF, 0xFF }, \
  { 0xFF, 0xFF, 0xFF, 0xFF }, \
  { 0xFF, 0xFF, 0xFF, 0xFF }, \
  { 0xFF, 0xFF, 0xFF, 0xFF }, \
  { 0xFF, 0xFF, 0xFF, 0xFF }, \
  { 0xFF, 0xFF, 0xFF, 0xFF }, \
  { 0xFF, 0xFF, 0xFF, 0xFF }, \
  { 0xFF, 0xFF, 0xFF, 0xFF }, \
  { 0xFF, 0xFF, 0xFF, 0xFF }, \
  { 0xFF, 0xFF, 0xFF, 0xFF }, \
  { 0xFF, 0xFF, 0xFF, 0xFF }, \
  { 0xFF, 0xFF, 0xFF, 0xFF }, \
  { 0xFF, 0xFF, 0xFF, 0xFF }, \
  { 0xFF, 0xFF, 0xFF, 0xFF }, \
  { 0xFF, 0xFF, 0xFF, 0xFF }, \
  { 0xFF, 0xFF, 0xFF, 0xFF }, \
  { 0xFF, 0xFF, 0xFF, 0xFF }, \
  { 0xFF, 0xFF, 0xFF, 0xFF }, \
  { 0xFF, 0xFF, 0xFF, 0xFF }, \
  { 0xFF, 0xFF, 0xFF, 0xFF }, \
  { 0xFF, 0xFF, 0xFF, 0xFF }, \
  { 0xFF, 0xFF, 0xFF, 0xFF }, \
  { 0xFF, 0xFF, 0xFF, 0xFF }, \
  { 0xFF, 0xFF, 0xFF, 0xFF }, \
  { 0xFF, 0xFF, 0xFF, 0xFF }, \
  { 0xFF, 0xFF, 0xFF, 0xFF }, \
  { 0xFF, 0xFF, 0xFF, 0xFF }, \
  { 0xFF, 0xFF, 0xFF, 0xFF }, \
  { 0xFF, 0xFF, 0xFF, 0xFF }, \
  { 0xFF, 0xFF, 0xFF, 0xFF }, \
  { 0xFF, 0xFF, 0xFF, 0xFF }, \
  { 0xFF, 0xFF, 0xFF, 0xFF }, \
  { 0xFF, 0xFF, 0xFF, 0xFF }, \
  { 0xFF, 0xFF, 0xFF, 0xFF }, \
  { 0xFF, 0xFF, 0xFF, 0xFF }, \
  { 0xFF, 0xFF, 0xFF, 0xFF }, \
  { 0xFF, 0xFF, 0xFF, 0xFF }, \
  { 0xFF, 0xFF, 0xFF, 0xFF }, \
  { 0xFF, 0xFF, 0xFF, 0xFF }, \
  { 0xFF, 0xFF, 0xFF, 0xFF }, \
  { 0xFF, 0xFF, 0xFF, 0xFF }, \
  { 0xFF, 0xFF, 0xFF, 0xFF }, \
  { 0xFF, 0xFF, 0xFF, 0xFF }, \
  { 0xFF, 0xFF, 0xFF, 0xFF }, \
  { 0xFF, 0xFF, 0xFF, 0xFF }, \
  { 0xFF, 0xFF, 0xFF, 0xFF }, \
  { 0xFF, 0xFF, 0xFF, 0xFF }, \
  { 0xFF, 0xFF, 0xFF, 0xFF }, \
  { 0xFF, 0xFF, 0xFF, 0xFF }, \
  { 0xFF, 0xFF, 0xFF, 0xFF }, \
  { 0xFF, 0xFF, 0xFF, 0xFF }, \
  { 0xFF, 0xFF, 0xFF, 0xFF }, \
  { 0xFF, 0xFF, 0xFF, 0xFF }, \
  { 0xFF, 0xFF, 0xFF, 0xFF }, \
  { 0xFF, 0xFF, 0xFF, 0xFF }, \
  { 0xFF, 0xFF, 0xFF, 0xFF }, \
  { 0xFF, 0xFF, 0xFF, 0xFF }, \
  { 0xFF, 0xFF, 0xFF, 0xFF }, \
  { 0xFF, 0xFF, 0xFF, 0xFF }, \
  { 0xFF, 0xFF, 0xFF, 0xFF }, \
  { 0xFF, 0xFF, 0xFF, 0xFF }, \
  { 0xFF, 0xFF, 0xFF, 0xFF }, \
  { 0xFF, 0xFF, 0xFF, 0xFF }, \
  { 0xFF, 0xFF, 0xFF, 0xFF }, \
  { 0xFF, 0xFF, 0xFF, 0xFF }, \
  { 0xFF, 0xFF, 0xFF, 0xFF }, \
  { 0xFF, 0xFF, 0xFF, 0xFF }, \
  { 0xFF, 0xFF, 0xFF, 0xFF }, \
  { 0xFF, 0xFF, 0xFF, 0xFF }, \
  { 0xFF, 0xFF, 0xFF, 0xFF }, \
  { 0xFF, 0xFF, 0xFF, 0xFF }, \
  { 0xFF, 0xFF, 0xFF, 0xFF }, \
  { 0xFF, 0xFF, 0xFF, 0xFF }, \
  { 0xFF, 0xFF, 0xFF, 0xFF }, \
  { 0xFF, 0xFF, 0xFF, 0xFF }, \
  { 0xFF, 0xFF, 0xFF, 0xFF }, \
  { 0xFF, 0xFF, 0xFF, 0xFF }, \
  { 0xFF, 0xFF, 0xFF, 0xFF }, \
  { 0xFF, 0xFF, 0xFF, 0xFF }, \
  { 0xFF, 0xFF, 0xFF, 0xFF }, \
  { 0xFF, 0xFF, 0xFF, 0xFF }, \
  { 0xFF, 0xFF, 0xFF, 0xFF }, \
  { 0xFF, 0xFF, 0xFF, 0xFF }, \
  { 0xFF, 0xFF, 0xFF, 0xFF }, \
  { 0xFF, 0xFF, 0xFF, 0xFF }, \
  { 0xFF, 0xFF, 0xFF, 0xFF }, \
  { 0xFF, 0xFF, 0xFF, 0xFF }, \
  { 0xFF, 0xFF, 0xFF, 0xFF }, \
  { 0xFF, 0xFF, 0xFF, 0xFF }, \
  { 0xFF, 0xFF, 0xFF, 0xFF }, \
  { 0xFF, 0xFF, 0xFF, 0xFF }, \
  { 0xFF, 0xFF, 0xFF, 0xFF }, \
  { 0xFF, 0xFF, 0xFF, 0xFF }, \
  { 0xFF, 0xFF, 0xFF, 0xFF }, \
  { 0xFF, 0xFF, 0xFF, 0xFF }, \
  { 0xFF, 0xFF, 0xFF, 0xFF }, \
  { 0xFF, 0xFF, 0xFF, 0xFF }, \
  { 0xFF, 0xFF, 0xFF, 0xFF }, \
  { 0xFF, 0xFF, 0xFF, 0xFF }, \
  { 0xFF, 0xFF, 0xFF, 0xFF }, \
  { 0xFF, 0xFF, 0xFF, 0xFF }, \
  { 0xFF, 0xFF, 0xFF, 0xFF }, \
  { 0xFF, 0xFF, 0xFF, 0xFF }, \
  { 0xFF, 0xFF, 0xFF, 0xFF }, \
  { 0xFF, 0xFF, 0xFF, 0xFF }, \
  { 0xFF, 0xFF, 0xFF, 0xFF }, \
  { 0xFF, 0xFF, 0xFF, 0xFF }, \
  { 0xFF, 0xFF, 0xFF, 0xFF }, \
  { 0xFF, 0xFF, 0xFF, 0xFF }, \
  { 0xFF, 0xFF, 0xFF, 0xFF }, \
  { 0xFF, 0xFF, 0xFF, 0xFF }, \
  { 0xFF, 0xFF, 0xFF, 0xFF }, \
  { 0xFF, 0xFF, 0xFF, 0xFF }, \
  { 0xFF, 0xFF, 0xFF, 0xFF }, \
  { 0xFF, 0xFF, 0xFF, 0xFF }, \
  { 0xFF, 0xFF, 0xFF, 0xFF }, \
  { 0xFF, 0xFF, 0xFF, 0xFF }, \
  { 0xFF, 0xFF, 0xFF, 0xFF }, \
  { 0xFF, 0xFF, 0xFF, 0xFF }, \
  { 0xFF, 0xFF, 0xFF, 0xFF }, \
  { 0xFF, 0xFF, 0xFF, 0xFF }, \
  { 0xFF, 0xFF, 0xFF, 0xFF }, \
  { 0xFF, 0xFF, 0xFF, 0xFF }, \
  { 0xFF, 0xFF, 0xFF, 0xFF }, \
  { 0xFF, 0xFF, 0xFF, 0xFF }, \
  { 0xFF, 0xFF, 0xFF, 0xFF }, \
  { 0xFF, 0xFF, 0xFF, 0xFF }, \
  { 0xFF, 0xFF, 0xFF, 0xFF }, \
  { 0xFF, 0xFF, 0xFF, 0xFF }, \
  { 0xFF, 0xFF, 0xFF, 0xFF }, \
  { 0xFF, 0xFF, 0xFF, 0xFF }, \
  { 0xFF, 0xFF, 0xFF, 0xFF }, \
  { 0xFF, 0xFF, 0xFF, 0xFF }, \
  { 0xFF, 0xFF, 0xFF, 0xFF }, \
  { 0xFF, 0xFF, 0xFF, 0xFF }, \
  { 0xFF, 0xFF, 0xFF, 0xFF }, \
  { 0xFF, 0xFF, 0xFF, 0xFF }, \
  { 0xFF, 0xFF, 0xFF, 0xFF }, \
  { 0xFF, 0xFF, 0xFF, 0xFF }, \
  { 0xFF, 0xFF, 0xFF, 0xFF }, \
  { 0xFF, 0xFF, 0xFF, 0xFF }, \
  { 0xFF, 0xFF, 0xFF, 0xFF }, \
  { 0xFF, 0xFF, 0xFF, 0xFF }, \
  { 0xFF, 0xFF, 0xFF, 0xFF }, \
  { 0xFF, 0xFF, 0xFF, 0xFF }, \
  { 0xFF, 0xFF, 0xFF, 0xFF }, \
  { 0xFF, 0xFF, 0xFF, 0xFF }, \
  { 0xFF, 0xFF, 0xFF, 0xFF }, \
  { 0xFF, 0xFF, 0xFF, 0xFF }, \
  { 0xFF, 0xFF, 0xFF, 0xFF }, \
  { 0xFF, 0xFF, 0xFF, 0xFF }, \
  { 0xFF, 0xFF, 0xFF, 0xFF }, \
  { 0xFF, 0xFF, 0xFF, 0xFF }, \
  { 0xFF, 0xFF, 0xFF, 0xFF }, \
  { 0xFF, 0xFF, 0xFF, 0xFF }, \
  { 0xFF, 0xFF, 0xFF, 0xFF }, \
  { 0xFF, 0xFF, 0xFF, 0xFF }, \
  { 0xFF, 0xFF, 0xFF, 0xFF }, \
  { 0xFF, 0xFF, 0xFF, 0xFF }, \
  { 0xFF, 0xFF, 0xFF, 0xFF }, \
  { 0xFF, 0xFF, 0xFF, 0xFF }, \
  { 0xFF, 0xFF, 0xFF, 0xFF }, \
  { 0xFF, 0xFF, 0xFF, 0xFF }, \
  { 0xFF, 0xFF, 0xFF, 0xFF }, \
  { 0xFF, 0xFF, 0xFF, 0xFF }, \
  { 0xFF, 0xFF, 0xFF, 0xFF }, \
  { 0xFF, 0xFF, 0xFF, 0xFF }, \
  { 0xFF, 0xFF, 0xFF, 0xFF }, \
  { 0xFF, 0xFF, 0xFF, 0xFF }, \
  { 0xFF, 0xFF, 0xFF, 0xFF }, \
  { 0xFF, 0xFF, 0xFF, 0xFF }, \
  { 0xFF, 0xFF, 0xFF, 0xFF }, \
  { 0xFF, 0xFF, 0xFF, 0xFF }, \
  { 0xFF, 0xFF, 0xFF, 0xFF }, \
  { 0xFF, 0xFF, 0xFF, 0xFF }, \
  { 0xFF, 0xFF, 0xFF, 0xFF }, \
  { 0xFF, 0xFF, 0xFF, 0xFF }, \
  { 0xFF, 0xFF, 0xFF, 0xFF }, \
  { 0xFF, 0xFF, 0xFF, 0xFF }, \
  { 0xFF, 0xFF, 0xFF, 0xFF }, \
  { 0xFF, 0xFF, 0xFF, 0xFF }, \
  { 0xFF, 0xFF, 0xFF, 0xFF }, \
  { 0xFF, 0xFF, 0xFF, 0xFF }, \
  { 0xFF, 0xFF, 0xFF, 0xFF }, \
  { 0xFF, 0xFF, 0xFF, 0xFF }, \
  { 0xFF, 0xFF, 0xFF, 0xFF }, \
  { 0xFF, 0xFF, 0xFF, 0xFF }, \
  { 0xFF, 0xFF, 0xFF, 0xFF }, \
  { 0xFF, 0xFF, 0xFF, 0xFF }, \
  { 0xFF, 0xFF, 0xFF, 0xFF }, \
  { 0xFF, 0xFF, 0xFF, 0xFF }, \
  { 0xFF, 0xFF, 0xFF, 0xFF }, \
  { 0xFF, 0xFF, 0xFF, 0xFF }, \
  { 0xFF, 0xFF, 0xFF, 0xFF }, \
  { 0xFF, 0xFF, 0xFF, 0xFF }, \
  { 0xFF, 0xFF, 0xFF, 0xFF }, \
  { 0xFF, 0xFF, 0xFF, 0xFF }, \
  { 0xFF, 0xFF, 0xFF, 0xFF }, \
  { 0xFF, 0xFF, 0xFF, 0xFF }, \
  { 0xFF, 0xFF, 0xFF, 0xFF }, \
  { 0xFF, 0xFF, 0xFF, 0xFF }, \
  { 0xFF, 0xFF, 0xFF, 0xFF }, \
  { 0xFF, 0xFF, 0xFF, 0xFF }, \
  { 0xFF, 0xFF, 0xFF, 0xFF }, \
  { 0xFF, 0xFF, 0xFF, 0xFF }, \
  { 0xFF, 0xFF, 0xFF, 0xFF }, \
  { 0xFF, 0xFF, 0xFF, 0xFF }, \
  { 0xFF, 0xFF, 0xFF, 0xFF }, \
  { 0xFF, 0xFF, 0xFF, 0xFF }, \
  { 0xFF, 0xFF, 0xFF, 0xFF }, \
  { 0xFF, 0xFF, 0xFF, 0xFF }, \
  { 0xFF, 0xFF, 0xFF, 0xFF }, \
  { 0xFF, 0xFF, 0xFF, 0xFF }, \
  { 0xFF, 0xFF, 0xFF, 0xFF }, \
  { 0xFF, 0xFF, 0xFF, 0xFF }, \
  { 0xFF, 0xFF, 0xFF, 0xFF }, \
  { 0xFF, 0xFF, 0xFF, 0xFF }, \
  { 0xFF, 0xFF, 0xFF, 0xFF }, \
  { 0xFF, 0xFF, 0xFF, 0xFF }, \
  { 0xFF, 0xFF, 0xFF, 0xFF }, \
  { 0xFF, 0xFF, 0xFF, 0xFF }, \
  { 0xFF, 0xFF, 0xFF, 0xFF }, \
  { 0xFF, 0xFF, 0xFF, 0xFF }, \
  { 0xFF, 0xFF, 0xFF, 0xFF }, \
  { 0xFF, 0xFF, 0xFF, 0xFF }, \
  { 0xFF, 0xFF, 0xFF, 0xFF }, \
  { 0xFF, 0xFF, 0xFF, 0xFF }, \
  { 0xFF, 0xFF, 0xFF, 0xFF }, \
  { 0xFF, 0xFF, 0xFF, 0xFF }, \
  { 0xFF, 0xFF, 0xFF, 0xFF }, \
  { 0xFF, 0xFF, 0xFF, 0xFF }, \
  { 0xFF, 0xFF, 0xFF, 0xFF }, \
  { 0xFF, 0xFF, 0xFF, 0xFF }, \
  { 0xFF, 0xFF, 0xFF, 0xFF }, \
  { 0xFF, 0xFF, 0xFF, 0xFF }, \
  { 0xFF, 0xFF, 0xFF, 0xFF }, \
  { 0xFF, 0xFF, 0xFF, 0xFF }, \
  { 0xFF, 0xFF, 0xFF, 0xFF }, \
  { 0xFF, 0xFF, 0xFF, 0xFF }, \
  { 0xFF, 0xFF, 0xFF, 0xFF }, \
  { 0xFF, 0xFF, 0xFF, 0xFF }, \
  { 0xFF, 0xFF, 0xFF, 0xFF }, \
  { 0xFF, 0xFF, 0xFF, 0xFF }, \
  { 0xFF, 0xFF, 0xFF, 0xFF }, \
  { 0xFF, 0xFF, 0xFF, 0xFF }, \
  { 0xFF, 0xFF, 0xFF, 0xFF }, \
  { 0xFF, 0xFF, 0xFF, 0xFF }, \
  { 0xFF, 0xFF, 0xFF, 0xFF }, \
  { 0xFF, 0xFF, 0xFF, 0xFF }, \
  { 0xFF, 0xFF, 0xFF, 0xFF }, \
  { 0xFF, 0xFF, 0xFF, 0xFF }, \
  { 0xFF, 0xFF, 0xFF, 0xFF }, \
  { 0xFF, 0xFF, 0xFF, 0xFF }, \
  { 0xFF, 0xFF, 0xFF, 0xFF }, \
  { 0xFF, 0xFF, 0xFF, 0xFF }, \
  { 0xFF, 0xFF, 0xFF, 0xFF }, \
  { 0xFF, 0xFF, 0xFF, 0xFF }, \
  { 0xFF, 0xFF, 0xFF, 0xFF }, \
  { 0xFF, 0xFF, 0xFF, 0xFF }, \
  { 0xFF, 0xFF, 0xFF, 0xFF }, \
  { 0xFF, 0xFF, 0xFF, 0xFF }, \
  { 0xFF, 0xFF, 0xFF, 0xFF }, \
  { 0xFF, 0xFF, 0xFF, 0xFF }, \
  { 0xFF, 0xFF, 0xFF, 0xFF }, \
  { 0xFF, 0xFF, 0xFF, 0xFF }, \
  { 0xFF, 0xFF, 0xFF, 0xFF }, \
  { 0xFF, 0xFF, 0xFF, 0xFF }, \
  { 0xFF, 0xFF, 0xFF, 0xFF }, \
  { 0xFF, 0xFF, 0xFF, 0xFF }, \
  { 0xFF, 0xFF, 0xFF, 0xFF }, \
  { 0xFF, 0xFF, 0xFF, 0xFF }, \
  { 0xFF, 0xFF, 0xFF, 0xFF }, \
  { 0xFF, 0xFF, 0xFF, 0xFF }, \
  { 0xFF, 0xFF, 0xFF, 0xFF }, \
  { 0xFF, 0xFF, 0xFF, 0xFF }, \
  { 0xFF, 0xFF, 0xFF, 0xFF }, \
  { 0xFF, 0xFF, 0xFF, 0xFF }, \
  { 0xFF, 0xFF, 0xFF, 0xFF }, \
  { 0xFF, 0xFF, 0xFF, 0xFF }, \
  { 0xFF, 0xFF, 0xFF, 0xFF }, \
  { 0xFF, 0xFF, 0xFF, 0xFF }, \
  { 0xFF, 0xFF, 0xFF, 0xFF }, \
  { 0xFF, 0xFF, 0xFF, 0xFF }, \
  { 0xFF, 0xFF, 0xFF, 0xFF }, \
  { 0xFF, 0xFF, 0xFF, 0xFF }, \
  { 0xFF, 0xFF, 0xFF, 0xFF }, \
  { 0xFF, 0xFF, 0xFF, 0xFF }, \
  { 0xFF, 0xFF, 0xFF, 0xFF }, \
  { 0xFF, 0xFF, 0xFF, 0xFF }, \
  { 0xFF, 0xFF, 0xFF, 0xFF }, \
  { 0xFF, 0xFF, 0xFF, 0xFF }, \
  { 0xFF, 0xFF, 0xFF, 0xFF }, \
  { 0xFF, 0xFF, 0xFF, 0xFF }, \
  { 0xFF, 0xFF, 0xFF, 0xFF }, \
  { 0xFF, 0xFF, 0xFF, 0xFF }, \
  { 0xFF, 0xFF, 0xFF, 0xFF }, \
  { 0xFF, 0xFF, 0xFF, 0xFF }, \
  { 0xFF, 0xFF, 0xFF, 0xFF }, \
  { 0xFF, 0xFF, 0xFF, 0xFF }, \
  { 0xFF, 0xFF, 0xFF, 0xFF }, \
  { 0xFF, 0xFF, 0xFF, 0xFF }, \
  { 0xFF, 0xFF, 0xFF, 0xFF }, \
  { 0xFF, 0xFF, 0xFF, 0xFF }, \
  { 0xFF, 0xFF, 0xFF, 0xFF }, \
  { 0xFF, 0xFF, 0xFF, 0xFF }, \
  { 0xFF, 0xFF, 0xFF, 0xFF }, \
  { 0xFF, 0xFF, 0xFF, 0xFF }, \
  { 0xFF, 0xFF, 0xFF, 0xFF }, \
  { 0xFF, 0xFF, 0xFF, 0xFF }, \
  { 0xFF, 0xFF, 0xFF, 0xFF }, \
  { 0xFF, 0xFF, 0xFF, 0xFF }, \
  { 0xFF, 0xFF, 0xFF, 0xFF }, \
  { 0xFF, 0xFF, 0xFF, 0xFF }, \
  { 0xFF, 0xFF, 0xFF, 0xFF }, \
  { 0xFF, 0xFF, 0xFF, 0xFF }, \
  { 0xFF, 0xFF, 0xFF, 0xFF }, \
  { 0xFF, 0xFF, 0xFF, 0xFF }, \
  { 0xFF, 0xFF, 0xFF, 0xFF }, \
  { 0xFF, 0xFF, 0xFF, 0xFF }, \
  { 0xFF, 0xFF, 0xFF, 0xFF }, \
  { 0xFF, 0xFF, 0xFF, 0xFF }, \
  { 0xFF, 0xFF, 0xFF, 0xFF }, \
  { 0xFF, 0xFF, 0xFF, 0xFF }, \
  { 0xFF, 0xFF, 0xFF, 0xFF }, \
  { 0xFF, 0xFF, 0xFF, 0xFF }, \
  { 0xFF, 0xFF, 0xFF, 0xFF }, \
  { 0xFF, 0xFF, 0xFF, 0xFF }, \
  { 0xFF, 0xFF, 0xFF, 0xFF }, \
  { 0xFF, 0xFF, 0xFF, 0xFF }, \
  { 0xFF, 0xFF, 0xFF, 0xFF }, \
  { 0xFF, 0xFF, 0xFF, 0xFF }, \
  { 0xFF, 0xFF, 0xFF, 0xFF }, \
  { 0xFF, 0xFF, 0xFF, 0xFF }, \
  { 0xFF, 0xFF, 0xFF, 0xFF }, \
  { 0xFF, 0xFF, 0xFF, 0xFF }, \
  { 0xFF, 0xFF, 0xFF, 0xFF }, \
  { 0xFF, 0xFF, 0xFF, 0xFF }, \
  { 0xFF, 0xFF, 0xFF, 0xFF }, \
  { 0xFF, 0xFF, 0xFF, 0xFF }, \
  { 0xFF, 0xFF, 0xFF, 0xFF }, \
  { 0xFF, 0xFF, 0xFF, 0xFF }, \
  { 0xFF, 0xFF, 0xFF, 0xFF }, \
  { 0xFF, 0xFF, 0xFF, 0xFF }, \
  { 0xFF, 0xFF, 0xFF, 0xFF }, \
  { 0xFF, 0xFF, 0xFF, 0xFF }, \
  { 0xFF, 0xFF, 0xFF, 0xFF }, \
  { 0xFF, 0xFF, 0xFF, 0xFF }, \
  { 0xFF, 0xFF, 0xFF, 0xFF }, \
  { 0xFF, 0xFF, 0xFF, 0xFF }, \
  { 0xFF, 0xFF, 0xFF, 0xFF }, \
  { 0xFF, 0xFF, 0xFF, 0xFF }, \
  { 0xFF, 0xFF, 0xFF, 0xFF }, \
  { 0xFF, 0xFF, 0xFF, 0xFF }, \
  { 0xFF, 0xFF, 0xFF, 0xFF }, \
  { 0xFF, 0xFF, 0xFF, 0xFF }, \
  { 0xFF, 0xFF, 0xFF, 0xFF }, \
  { 0xFF, 0xFF, 0xFF, 0xFF }, \
  { 0xFF, 0xFF, 0xFF, 0xFF }, \
  { 0xFF, 0xFF, 0xFF, 0xFF }, \
  { 0xFF, 0xFF, 0xFF, 0xFF }, \
  { 0xFF, 0xFF, 0xFF, 0xFF }, \
  { 0xFF, 0xFF, 0xFF, 0xFF }, \
  { 0xFF, 0xFF, 0xFF, 0xFF }, \
  { 0xFF, 0xFF, 0xFF, 0xFF }, \
  { 0xFF, 0xFF, 0xFF, 0xFF }, \
  { 0xFF, 0xFF, 0xFF, 0xFF }, \
  { 0xFF, 0xFF, 0xFF, 0xFF }, \
  { 0xFF, 0xFF, 0xFF, 0xFF }, \
  { 0xFF, 0xFF, 0xFF, 0xFF }, \
  { 0xFF, 0xFF, 0xFF, 0xFF }, \
  { 0xFF, 0xFF, 0xFF, 0xFF }, \
  { 0xFF, 0xFF, 0xFF, 0xFF }, \
  { 0xFF, 0xFF, 0xFF, 0xFF }, \
  { 0xFF, 0xFF, 0xFF, 0xFF }, \
  { 0xFF, 0xFF, 0xFF, 0xFF }, \
  { 0xFF, 0xFF, 0xFF, 0xFF }, \
  { 0xFF, 0xFF, 0xFF, 0xFF }, \
  { 0xFF, 0xFF, 0xFF, 0xFF }, \
  { 0xFF, 0xFF, 0xFF, 0xFF }, \
  { 0xFF, 0xFF, 0xFF, 0xFF }, \
  { 0xFF, 0xFF, 0xFF, 0xFF }, \
  { 0xFF, 0xFF, 0xFF, 0xFF }, \
  { 0xFF, 0xFF, 0xFF, 0xFF }, \
  { 0xFF, 0xFF, 0xFF, 0xFF }, \
  { 0xFF, 0xFF, 0xFF, 0xFF }, \
  { 0xFF, 0xFF, 0xFF, 0xFF }, \
  { 0xFF, 0xFF, 0xFF, 0xFF }, \
  { 0xFF, 0xFF, 0xFF, 0xFF }, \
  { 0xFF, 0xFF, 0xFF, 0xFF }, \
  { 0xFF, 0xFF, 0xFF, 0xFF }, \
  { 0xFF, 0xFF, 0xFF, 0xFF }, \
  { 0xFF, 0xFF, 0xFF, 0xFF }, \
  { 0xFF, 0xFF, 0xFF, 0xFF }, \
  { 0xFF, 0xFF, 0xFF, 0xFF }, \
  { 0xFF, 0xFF, 0xFF, 0xFF }, \
  { 0xFF, 0xFF, 0xFF, 0xFF }, \
  { 0xFF, 0xFF, 0xFF, 0xFF }, \
  { 0xFF, 0xFF, 0xFF, 0xFF }, \
  { 0xFF, 0xFF, 0xFF, 0xFF }, \
  { 0xFF, 0xFF, 0xFF, 0xFF }, \
  { 0xFF, 0xFF, 0xFF, 0xFF }, \
  { 0xFF, 0xFF, 0xFF, 0xFF }, \
  { 0xFF, 0xFF, 0xFF, 0xFF }, \
  { 0xFF, 0xFF, 0xFF, 0xFF }, \
  { 0xFF, 0xFF, 0xFF, 0xFF }, \
  { 0xFF, 0xFF, 0xFF, 0xFF }, \
  { 0xFF, 0xFF, 0xFF, 0xFF }, \
  { 0xFF, 0xFF, 0xFF, 0xFF }, \
  { 0xFF, 0xFF, 0xFF, 0xFF }, \
  { 0xFF, 0xFF, 0xFF, 0xFF }, \
  { 0xFF, 0xFF, 0xFF, 0xFF }, \
  { 0xFF, 0xFF, 0xFF, 0xFF }, \
  { 0xFF, 0xFF, 0xFF, 0xFF }, \
  { 0xFF, 0xFF, 0xFF, 0xFF }, \
  { 0xFF, 0xFF, 0xFF, 0xFF }, \
  { 0xFF, 0xFF, 0xFF, 0xFF }, \
  { 0xFF, 0xFF, 0xFF, 0xFF }, \
  { 0xFF, 0xFF, 0xFF, 0xFF }, \
  { 0xFF, 0xFF, 0xFF, 0xFF }, \
  { 0xFF, 0xFF, 0xFF, 0xFF }, \
  { 0xFF, 0xFF, 0xFF, 0xFF }, \
  { 0xFF, 0xFF, 0xFF, 0xFF }, \
  { 0xFF, 0xFF, 0xFF, 0xFF }, \
  { 0xFF, 0xFF, 0xFF, 0xFF }, \
  { 0xFF, 0xFF, 0xFF, 0xFF }, \
  { 0xFF, 0xFF, 0xFF, 0xFF }, \
  { 0xFF, 0xFF, 0xFF, 0xFF }, \
  { 0xFF, 0xFF, 0xFF, 0xFF }, \
  { 0xFF, 0xFF, 0xFF, 0xFF }, \
  { 0xFF, 0xFF, 0xFF, 0xFF }, \
  { 0xFF, 0xFF, 0xFF, 0xFF }, \
  { 0xFF, 0xFF, 0xFF, 0xFF }, \
  { 0xFF, 0xFF, 0xFF, 0xFF }, \
  { 0xFF, 0xFF, 0xFF, 0xFF }, \
  { 0xFF, 0xFF, 0xFF, 0xFF }, \
  { 0xFF, 0xFF, 0xFF, 0xFF }, \
  { 0xFF, 0xFF, 0xFF, 0xFF }, \
  { 0xFF, 0xFF, 0xFF, 0xFF }, \
  { 0xFF, 0xFF, 0xFF, 0xFF }, \
  { 0xFF, 0xFF, 0xFF, 0xFF }, \
  { 0xFF, 0xFF, 0xFF, 0xFF }, \
  { 0xFF, 0xFF, 0xFF, 0xFF }, \
  { 0xFF, 0xFF, 0xFF, 0xFF }, \
  { 0xFF, 0xFF, 0xFF, 0xFF }, \
  { 0xFF, 0xFF, 0xFF, 0xFF }, \
  { 0xFF, 0xFF, 0xFF, 0xFF }, \
  { 0xFF, 0xFF, 0xFF, 0xFF }, \
  { 0xFF, 0xFF, 0xFF, 0xFF }, \
  { 0xFF, 0xFF, 0xFF, 0xFF }, \
  { 0xFF, 0xFF, 0xFF, 0xFF }, \
  { 0xFF, 0xFF, 0xFF, 0xFF }, \
  { 0xFF, 0xFF, 0xFF, 0xFF }, \
  { 0xFF, 0xFF, 0xFF, 0xFF }, \
  { 0xFF, 0xFF, 0xFF, 0xFF }, \
  { 0xFF, 0xFF, 0xFF, 0xFF }, \
  { 0xFF, 0xFF, 0xFF, 0xFF }, \
  { 0xFF, 0xFF, 0xFF, 0xFF }, \
  { 0xFF, 0xFF, 0xFF, 0xFF }, \
  { 0xFF, 0xFF, 0xFF, 0xFF }, \
  { 0xFF, 0xFF, 0xFF, 0xFF }, \
  { 0xFF, 0xFF, 0xFF, 0xFF }, \
  { 0xFF, 0xFF, 0xFF, 0xFF }, \
  { 0xFF, 0xFF, 0xFF, 0xFF }, \
  { 0xFF, 0xFF, 0xFF, 0xFF }, \
  { 0xFF, 0xFF, 0xFF, 0xFF }, \
  { 0xFF, 0xFF, 0xFF, 0xFF }, \
  { 0xFF, 0xFF, 0xFF, 0xFF }, \
  { 0xFF, 0xFF, 0xFF, 0xFF }, \
  { 0xFF, 0xFF, 0xFF, 0xFF }, \
  { 0xFF, 0xFF, 0xFF, 0xFF }, \
  { 0xFF, 0xFF, 0xFF, 0xFF }, \
  { 0xFF, 0xFF, 0xFF, 0xFF }, \
  { 0xFF, 0xFF, 0xFF, 0xFF }, \
  { 0xFF, 0xFF, 0xFF, 0xFF }, \
  { 0xFF, 0xFF, 0xFF, 0xFF }, \
  { 0xFF, 0xFF, 0xFF, 0xFF }, \
  { 0xFF, 0xFF, 0xFF, 0xFF }, \
  { 0xFF, 0xFF, 0xFF, 0xFF }, \
  { 0xFF, 0xFF, 0xFF, 0xFF }, \
  { 0xFF, 0xFF, 0xFF, 0xFF }, \
  { 0xFF, 0xFF, 0xFF, 0xFF }, \
  { 0xFF, 0xFF, 0xFF, 0xFF }, \
  { 0xFF, 0xFF, 0xFF, 0xFF }, \
  { 0xFF, 0xFF, 0xFF, 0xFF }, \
  { 0xFF, 0xFF, 0xFF, 0xFF }, \
  { 0xFF, 0xFF, 0xFF, 0xFF }, \
  { 0xFF, 0xFF, 0xFF, 0xFF }, \
  { 0xFF, 0xFF, 0xFF, 0xFF }, \
  { 0xFF, 0xFF, 0xFF, 0xFF }, \
  { 0xFF, 0xFF, 0xFF, 0xFF }, \
  { 0xFF, 0xFF, 0xFF, 0xFF }, \
  { 0xFF, 0xFF, 0xFF, 0xFF }, \
  { 0xFF, 0xFF, 0xFF, 0xFF }, \
  { 0xFF, 0xFF, 0xFF, 0xFF }, \
  { 0xFF, 0xFF, 0xFF, 0xFF }, \
  { 0xFF, 0xFF, 0xFF, 0xFF }, \
  { 0xFF, 0xFF, 0xFF, 0xFF }, \
  { 0xFF, 0xFF, 0xFF, 0xFF }, \
  { 0xFF, 0xFF, 0xFF, 0xFF }, \
  { 0xFF, 0xFF, 0xFF, 0xFF }, \
  { 0xFF, 0xFF, 0xFF, 0xFF }, \
  { 0xFF, 0xFF, 0xFF, 0xFF }, \
  { 0xFF, 0xFF, 0xFF, 0xFF }, \
  { 0xFF, 0xFF, 0xFF, 0xFF }, \
  { 0xFF, 0xFF, 0xFF, 0xFF }, \
  { 0xFF, 0xFF, 0xFF, 0xFF }, \
  { 0xFF, 0xFF, 0xFF, 0xFF }, \
  { 0xFF, 0xFF, 0xFF, 0xFF }, \
  { 0xFF, 0xFF, 0xFF, 0xFF }, \
  { 0xFF, 0xFF, 0xFF, 0xFF }, \
  { 0xFF, 0xFF, 0xFF, 0xFF }, \
  { 0xFF, 0xFF, 0xFF, 0xFF }, \
  { 0xFF, 0xFF, 0xFF, 0xFF }, \
  { 0xFF, 0xFF, 0xFF, 0xFF }, \
  { 0xFF, 0xFF, 0xFF, 0xFF }, \
  { 0xFF, 0xFF, 0xFF, 0xFF }, \
  { 0xFF, 0xFF, 0xFF, 0xFF }, \
  { 0xFF, 0xFF, 0xFF, 0xFF }, \
  { 0xFF, 0xFF, 0xFF, 0xFF }, \
  { 0xFF, 0xFF, 0xFF, 0xFF }, \
  { 0xFF, 0xFF, 0xFF, 0xFF }, \
  { 0xFF, 0xFF, 0xFF, 0xFF }, \
  { 0xFF, 0xFF, 0xFF, 0xFF }, \
  { 0xFF, 0xFF, 0xFF, 0xFF }, \
  { 0xFF, 0xFF, 0xFF, 0xFF }, \
  { 0xFF, 0xFF, 0xFF, 0xFF }, \
  { 0xFF, 0xFF, 0xFF, 0xFF }, \
  { 0xFF, 0xFF, 0xFF, 0xFF }, \
  { 0xFF, 0xFF, 0xFF, 0xFF }, \
  { 0xFF, 0xFF, 0xFF, 0xFF }, \
  { 0xFF, 0xFF, 0xFF, 0xFF }, \
  { 0xFF, 0xFF, 0xFF, 0xFF }, \
  { 0xFF, 0xFF, 0xFF, 0xFF }, \
  { 0xFF, 0xFF, 0xFF, 0xFF }, \
  { 0xFF, 0xFF, 0xFF, 0xFF }, \
  { 0xFF, 0xFF, 0xFF, 0xFF }, \
  { 0xFF, 0xFF, 0xFF, 0xFF }, \
  { 0xFF, 0xFF, 0xFF, 0xFF }, \
  { 0xFF, 0xFF, 0xFF, 0xFF }, \
  { 0xFF, 0xFF, 0xFF, 0xFF }, \
  { 0xFF, 0xFF, 0xFF, 0xFF }, \
  { 0xFF, 0xFF, 0xFF, 0xFF }, \
  { 0xFF, 0xFF, 0xFF, 0xFF }, \
  { 0xFF, 0xFF, 0xFF, 0xFF }, \
  { 0xFF, 0xFF, 0xFF, 0xFF }, \
  { 0xFF, 0xFF, 0xFF, 0xFF }, \
  { 0xFF, 0xFF, 0xFF, 0xFF }, \
  { 0xFF, 0xFF, 0xFF, 0xFF }, \
  { 0xFF, 0xFF, 0xFF, 0xFF }, \
  { 0xFF, 0xFF, 0xFF, 0xFF }, \
  { 0xFF, 0xFF, 0xFF, 0xFF }, \
  { 0xFF, 0xFF, 0xFF, 0xFF }, \
  { 0xFF, 0xFF, 0xFF, 0xFF }, \
  { 0xFF, 0xFF, 0xFF, 0xFF }, \
  { 0xFF, 0xFF, 0xFF, 0xFF }, \
  { 0xFF, 0xFF, 0xFF, 0xFF }, \
  { 0xFF, 0xFF, 0xFF, 0xFF }, \
  { 0xFF, 0xFF, 0xFF, 0xFF }, \
  { 0xFF, 0xFF, 0xFF, 0xFF }, \
  { 0xFF, 0xFF, 0xFF, 0xFF }, \
  { 0xFF, 0xFF, 0xFF, 0xFF }, \
  { 0xFF, 0xFF, 0xFF, 0xFF }, \
  { 0xFF, 0xFF, 0xFF, 0xFF }, \
  { 0xFF, 0xFF, 0xFF, 0xFF }, \
  { 0xFF, 0xFF, 0xFF, 0xFF }, \
  { 0xFF, 0xFF, 0xFF, 0xFF }, \
  { 0xFF, 0xFF, 0xFF, 0xFF }, \
  { 0xFF, 0xFF, 0xFF, 0xFF }, \
  { 0xFF, 0xFF, 0xFF, 0xFF }, \
  { 0xFF, 0xFF, 0xFF, 0xFF }, \
  { 0xFF, 0xFF, 0xFF, 0xFF }, \
  { 0xFF, 0xFF, 0xFF, 0xFF }, \
  { 0xFF, 0xFF, 0xFF, 0xFF }, \
  { 0xFF, 0xFF, 0xFF, 0xFF }, \
  { 0xFF, 0xFF, 0xFF, 0xFF }, \
  { 0xFF, 0xFF, 0xFF, 0xFF }, \
  { 0xFF, 0xFF, 0xFF, 0xFF }, \
  { 0xFF, 0xFF, 0xFF, 0xFF }, \
  { 0xFF, 0xFF, 0xFF, 0xFF }, \
  { 0xFF, 0xFF, 0xFF, 0xFF }, \
  { 0xFF, 0xFF, 0xFF, 0xFF }, \
  { 0xFF, 0xFF, 0xFF, 0xFF }, \
  { 0xFF, 0xFF, 0xFF, 0xFF }, \
  { 0xFF, 0xFF, 0xFF, 0xFF }, \
  { 0xFF, 0xFF, 0xFF, 0xFF }, \
  { 0xFF, 0xFF, 0xFF, 0xFF }, \
  { 0xFF, 0xFF, 0xFF, 0xFF }, \
  { 0xFF, 0xFF, 0xFF, 0xFF }, \
  { 0xFF, 0xFF, 0xFF, 0xFF }, \
  { 0xFF, 0xFF, 0xFF, 0xFF }, \
  { 0xFF, 0xFF, 0xFF, 0xFF }, \
  { 0xFF, 0xFF, 0xFF, 0xFF }, \
  { 0xFF, 0xFF, 0xFF, 0xFF }, \
  { 0xFF, 0xFF, 0xFF, 0xFF }, \
  { 0xFF, 0xFF, 0xFF, 0xFF }, \
  { 0xFF, 0xFF, 0xFF, 0xFF }, \
  { 0xFF, 0xFF, 0xFF, 0xFF }, \
  { 0xFF, 0xFF, 0xFF, 0xFF }, \
  { 0xFF, 0xFF, 0xFF, 0xFF }, \
  { 0xFF, 0xFF, 0xFF, 0xFF }, \
  { 0xFF, 0xFF, 0xFF, 0xFF }, \
  { 0xFF, 0xFF, 0xFF, 0xFF }, \
  { 0xFF, 0xFF, 0xFF, 0xFF }, \
  { 0xFF, 0xFF, 0xFF, 0xFF }, \
  { 0xFF, 0xFF, 0xFF, 0xFF }, \
  { 0xFF, 0xFF, 0xFF, 0xFF }, \
  { 0xFF, 0xFF, 0xFF, 0xFF }, \
  { 0xFF, 0xFF, 0xFF, 0xFF }, \
  { 0xFF, 0xFF, 0xFF, 0xFF }, \
  { 0xFF, 0xFF, 0xFF, 0xFF }, \
  { 0xFF, 0xFF, 0xFF, 0xFF }, \
  { 0xFF, 0xFF, 0xFF, 0xFF }, \
  { 0xFF, 0xFF, 0xFF, 0xFF }, \
  { 0xFF, 0xFF, 0xFF, 0xFF }, \
  { 0xFF, 0xFF, 0xFF, 0xFF }, \
  { 0xFF, 0xFF, 0xFF, 0xFF }, \
  { 0xFF, 0xFF, 0xFF, 0xFF }, \
  { 0xFF, 0xFF, 0xFF, 0xFF }, \
  { 0xFF, 0xFF, 0xFF, 0xFF }, \
  { 0xFF, 0xFF, 0xFF, 0xFF }, \
  { 0xFF, 0xFF, 0xFF, 0xFF }, \
  { 0xFF, 0xFF, 0xFF, 0xFF }, \
  { 0xFF, 0xFF, 0xFF, 0xFF }, \
  { 0xFF, 0xFF, 0xFF, 0xFF }, \
  { 0xFF, 0xFF, 0xFF, 0xFF }, \
  { 0xFF, 0xFF, 0xFF, 0xFF }, \
  { 0xFF, 0xFF, 0xFF, 0xFF }, \
  { 0xFF, 0xFF, 0xFF, 0xFF }, \
  { 0xFF, 0xFF, 0xFF, 0xFF }, \
  { 0xFF, 0xFF, 0xFF, 0xFF }, \
  { 0xFF, 0xFF, 0xFF, 0xFF }, \
  { 0xFF, 0xFF, 0xFF, 0xFF }, \
  { 0xFF, 0xFF, 0xFF, 0xFF }, \
  { 0xFF, 0xFF, 0xFF, 0xFF }, \
  { 0xFF, 0xFF, 0xFF, 0xFF }, \
  { 0xFF, 0xFF, 0xFF, 0xFF }, \
  { 0xFF, 0xFF, 0xFF, 0xFF }, \
  { 0xFF, 0xFF, 0xFF, 0xFF }, \
  { 0xFF, 0xFF, 0xFF, 0xFF }, \
  { 0xFF, 0xFF, 0xFF, 0xFF }, \
  { 0xFF, 0xFF, 0xFF, 0xFF }, \
  { 0xFF, 0xFF, 0xFF, 0xFF }, \
  { 0xFF, 0xFF, 0xFF, 0xFF }, \
  { 0xFF, 0xFF, 0xFF, 0xFF }, \
  { 0xFF, 0xFF, 0xFF, 0xFF }, \
  { 0xFF, 0xFF, 0xFF, 0xFF }, \
  { 0xFF, 0xFF, 0xFF, 0xFF }, \
  { 0xFF, 0xFF, 0xFF, 0xFF }, \
  { 0xFF, 0xFF, 0xFF, 0xFF }, \
  { 0xFF, 0xFF, 0xFF, 0xFF }, \
  { 0xFF, 0xFF, 0xFF, 0xFF }, \
  { 0xFF, 0xFF, 0xFF, 0xFF }, \
  { 0xFF, 0xFF, 0xFF, 0xFF }, \
  { 0xFF, 0xFF, 0xFF, 0xFF }, \
  { 0xFF, 0xFF, 0xFF, 0xFF }, \
  { 0xFF, 0xFF, 0xFF, 0xFF }, \
  { 0xFF, 0xFF, 0xFF, 0xFF }, \
  { 0xFF, 0xFF, 0xFF, 0xFF }, \
  { 0xFF, 0xFF, 0xFF, 0xFF }, \
  { 0xFF, 0xFF, 0xFF, 0xFF }, \
  { 0xFF, 0xFF, 0xFF, 0xFF }, \
  { 0xFF, 0xFF, 0xFF, 0xFF }, \
  { 0xFF, 0xFF, 0xFF, 0xFF }, \
  { 0xFF, 0xFF, 0xFF, 0xFF }, \
  { 0xFF, 0xFF, 0xFF, 0xFF }, \
  { 0xFF, 0xFF, 0xFF, 0xFF }, \
  { 0xFF, 0xFF, 0xFF, 0xFF }, \
  { 0xFF, 0xFF, 0xFF, 0xFF }, \
  { 0xFF, 0xFF, 0xFF, 0xFF }, \
  { 0xFF, 0xFF, 0xFF, 0xFF }, \
  { 0xFF, 0xFF, 0xFF, 0xFF }, \
  { 0xFF, 0xFF, 0xFF, 0xFF }, \
  { 0xFF, 0xFF, 0xFF, 0xFF }, \
  { 0xFF, 0xFF, 0xFF, 0xFF }, \
  { 0xFF, 0xFF, 0xFF, 0xFF }, \
  { 0xFF, 0xFF, 0xFF, 0xFF }, \
  { 0xFF, 0xFF, 0xFF, 0xFF }, \
  { 0xFF, 0xFF, 0xFF, 0xFF }, \
  { 0xFF, 0xFF, 0xFF, 0xFF }, \
  { 0xFF, 0xFF, 0xFF, 0xFF }, \
  { 0xFF, 0xFF, 0xFF, 0xFF }, \
  { 0xFF, 0xFF, 0xFF, 0xFF }, \
  { 0xFF, 0xFF, 0xFF, 0xFF }, \
  { 0xFF, 0xFF, 0xFF, 0xFF }, \
  { 0xFF, 0xFF, 0xFF, 0xFF }, \
  { 0xFF, 0xFF, 0xFF, 0xFF }, \
  { 0xFF, 0xFF, 0xFF, 0xFF }, \
  { 0xFF, 0xFF, 0xFF, 0xFF }, \
  { 0xFF, 0xFF, 0xFF, 0xFF }, \
  { 0xFF, 0xFF, 0xFF, 0xFF }, \
  { 0xFF, 0xFF, 0xFF, 0xFF }, \
  { 0xFF, 0xFF, 0xFF, 0xFF }, \
  { 0xFF, 0xFF, 0xFF, 0xFF }, \
  { 0xFF, 0xFF, 0xFF, 0xFF }, \
  { 0xFF, 0xFF, 0xFF, 0xFF }, \
  { 0xFF, 0xFF, 0xFF, 0xFF }, \
  { 0xFF, 0xFF, 0xFF, 0xFF }, \
  { 0xFF, 0xFF, 0xFF, 0xFF }, \
  { 0xFF, 0xFF, 0xFF, 0xFF }, \
  { 0xFF, 0xFF, 0xFF, 0xFF }, \
  { 0xFF, 0xFF, 0xFF, 0xFF }, \
  { 0xFF, 0xFF, 0xFF, 0xFF }, \
  { 0xFF, 0xFF, 0xFF, 0xFF }, \
  { 0xFF, 0xFF, 0xFF, 0xFF }, \
  { 0xFF, 0xFF, 0xFF, 0xFF }, \
  { 0xFF, 0xFF, 0xFF, 0xFF }, \
  { 0xFF, 0xFF, 0xFF, 0xFF }, \
  { 0xFF, 0xFF, 0xFF, 0xFF }, \
  { 0xFF, 0xFF, 0xFF, 0xFF }, \
  { 0xFF, 0xFF, 0xFF, 0xFF }, \
  { 0xFF, 0xFF, 0xFF, 0xFF }, \
  { 0xFF, 0xFF, 0xFF, 0xFF }, \
  { 0xFF, 0xFF, 0xFF, 0xFF }, \
  { 0xFF, 0xFF, 0xFF, 0xFF }, \
  { 0xFF, 0xFF, 0xFF, 0xFF }, \
  { 0xFF, 0xFF, 0xFF, 0xFF }, \
  { 0xFF, 0xFF, 0xFF, 0xFF }, \
  { 0xFF, 0xFF, 0xFF, 0xFF }, \
  { 0xFF, 0xFF, 0xFF, 0xFF }, \
  { 0xFF, 0xFF, 0xFF, 0xFF }, \
  { 0xFF, 0xFF, 0xFF, 0xFF }, \
  { 0xFF, 0xFF, 0xFF, 0xFF }, \
  { 0xFF, 0xFF, 0xFF, 0xFF }, \
  { 0xFF, 0xFF, 0xFF, 0xFF }, \
  { 0xFF, 0xFF, 0xFF, 0xFF }, \
  { 0xFF, 0xFF, 0xFF, 0xFF }, \
  { 0xFF, 0xFF, 0xFF, 0xFF }, \
  { 0xFF, 0xFF, 0xFF, 0xFF }, \
  { 0xFF, 0xFF, 0xFF, 0xFF }, \
  { 0xFF, 0xFF, 0xFF, 0xFF }, \
  { 0xFF, 0xFF, 0xFF, 0xFF }, \
  { 0xFF, 0xFF, 0xFF, 0xFF }, \
  { 0xFF, 0xFF, 0xFF, 0xFF }, \
  { 0xFF, 0xFF, 0xFF, 0xFF }, \
  { 0xFF, 0xFF, 0xFF, 0xFF }, \
  { 0xFF, 0xFF, 0xFF, 0xFF }, \
  { 0xFF, 0xFF, 0xFF, 0xFF }, \
  { 0xFF, 0xFF, 0xFF, 0xFF }, \
  { 0xFF, 0xFF, 0xFF, 0xFF }, \
  { 0xFF, 0xFF, 0xFF, 0xFF }, \
  { 0xFF, 0xFF, 0xFF, 0xFF }, \
  { 0xFF, 0xFF, 0xFF, 0xFF }, \
  { 0xFF, 0xFF, 0xFF, 0xFF }, \
  { 0xFF, 0xFF, 0xFF, 0xFF }, \
  { 0xFF, 0xFF, 0xFF, 0xFF }, \
  { 0xFF, 0xFF, 0xFF, 0xFF }, \
  { 0xFF, 0xFF, 0xFF, 0xFF }, \
  { 0xFF, 0xFF, 0xFF, 0xFF }, \
  { 0xFF, 0xFF, 0xFF, 0xFF }, \
  { 0xFF, 0xFF, 0xFF, 0xFF }, \
  { 0xFF, 0xFF, 0xFF, 0xFF }, \
  { 0xFF, 0xFF, 0xFF, 0xFF }, \
  { 0xFF, 0xFF, 0xFF, 0xFF }, \
  { 0xFF, 0xFF, 0xFF, 0xFF }, \
  { 0xFF, 0xFF, 0xFF, 0xFF }, \
  { 0xFF, 0xFF, 0xFF, 0xFF }, \
  { 0xFF, 0xFF, 0xFF, 0xFF }, \
  { 0xFF, 0xFF, 0xFF, 0xFF }, \
  { 0xFF, 0xFF, 0xFF, 0xFF }, \
  { 0xFF, 0xFF, 0xFF, 0xFF }, \
  { 0xFF, 0xFF, 0xFF, 0xFF }, \
  { 0xFF, 0xFF, 0xFF, 0xFF }, \
  { 0xFF, 0xFF, 0xFF, 0xFF }, \
  { 0xFF, 0xFF, 0xFF, 0xFF }, \
  { 0xFF, 0xFF, 0xFF, 0xFF }, \
  { 0xFF, 0xFF, 0xFF, 0xFF }, \
  { 0xFF, 0xFF, 0xFF, 0xFF }, \
  { 0xFF, 0xFF, 0xFF, 0xFF }, \
  { 0xFF, 0xFF, 0xFF, 0xFF }, \
  { 0xFF, 0xFF, 0xFF, 0xFF }, \
  { 0xFF, 0xFF, 0xFF, 0xFF }, \
  { 0xFF, 0xFF, 0xFF, 0xFF }, \
  { 0xFF, 0xFF, 0xFF, 0xFF }, \
  { 0xFF, 0xFF, 0xFF, 0xFF }, \
  { 0xFF, 0xFF, 0xFF, 0xFF }, \
  { 0xFF, 0xFF, 0xFF, 0xFF }, \
  { 0xFF, 0xFF, 0xFF, 0xFF }, \
  { 0xFF, 0xFF, 0xFF, 0xFF }, \
  { 0xFF, 0xFF, 0xFF, 0xFF }, \
  { 0xFF, 0xFF, 0xFF, 0xFF }, \
  { 0xFF, 0xFF, 0xFF, 0xFF }, \
  { 0xFF, 0xFF, 0xFF, 0xFF }, \
  { 0xFF, 0xFF, 0xFF, 0xFF }, \
  { 0xFF, 0xFF, 0xFF, 0xFF }, \
  { 0xFF, 0xFF, 0xFF, 0xFF }, \
  { 0xFF, 0xFF, 0xFF, 0xFF }, \
  { 0xFF, 0xFF, 0xFF, 0xFF }, \
  { 0xFF, 0xFF, 0xFF, 0xFF }, \
  { 0xFF, 0xFF, 0xFF, 0xFF }, \
  { 0xFF, 0xFF, 0xFF, 0xFF }, \
  { 0xFF, 0xFF, 0xFF, 0xFF }, \
  { 0xFF, 0xFF, 0xFF, 0xFF }, \
  { 0xFF, 0xFF, 0xFF, 0xFF }, \
  { 0xFF, 0xFF, 0xFF, 0xFF }, \
  { 0xFF, 0xFF, 0xFF, 0xFF }, \
  { 0xFF, 0xFF, 0xFF, 0xFF }, \
  { 0xFF, 0xFF, 0xFF, 0xFF }, \
  { 0xFF, 0xFF, 0xFF, 0xFF }, \
  { 0xFF, 0xFF, 0xFF, 0xFF }, \
  { 0xFF, 0xFF, 0xFF, 0xFF }, \
  { 0xFF, 0xFF, 0xFF, 0xFF }, \
  { 0xFF, 0xFF, 0xFF, 0xFF }, \
  { 0xFF, 0xFF, 0xFF, 0xFF }, \
  { 0xFF, 0xFF, 0xFF, 0xFF }, \
  { 0xFF, 0xFF, 0xFF, 0xFF }, \
  { 0xFF, 0xFF, 0xFF, 0xFF }, \
  { 0xFF, 0xFF, 0xFF, 0xFF }, \
  { 0xFF, 0xFF, 0xFF, 0xFF }, \
  { 0xFF, 0xFF, 0xFF, 0xFF }, \
  { 0xFF, 0xFF, 0xFF, 0xFF }, \
  { 0xFF, 0xFF, 0xFF, 0xFF }, \
  { 0xFF, 0xFF, 0xFF, 0xFF }, \
  { 0xFF, 0xFF, 0xFF, 0xFF }, \
  { 0xFF, 0xFF, 0xFF, 0xFF }, \
  { 0xFF, 0xFF, 0xFF, 0xFF }, \
  { 0xFF, 0xFF, 0xFF, 0xFF }, \
  { 0xFF, 0xFF, 0xFF, 0xFF }, \
  { 0xFF, 0xFF, 0xFF, 0xFF }, \
  { 0xFF, 0xFF, 0xFF, 0xFF }, \
  { 0xFF, 0xFF, 0xFF, 0xFF }, \
  { 0xFF, 0xFF, 0xFF, 0xFF }, \
  { 0xFF, 0xFF, 0xFF, 0xFF }, \
  { 0xFF, 0xFF, 0xFF, 0xFF }, \
  { 0xFF, 0xFF, 0xFF, 0xFF }, \
  { 0xFF, 0xFF, 0xFF, 0xFF }, \
  { 0xFF, 0xFF, 0xFF, 0xFF }, \
  { 0xFF, 0xFF, 0xFF, 0xFF }, \
  { 0xFF, 0xFF, 0xFF, 0xFF }, \
  { 0xFF, 0xFF, 0xFF, 0xFF }, \
  { 0xFF, 0xFF, 0xFF, 0xFF }, \
  { 0xFF, 0xFF, 0xFF, 0xFF }, \
  { 0xFF, 0xFF, 0xFF, 0xFF }, \
  { 0xFF, 0xFF, 0xFF, 0xFF }, \
  { 0xFF, 0xFF, 0xFF, 0xFF }, \
  { 0xFF, 0xFF, 0xFF, 0xFF }, \
  { 0xFF, 0xFF, 0xFF, 0xFF }, \
  { 0xFF, 0xFF, 0xFF, 0xFF }, \
  { 0xFF, 0xFF, 0xFF, 0xFF }, \
  { 0xFF, 0xFF, 0xFF, 0xFF }, \
  { 0xFF, 0xFF, 0xFF, 0xFF }, \
  { 0xFF, 0xFF, 0xFF, 0xFF }, \
  { 0xFF, 0xFF, 0xFF, 0xFF }, \
  { 0xFF, 0xFF, 0xFF, 0xFF }, \
  { 0xFF, 0xFF, 0xFF, 0xFF }, \
  { 0xFF, 0xFF, 0xFF, 0xFF }, \
  { 0xFF, 0xFF, 0xFF, 0xFF }, \
  { 0xFF, 0xFF, 0xFF, 0xFF }, \
  { 0xFF, 0xFF, 0xFF, 0xFF }, \
  { 0xFF, 0xFF, 0xFF, 0xFF }, \
  { 0xFF, 0xFF, 0xFF, 0xFF }, \
  { 0xFF, 0xFF, 0xFF, 0xFF }, \
  { 0xFF, 0xFF, 0xFF, 0xFF }, \
  { 0xFF, 0xFF, 0xFF, 0xFF }, \
  { 0xFF, 0xFF, 0xFF, 0xFF }, \
  { 0xFF, 0xFF, 0xFF, 0xFF }, \
  { 0xFF, 0xFF, 0xFF, 0xFF }, \
  { 0xFF, 0xFF, 0xFF, 0xFF }, \
  { 0xFF, 0xFF, 0xFF, 0xFF }, \
  { 0xFF, 0xFF, 0xFF, 0xFF }, \
  { 0xFF, 0xFF, 0xFF, 0xFF }, \
  { 0xFF, 0xFF, 0xFF, 0xFF }, \
  { 0xFF, 0xFF, 0xFF, 0xFF }, \
  { 0xFF, 0xFF, 0xFF, 0xFF }, \
  { 0xFF, 0xFF, 0xFF, 0xFF }, \
  { 0xFF, 0xFF, 0xFF, 0xFF }, \
  { 0xFF, 0xFF, 0xFF, 0xFF }, \
  { 0xFF, 0xFF, 0xFF, 0xFF }, \
  { 0xFF, 0xFF, 0xFF, 0xFF }, \
  { 0xFF, 0xFF, 0xFF, 0xFF }, \
  { 0xFF, 0xFF, 0xFF, 0xFF }, \
  { 0xFF, 0xFF, 0xFF, 0xFF }, \
  { 0xFF, 0xFF, 0xFF, 0xFF }, \
  { 0xFF, 0xFF, 0xFF, 0xFF }, \
  { 0xFF, 0xFF, 0xFF, 0xFF }, \
  { 0xFF, 0xFF, 0xFF, 0xFF }, \
  { 0xFF, 0xFF, 0xFF, 0xFF }, \
  { 0xFF, 0xFF, 0xFF, 0xFF }, \
  { 0xFF, 0xFF, 0xFF, 0xFF }, \
  { 0xFF, 0xFF, 0xFF, 0xFF }, \
  { 0xFF, 0xFF, 0xFF, 0xFF }, \
  { 0xFF, 0xFF, 0xFF, 0xFF }, \
  { 0xFF, 0xFF, 0xFF, 0xFF }, \
  { 0xFF, 0xFF, 0xFF, 0xFF }, \
  { 0xFF, 0xFF, 0xFF, 0xFF }, \
  { 0xFF, 0xFF, 0xFF, 0xFF }, \
  { 0xFF, 0xFF, 0xFF, 0xFF }, \
  { 0xFF, 0xFF, 0xFF, 0xFF }, \
  { 0xFF, 0xFF, 0xFF, 0xFF }, \
  { 0xFF, 0xFF, 0xFF, 0xFF }, \
  { 0xFF, 0xFF, 0xFF, 0xFF }, \
  { 0xFF, 0xFF, 0xFF, 0xFF }, \
  { 0xFF, 0xFF, 0xFF, 0xFF }, \
  { 0xFF, 0xFF, 0xFF, 0xFF }, \
  { 0xFF, 0xFF, 0xFF, 0xFF }, \
  { 0xFF, 0xFF, 0xFF, 0xFF }, \
  { 0xFF, 0xFF, 0xFF, 0xFF }, \
  { 0xFF, 0xFF, 0xFF, 0xFF }, \
  { 0xFF, 0xFF, 0xFF, 0xFF }, \
  { 0xFF, 0xFF, 0xFF, 0xFF }, \
  { 0xFF, 0xFF, 0xFF, 0xFF }, \
  { 0xFF, 0xFF, 0xFF, 0xFF }, \
  { 0xFF, 0xFF, 0xFF, 0xFF }, \
  { 0xFF, 0xFF, 0xFF, 0xFF }, \
  { 0xFF, 0xFF, 0xFF, 0xFF }, \
  { 0xFF, 0xFF, 0xFF, 0xFF }, \
  { 0xFF, 0xFF, 0xFF, 0xFF }, \
  { 0xFF, 0xFF, 0xFF, 0xFF }, \
  { 0xFF, 0xFF, 0xFF, 0xFF }, \
  { 0xFF, 0xFF, 0xFF, 0xFF }, \
  { 0xFF, 0xFF, 0xFF, 0xFF }, \
  { 0xFF, 0xFF, 0xFF, 0xFF }, \
  { 0xFF, 0xFF, 0xFF, 0xFF }, \
  { 0xFF, 0xFF, 0xFF, 0xFF }, \
  { 0xFF, 0xFF, 0xFF, 0xFF }, \
  { 0xFF, 0xFF, 0xFF, 0xFF }, \
  { 0xFF, 0xFF, 0xFF, 0xFF }, \
  { 0xFF, 0xFF, 0xFF, 0xFF }, \
  { 0xFF, 0xFF, 0xFF, 0xFF }, \
  { 0xFF, 0xFF, 0xFF, 0xFF }, \
  { 0xFF, 0xFF, 0xFF, 0xFF }, \
  { 0xFF, 0xFF, 0xFF, 0xFF }, \
  { 0xFF, 0xFF, 0xFF, 0xFF }, \
  { 0xFF, 0xFF, 0xFF, 0xFF }, \
  { 0xFF, 0xFF, 0xFF, 0xFF }, \
  { 0xFF, 0xFF, 0xFF, 0xFF }, \
  { 0xFF, 0xFF, 0xFF, 0xFF }, \
  { 0xFF, 0xFF, 0xFF, 0xFF }, \
  { 0xFF, 0xFF, 0xFF, 0xFF }, \
  { 0xFF, 0xFF, 0xFF, 0xFF }, \
  { 0xFF, 0xFF, 0xFF, 0xFF }, \
  { 0xFF, 0xFF, 0xFF, 0xFF }, \
  { 0xFF, 0xFF, 0xFF, 0xFF }, \
  { 0xFF, 0xFF, 0xFF, 0xFF }, \
  { 0xFF, 0xFF, 0xFF, 0xFF }, \
  { 0xFF, 0xFF, 0xFF, 0xFF }, \
  { 0xFF, 0xFF, 0xFF, 0xFF }, \
  { 0xFF, 0xFF, 0xFF, 0xFF }, \
  { 0xFF, 0xFF, 0xFF, 0xFF }, \
  { 0xFF, 0xFF, 0xFF, 0xFF }, \
  { 0xFF, 0xFF, 0xFF, 0xFF }, \
  { 0xFF, 0xFF, 0xFF, 0xFF }, \
  { 0xFF, 0xFF, 0xFF, 0xFF }, \
  { 0xFF, 0xFF, 0xFF, 0xFF }, \
  { 0xFF, 0xFF, 0xFF, 0xFF }, \
  { 0xFF, 0xFF, 0xFF, 0xFF }, \
  { 0xFF, 0xFF, 0xFF, 0xFF }, \
  { 0xFF, 0xFF, 0xFF, 0xFF }, \
  { 0xFF, 0xFF, 0xFF, 0xFF }, \
  { 0xFF, 0xFF, 0xFF, 0xFF }, \
  { 0xFF, 0xFF, 0xFF, 0xFF }, \
  { 0xFF, 0xFF, 0xFF, 0xFF }, \
  { 0xFF, 0xFF, 0xFF, 0xFF }, \
  { 0xFF, 0xFF, 0xFF, 0xFF }, \
  { 0xFF, 0xFF, 0xFF, 0xFF }, \
  { 0xFF, 0xFF, 0xFF, 0xFF }, \
  { 0xFF, 0xFF, 0xFF, 0xFF }, \
  { 0xFF, 0xFF, 0xFF, 0xFF }, \
  { 0xFF, 0xFF, 0xFF, 0xFF }, \
  { 0xFF, 0xFF, 0xFF, 0xFF }, \
  { 0xFF, 0xFF, 0xFF, 0xFF }, \
  { 0xFF, 0xFF, 0xFF, 0xFF }, \
  { 0xFF, 0xFF, 0xFF, 0xFF }, \
  { 0xFF, 0xFF, 0xFF, 0xFF }, \
  { 0xFF, 0xFF, 0xFF, 0xFF }, \
  { 0xFF, 0xFF, 0xFF, 0xFF }, \
  { 0xFF, 0xFF, 0xFF, 0xFF }, \
  { 0xFF, 0xFF, 0xFF, 0xFF }, \
  { 0xFF, 0xFF, 0xFF, 0xFF }, \
  { 0xFF, 0xFF, 0xFF, 0xFF }, \
  { 0xFF, 0xFF, 0xFF, 0xFF }, \
  { 0xFF, 0xFF, 0xFF, 0xFF }, \
  { 0xFF, 0xFF, 0xFF, 0xFF }, \
  { 0xFF, 0xFF, 0xFF, 0xFF }, \
  { 0xFF, 0xFF, 0xFF, 0xFF }, \
  { 0xFF, 0xFF, 0xFF, 0xFF }, \
  { 0xFF, 0xFF, 0xFF, 0xFF }, \
  { 0xFF, 0xFF, 0xFF, 0xFF }, \
  { 0xFF, 0xFF, 0xFF, 0xFF }, \
  { 0xFF, 0xFF, 0xFF, 0xFF }, \
  { 0xFF, 0xFF, 0xFF, 0xFF }, \
  { 0xFF, 0xFF, 0xFF, 0xFF }, \
  { 0xFF, 0xFF, 0xFF, 0xFF }, \
  { 0xFF, 0xFF, 0xFF, 0xFF }, \
  { 0xFF, 0xFF, 0xFF, 0xFF }, \
  { 0xFF, 0xFF, 0xFF, 0xFF }, \
  { 0xFF, 0xFF, 0xFF, 0xFF }, \
  { 0xFF, 0xFF, 0xFF, 0xFF }, \
  { 0xFF, 0xFF, 0xFF, 0xFF }, \
  { 0xFF, 0xFF, 0xFF, 0xFF }, \
  { 0xFF, 0xFF, 0xFF, 0xFF }, \
  { 0xFF, 0xFF, 0xFF, 0xFF }, \
  { 0xFF, 0xFF, 0xFF, 0xFF }, \
  { 0xFF, 0xFF, 0xFF, 0xFF }, \
  { 0xFF, 0xFF, 0xFF, 0xFF }, \
  { 0xFF, 0xFF, 0xFF, 0xFF }, \
  { 0xFF, 0xFF, 0xFF, 0xFF }, \
  { 0xFF, 0xFF, 0xFF, 0xFF }, \
  { 0xFF, 0xFF, 0xFF, 0xFF }, \
  { 0xFF, 0xFF, 0xFF, 0xFF }, \
  { 0xFF, 0xFF, 0xFF, 0xFF }, \
  { 0xFF, 0xFF, 0xFF, 0xFF }, \
  { 0xFF, 0xFF, 0xFF, 0xFF }, \
  { 0xFF, 0xFF, 0xFF, 0xFF }, \
  { 0xFF, 0xFF, 0xFF, 0xFF }, \
  { 0xFF, 0xFF, 0xFF, 0xFF }, \
  { 0xFF, 0xFF, 0xFF, 0xFF }, \
  { 0xFF, 0xFF, 0xFF, 0xFF }, \
  { 0xFF, 0xFF, 0xFF, 0xFF }, \
  { 0xFF, 0xFF, 0xFF, 0xFF }, \
  { 0xFF, 0xFF, 0xFF, 0xFF }, \
  { 0xFF, 0xFF, 0xFF, 0xFF }, \
  { 0xFF, 0xFF, 0xFF, 0xFF }, \
  { 0xFF, 0xFF, 0xFF, 0xFF }, \
  { 0xFF, 0xFF, 0xFF, 0xFF }, \
  { 0xFF, 0xFF, 0xFF, 0xFF }, \
  { 0xFF, 0xFF, 0xFF, 0xFF }, \
  { 0xFF, 0xFF, 0xFF, 0xFF }, \
  { 0xFF, 0xFF, 0xFF, 0xFF }, \
  { 0xFF, 0xFF, 0xFF, 0xFF }, \
  { 0xFF, 0xFF, 0xFF, 0xFF }, \
  { 0xFF, 0xFF, 0xFF, 0xFF }, \
  { 0xFF, 0xFF, 0xFF, 0xFF }, \
  { 0xFF, 0xFF, 0xFF, 0xFF }, \
  { 0xFF, 0xFF, 0xFF, 0xFF }, \
  { 0xFF, 0xFF, 0xFF, 0xFF }, \
  { 0xFF, 0xFF, 0xFF, 0xFF }, \
  { 0xFF, 0xFF, 0xFF, 0xFF }, \
  { 0xFF, 0xFF, 0xFF, 0xFF }, \
  { 0xFF, 0xFF, 0xFF, 0xFF }, \
  { 0xFF, 0xFF, 0xFF, 0xFF }, \
  { 0xFF, 0xFF, 0xFF, 0xFF }, \
  { 0xFF, 0xFF, 0xFF, 0xFF }, \
  { 0xFF, 0xFF, 0xFF, 0xFF }, \
  { 0xFF, 0xFF, 0xFF, 0xFF }, \
  { 0xFF, 0xFF, 0xFF, 0xFF }, \
  { 0xFF, 0xFF, 0xFF, 0xFF }, \
  { 0xFF, 0xFF, 0xFF, 0xFF }, \
  { 0xFF, 0xFF, 0xFF, 0xFF }, \
  { 0xFF, 0xFF, 0xFF, 0xFF }, \
  { 0xFF, 0xFF, 0xFF, 0xFF }, \
  { 0xFF, 0xFF, 0xFF, 0xFF }, \
  { 0xFF, 0xFF, 0xFF, 0xFF }, \
  { 0xFF, 0xFF, 0xFF, 0xFF }, \
  { 0xFF, 0xFF, 0xFF, 0xFF }, \
  { 0xFF, 0xFF, 0xFF, 0xFF }, \
  { 0xFF, 0xFF, 0xFF, 0xFF }, \
  { 0xFF, 0xFF, 0xFF, 0xFF }, \
  { 0xFF, 0xFF, 0xFF, 0xFF }, \
  { 0xFF, 0xFF, 0xFF, 0xFF }, \
  { 0xFF, 0xFF, 0xFF, 0xFF }, \
  { 0xFF, 0xFF, 0xFF, 0xFF }, \
  { 0xFF, 0xFF, 0xFF, 0xFF }, \
  { 0xFF, 0xFF, 0xFF, 0xFF }, \
  { 0xFF, 0xFF, 0xFF, 0xFF }, \
  { 0xFF, 0xFF, 0xFF, 0xFF }, \
  { 0xFF, 0xFF, 0xFF, 0xFF }, \
  { 0xFF, 0xFF, 0xFF, 0xFF }, \
  { 0xFF, 0xFF, 0xFF, 0xFF }, \
  { 0xFF, 0xFF, 0xFF, 0xFF }, \
  { 0xFF, 0xFF, 0xFF, 0xFF }, \
  { 0xFF, 0xFF, 0xFF, 0xFF }, \
  { 0xFF, 0xFF, 0xFF, 0xFF }, \
  { 0xFF, 0xFF, 0xFF, 0xFF }, \
  { 0xFF, 0xFF, 0xFF, 0xFF }, \
  { 0xFF, 0xFF, 0xFF, 0xFF }, \
  { 0xFF, 0xFF, 0xFF, 0xFF }, \
  { 0xFF, 0xFF, 0xFF, 0xFF }, \
  { 0xFF, 0xFF, 0xFF, 0xFF }, \
  { 0xFF, 0xFF, 0xFF, 0xFF }, \
  { 0xFF, 0xFF, 0xFF, 0xFF }, \
  { 0xFF, 0xFF, 0xFF, 0xFF }, \
  { 0xFF, 0xFF, 0xFF, 0xFF }, \
  { 0xFF, 0xFF, 0xFF, 0xFF }, \
  { 0xFF, 0xFF, 0xFF, 0xFF }, \
  { 0xFF, 0xFF, 0xFF, 0xFF }, \
  { 0xFF, 0xFF, 0xFF, 0xFF }, \
  { 0xFF, 0xFF, 0xFF, 0xFF }, \
  { 0xFF, 0xFF, 0xFF, 0xFF }, \
  { 0xFF, 0xFF, 0xFF, 0xFF }, \
  { 0xFF, 0xFF, 0xFF, 0xFF }, \
  { 0xFF, 0xFF, 0xFF, 0xFF }, \
  { 0xFF, 0xFF, 0xFF, 0xFF }, \
  { 0xFF, 0xFF, 0xFF, 0xFF }, \
  { 0xFF, 0xFF, 0xFF, 0xFF }, \
  { 0xFF, 0xFF, 0xFF, 0xFF }, \
  { 0xFF, 0xFF, 0xFF, 0xFF }, \
  { 0xFF, 0xFF, 0xFF, 0xFF }, \
  { 0xFF, 0xFF, 0xFF, 0xFF }, \
  { 0xFF, 0xFF, 0xFF, 0xFF }, \
  { 0xFF, 0xFF, 0xFF, 0xFF }, \
  { 0xFF, 0xFF, 0xFF, 0xFF }, \
  { 0xFF, 0xFF, 0xFF, 0xFF }, \
  { 0xFF, 0xFF, 0xFF, 0xFF }, \
  { 0xFF, 0xFF, 0xFF, 0xFF }, \
  { 0xFF, 0xFF, 0xFF, 0xFF }, \
  { 0xFF, 0xFF, 0xFF, 0xFF }, \
  { 0xFF, 0xFF, 0xFF, 0xFF }, \
  { 0xFF, 0xFF, 0xFF, 0xFF }, \
  { 0xFF, 0xFF, 0xFF, 0xFF }, \
  { 0xFF, 0xFF, 0xFF, 0xFF }, \
  { 0xFF, 0xFF, 0xFF, 0xFF }, \
  { 0xFF, 0xFF, 0xFF, 0xFF }, \
  { 0xFF, 0xFF, 0xFF, 0xFF }, \
  { 0xFF, 0xFF, 0xFF, 0xFF }, \
  { 0xFF, 0xFF, 0xFF, 0xFF }, \
  { 0xFF, 0xFF, 0xFF, 0xFF }, \
  { 0xFF, 0xFF, 0xFF, 0xFF }, \
  { 0xFF, 0xFF, 0xFF, 0xFF }, \
  { 0xFF, 0xFF, 0xFF, 0xFF }, \
  { 0xFF, 0xFF, 0xFF, 0xFF }, \
  { 0xFF, 0xFF, 0xFF, 0xFF }, \
  { 0xFF, 0xFF, 0xFF, 0xFF }, \
  { 0xFF, 0xFF, 0xFF, 0xFF }, \
  { 0xFF, 0xFF, 0xFF, 0xFF }, \
  { 0xFF, 0xFF, 0xFF, 0xFF }, \
  { 0xFF, 0xFF, 0xFF, 0xFF }, \
  { 0xFF, 0xFF, 0xFF, 0xFF }, \
  { 0xFF, 0xFF, 0xFF, 0xFF }, \
  { 0xFF, 0xFF, 0xFF, 0xFF }, \
  { 0xFF, 0xFF, 0xFF, 0xFF }, \
  { 0xFF, 0xFF, 0xFF, 0xFF }, \
  { 0xFF, 0xFF, 0xFF, 0xFF }, \
  { 0xFF, 0xFF, 0xFF, 0xFF }, \
  { 0xFF, 0xFF, 0xFF, 0xFF }, \
  { 0xFF, 0xFF, 0xFF, 0xFF }, \
  { 0xFF, 0xFF, 0xFF, 0xFF }, \
  { 0xFF, 0xFF, 0xFF, 0xFF }, \
  { 0xFF, 0xFF, 0xFF, 0xFF }, \
  { 0xFF, 0xFF, 0xFF, 0xFF }, \
  { 0xFF, 0xFF, 0xFF, 0xFF }, \
  { 0xFF, 0xFF, 0xFF, 0xFF }, \
  { 0xFF, 0xFF, 0xFF, 0xFF }, \
  { 0xFF, 0xFF, 0xFF, 0xFF }, \
  { 0xFF, 0xFF, 0xFF, 0xFF }, \
  { 0xFF, 0xFF, 0xFF, 0xFF }, \
  { 0xFF, 0xFF, 0xFF, 0xFF }, \
  { 0xFF, 0xFF, 0xFF, 0xFF }, \
  { 0xFF, 0xFF, 0xFF, 0xFF }, \
  { 0xFF, 0xFF, 0xFF, 0xFF }, \
  { 0xFF, 0xFF, 0xFF, 0xFF }, \
  { 0xFF, 0xFF, 0xFF, 0xFF }, \
  { 0xFF, 0xFF, 0xFF, 0xFF }, \
  { 0xFF, 0xFF, 0xFF, 0xFF }, \
  { 0xFF, 0xFF, 0xFF, 0xFF }, \
  { 0xFF, 0xFF, 0xFF, 0xFF }, \
  { 0xFF, 0xFF, 0xFF, 0xFF }, \
  { 0xFF, 0xFF, 0xFF, 0xFF }, \
  { 0xFF, 0xFF, 0xFF, 0xFF }, \
  { 0xFF, 0xFF, 0xFF, 0xFF }, \
  { 0xFF, 0xFF, 0xFF, 0xFF }, \
  { 0xFF, 0xFF, 0xFF, 0xFF }, \
  { 0xFF, 0xFF, 0xFF, 0xFF }, \
  { 0xFF, 0xFF, 0xFF, 0xFF }, \
  { 0xFF, 0xFF, 0xFF, 0xFF }, \
  { 0xFF, 0xFF, 0xFF, 0xFF }, \
  { 0xFF, 0xFF, 0xFF, 0xFF }, \
  { 0xFF, 0xFF, 0xFF, 0xFF }, \
  { 0xFF, 0xFF, 0xFF, 0xFF }, \
  { 0xFF, 0xFF, 0xFF, 0xFF }, \
  { 0xFF, 0xFF, 0xFF, 0xFF }, \
  { 0xFF, 0xFF, 0xFF, 0xFF }, \
  { 0xFF, 0xFF, 0xFF, 0xFF }, \
  { 0xFF, 0xFF, 0xFF, 0xFF }, \
  { 0xFF, 0xFF, 0xFF, 0xFF }, \
  { 0xFF, 0xFF, 0xFF, 0xFF }, \
  { 0xFF, 0xFF, 0xFF, 0xFF }, \
  { 0xFF, 0xFF, 0xFF, 0xFF }, \
  { 0xFF, 0xFF, 0xFF, 0xFF }, \
  { 0xFF, 0xFF, 0xFF, 0xFF }, \
  { 0xFF, 0xFF, 0xFF, 0xFF }, \
  { 0xFF, 0xFF, 0xFF, 0xFF }, \
  { 0xFF, 0xFF, 0xFF, 0xFF }, \
  { 0xFF, 0xFF, 0xFF, 0xFF }, \
  { 0xFF, 0xFF, 0xFF, 0xFF }, \
  { 0xFF, 0xFF, 0xFF, 0xFF }, \
  { 0xFF, 0xFF, 0xFF, 0xFF }, \
  { 0xFF, 0xFF, 0xFF, 0xFF }, \
  { 0xFF, 0xFF, 0xFF, 0xFF }, \
  { 0xFF, 0xFF, 0xFF, 0xFF }, \
  { 0xFF, 0xFF, 0xFF, 0xFF }, \
  { 0xFF, 0xFF, 0xFF, 0xFF }, \
  { 0xFF, 0xFF, 0xFF, 0xFF }, \
  { 0xFF, 0xFF, 0xFF, 0xFF }, \
  { 0xFF, 0xFF, 0xFF, 0xFF }, \
  { 0xFF, 0xFF, 0xFF, 0xFF }, \
  { 0xFF, 0xFF, 0xFF, 0xFF }, \
  { 0xFF, 0xFF, 0xFF, 0xFF }, \
  { 0xFF, 0xFF, 0xFF, 0xFF }, \
  { 0xFF, 0xFF, 0xFF, 0xFF }, \
  { 0xFF, 0xFF, 0xFF, 0xFF }, \
  { 0xFF, 0xFF, 0xFF, 0xFF }, \
  { 0xFF, 0xFF, 0xFF, 0xFF }, \
  { 0xFF, 0xFF, 0xFF, 0xFF }, \
  { 0xFF, 0xFF, 0xFF, 0xFF }, \
  { 0xFF, 0xFF, 0xFF, 0xFF }, \
  { 0xFF, 0xFF, 0xFF, 0xFF }, \
  { 0xFF, 0xFF, 0xFF, 0xFF }, \
  { 0xFF, 0xFF, 0xFF, 0xFF }, \
  { 0xFF, 0xFF, 0xFF, 0xFF }, \
  { 0xFF, 0xFF, 0xFF, 0xFF }, \
  { 0xFF, 0xFF, 0xFF, 0xFF }, \
  { 0xFF, 0xFF, 0xFF, 0xFF }, \
  { 0xFF, 0xFF, 0xFF, 0xFF }, \
  { 0xFF, 0xFF, 0xFF, 0xFF }, \
  { 0xFF, 0xFF, 0xFF, 0xFF }, \
  { 0xFF, 0xFF, 0xFF, 0xFF }, \
  { 0xFF, 0xFF, 0xFF, 0xFF }, \
  { 0xFF, 0xFF, 0xFF, 0xFF }, \
  { 0xFF, 0xFF, 0xFF, 0xFF }, \
  { 0xFF, 0xFF, 0xFF, 0xFF }, \
  { 0xFF, 0xFF, 0xFF, 0xFF }, \
  { 0xFF, 0xFF, 0xFF, 0xFF }, \
  { 0xFF, 0xFF, 0xFF, 0xFF }, \
  { 0xFF, 0xFF, 0xFF, 0xFF }, \
  { 0xFF, 0xFF, 0xFF, 0xFF }, \
  { 0xFF, 0xFF, 0xFF, 0xFF }, \
  { 0xFF, 0xFF, 0xFF, 0xFF }, \
  { 0xFF, 0xFF, 0xFF, 0xFF }, \
  { 0xFF, 0xFF, 0xFF, 0xFF }, \
  { 0xFF, 0xFF, 0xFF, 0xFF }, \
  { 0xFF, 0xFF, 0xFF, 0xFF }, \
  { 0xFF, 0xFF, 0xFF, 0xFF }, \
  { 0xFF, 0xFF, 0xFF, 0xFF }, \
  { 0xFF, 0xFF, 0xFF, 0xFF }, \
  { 0xFF, 0xFF, 0xFF, 0xFF }, \
  { 0xFF, 0xFF, 0xFF, 0xFF }, \
  { 0xFF, 0xFF, 0xFF, 0xFF }, \
  { 0xFF, 0xFF, 0xFF, 0xFF }, \
  { 0xFF, 0xFF, 0xFF, 0xFF }, \
  { 0xFF, 0xFF, 0xFF, 0xFF }, \
  { 0xFF, 0xFF, 0xFF, 0xFF }, \
  { 0xFF, 0xFF, 0xFF, 0xFF }, \
  { 0xFF, 0xFF, 0xFF, 0xFF }, \
  { 0xFF, 0xFF, 0xFF, 0xFF }, \
  { 0xFF, 0xFF, 0xFF, 0xFF }, \
  { 0xFF, 0xFF, 0xFF, 0xFF }, \
  { 0xFF, 0xFF, 0xFF, 0xFF }, \
  { 0xFF, 0xFF, 0xFF, 0xFF }, \
  { 0xFF, 0xFF, 0xFF, 0xFF }, \
  { 0xFF, 0xFF, 0xFF, 0xFF }, \
  { 0xFF, 0xFF, 0xFF, 0xFF }, \
  { 0xFF, 0xFF, 0xFF, 0xFF }, \
  { 0xFF, 0xFF, 0xFF, 0xFF }, \
  { 0xFF, 0xFF, 0xFF, 0xFF }, \
  { 0xFF, 0xFF, 0xFF, 0xFF }, \
  { 0xFF, 0xFF, 0xFF, 0xFF }, \
  { 0xFF, 0xFF, 0xFF, 0xFF }, \
  { 0xFF, 0xFF, 0xFF, 0xFF }, \
  { 0xFF, 0xFF, 0xFF, 0xFF }, \
  { 0xFF, 0xFF, 0xFF, 0xFF }, \
  { 0xFF, 0xFF, 0xFF, 0xFF }, \
  { 0xFF, 0xFF, 0xFF, 0xFF }, \
  { 0xFF, 0xFF, 0xFF, 0xFF }, \
  { 0xFF, 0xFF, 0xFF, 0xFF }, \
  { 0xFF, 0xFF, 0xFF, 0xFF }, \
  { 0xFF, 0xFF, 0xFF, 0xFF }, \
  { 0xFF, 0xFF, 0xFF, 0xFF }, \
  { 0xFF, 0xFF, 0xFF, 0xFF }, \
  { 0xFF, 0xFF, 0xFF, 0xFF }, \
  { 0xFF, 0xFF, 0xFF, 0xFF }, \
  { 0xFF, 0xFF, 0xFF, 0xFF }, \
  { 0xFF, 0xFF, 0xFF, 0xFF }, \
  { 0xFF, 0xFF, 0xFF, 0xFF }, \
  { 0xFF, 0xFF, 0xFF, 0xFF }, \
  { 0xFF, 0xFF, 0xFF, 0xFF }, \
  { 0xFF, 0xFF, 0xFF, 0xFF }, \
  { 0xFF, 0xFF, 0xFF, 0xFF }, \
  { 0xFF, 0xFF, 0xFF, 0xFF }, \
  { 0xFF, 0xFF, 0xFF, 0xFF }, \
  { 0xFF, 0xFF, 0xFF, 0xFF }, \
  { 0xFF, 0xFF, 0xFF, 0xFF }, \
  { 0xFF, 0xFF, 0xFF, 0xFF }, \
  { 0xFF, 0xFF, 0xFF, 0xFF }, \
  { 0xFF, 0xFF, 0xFF, 0xFF }, \
  { 0xFF, 0xFF, 0xFF, 0xFF }, \
  { 0xFF, 0xFF, 0xFF, 0xFF }, \
  { 0xFF, 0xFF, 0xFF, 0xFF }, \
  { 0xFF, 0xFF, 0xFF, 0xFF }, \
  { 0xFF, 0xFF, 0xFF, 0xFF }, \
  { 0xFF, 0xFF, 0xFF, 0xFF }, \
  { 0xFF, 0xFF, 0xFF, 0xFF }, \
  { 0xFF, 0xFF, 0xFF, 0xFF }, \
  { 0xFF, 0xFF, 0xFF, 0xFF }, \
  { 0xFF, 0xFF, 0xFF, 0xFF }, \
  { 0xFF, 0xFF, 0xFF, 0xFF }, \
  { 0xFF, 0xFF, 0xFF, 0xFF }, \
  { 0xFF, 0xFF, 0xFF, 0xFF }, \
  { 0xFF, 0xFF, 0xFF, 0xFF }, \
  { 0xFF, 0xFF, 0xFF, 0xFF }, \
  { 0xFF, 0xFF, 0xFF, 0xFF }, \
  { 0xFF, 0xFF, 0xFF, 0xFF }, \
  { 0xFF, 0xFF, 0xFF, 0xFF }, \
  { 0xFF, 0xFF, 0xFF, 0xFF }, \
  { 0xFF, 0xFF, 0xFF, 0xFF }, \
  { 0xFF, 0xFF, 0xFF, 0xFF }, \
  { 0xFF, 0xFF, 0xFF, 0xFF }, \
  { 0xFF, 0xFF, 0xFF, 0xFF }, \
  { 0xFF, 0xFF, 0xFF, 0xFF }, \
  { 0xFF, 0xFF, 0xFF, 0xFF }, \
  { 0xFF, 0xFF, 0xFF, 0xFF }, \
  { 0xFF, 0xFF, 0xFF, 0xFF }, \
  { 0xFF, 0xFF, 0xFF, 0xFF }, \
  { 0xFF, 0xFF, 0xFF, 0xFF }, \
  { 0xFF, 0xFF, 0xFF, 0xFF }, \
  { 0xFF, 0xFF, 0xFF, 0xFF }, \
  { 0xFF, 0xFF, 0xFF, 0xFF }, \
  { 0xFF, 0xFF, 0xFF, 0xFF }, \
  { 0xFF, 0xFF, 0xFF, 0xFF }, \
  { 0xFF, 0xFF, 0xFF, 0xFF }, \
  { 0xFF, 0xFF, 0xFF, 0xFF }, \
  { 0xFF, 0xFF, 0xFF, 0xFF }, \
  { 0xFF, 0xFF, 0xFF, 0xFF }, \
  { 0xFF, 0xFF, 0xFF, 0xFF }, \
  { 0xFF, 0xFF, 0xFF, 0xFF }, \
  { 0xFF, 0xFF, 0xFF, 0xFF }, \
  { 0xFF, 0xFF, 0xFF, 0xFF }, \
  { 0xFF, 0xFF, 0xFF, 0xFF }, \
  { 0xFF, 0xFF, 0xFF, 0xFF }, \
  { 0xFF, 0xFF, 0xFF, 0xFF }, \
  { 0xFF, 0xFF, 0xFF, 0xFF }, \
  { 0xFF, 0xFF, 0xFF, 0xFF }, \
  { 0xFF, 0xFF, 0xFF, 0xFF }, \
  { 0xFF, 0xFF, 0xFF, 0xFF }, \
  { 0xFF, 0xFF, 0xFF, 0xFF }, \
  { 0xFF, 0xFF, 0xFF, 0xFF }, \
  { 0xFF, 0xFF, 0xFF, 0xFF }, \
  { 0xFF, 0xFF, 0xFF, 0xFF }, \
  { 0xFF, 0xFF, 0xFF, 0xFF }, \
  { 0xFF, 0xFF, 0xFF, 0xFF }, \
  { 0xFF, 0xFF, 0xFF, 0xFF }, \
  { 0xFF, 0xFF, 0xFF, 0xFF }, \
  { 0xFF, 0xFF, 0xFF, 0xFF }, \
  { 0xFF, 0xFF, 0xFF, 0xFF }, \
  { 0xFF, 0xFF, 0xFF, 0xFF }, \
  { 0xFF, 0xFF, 0xFF, 0xFF }, \
  { 0xFF, 0xFF, 0xFF, 0xFF }, \
  { 0xFF, 0xFF, 0xFF, 0xFF }, \
  { 0xFF, 0xFF, 0xFF, 0xFF }, \
  { 0xFF, 0xFF, 0xFF, 0xFF }, \
  { 0xFF, 0xFF, 0xFF, 0xFF }, \
  { 0xFF, 0xFF, 0xFF, 0xFF }, \
  { 0xFF, 0xFF, 0xFF, 0xFF }, \
  { 0xFF, 0xFF, 0xFF, 0xFF }, \
  { 0xFF, 0xFF, 0xFF, 0xFF }, \
  { 0xFF, 0xFF, 0xFF, 0xFF }, \
  { 0xFF, 0xFF, 0xFF, 0xFF }, \
  { 0xFF, 0xFF, 0xFF, 0xFF }, \
  { 0xFF, 0xFF, 0xFF, 0xFF }, \
  { 0xFF, 0xFF, 0xFF, 0xFF }, \
  { 0xFF, 0xFF, 0xFF, 0xFF }, \
  { 0xFF, 0xFF, 0xFF, 0xFF }, \
  { 0xFF, 0xFF, 0xFF, 0xFF }, \
  { 0xFF, 0xFF, 0xFF, 0xFF }, \
  { 0xFF, 0xFF, 0xFF, 0xFF }, \
  { 0xFF, 0xFF, 0xFF, 0xFF }, \
  { 0xFF, 0xFF, 0xFF, 0xFF }, \
  { 0xFF, 0xFF, 0xFF, 0xFF }, \
  { 0xFF, 0xFF, 0xFF, 0xFF }, \
  { 0xFF, 0xFF, 0xFF, 0xFF }, \
  { 0xFF, 0xFF, 0xFF, 0xFF }, \
  { 0xFF, 0xFF, 0xFF, 0xFF }, \
  { 0xFF, 0xFF, 0xFF, 0xFF }, \
  { 0xFF, 0xFF, 0xFF, 0xFF }, \
  { 0xFF, 0xFF, 0xFF, 0xFF }, \
  { 0xFF, 0xFF, 0xFF, 0xFF }, \
  { 0xFF, 0xFF, 0xFF, 0xFF }, \
  { 0xFF, 0xFF, 0xFF, 0xFF }, \
  { 0xFF, 0xFF, 0xFF, 0xFF }, \
  { 0xFF, 0xFF, 0xFF, 0xFF }, \
  { 0xFF, 0xFF, 0xFF, 0xFF }, \
  { 0xFF, 0xFF, 0xFF, 0xFF }, \
  { 0xFF, 0xFF, 0xFF, 0xFF }, \
  { 0xFF, 0xFF, 0xFF, 0xFF }, \
  { 0xFF, 0xFF, 0xFF, 0xFF }, \
  { 0xFF, 0xFF, 0xFF, 0xFF }, \
  { 0xFF, 0xFF, 0xFF, 0xFF }, \
  { 0xFF, 0xFF, 0xFF, 0xFF }, \
  { 0xFF, 0xFF, 0xFF, 0xFF }, \
  { 0xFF, 0xFF, 0xFF, 0xFF }, \
  { 0xFF, 0xFF, 0xFF, 0xFF }, \
  { 0xFF, 0xFF, 0xFF, 0xFF }, \
  { 0xFF, 0xFF, 0xFF, 0xFF }, \
  { 0xFF, 0xFF, 0xFF, 0xFF }, \
  { 0xFF, 0xFF, 0xFF, 0xFF }, \
  { 0xFF, 0xFF, 0xFF, 0xFF }, \
  { 0xFF, 0xFF, 0xFF, 0xFF }, \
  { 0xFF, 0xFF, 0xFF, 0xFF }, \
  { 0xFF, 0xFF, 0xFF, 0xFF }, \
  { 0xFF, 0xFF, 0xFF, 0xFF }, \
  { 0xFF, 0xFF, 0xFF, 0xFF }, \
  { 0xFF, 0xFF, 0xFF, 0xFF }, \
  { 0xFF, 0xFF, 0xFF, 0xFF }, \
  { 0xFF, 0xFF, 0xFF, 0xFF }, \
  { 0xFF, 0xFF, 0xFF, 0xFF }, \
  { 0xFF, 0xFF, 0xFF, 0xFF }, \
  { 0xFF, 0xFF, 0xFF, 0xFF }, \
  { 0xFF, 0xFF, 0xFF, 0xFF }, \
  { 0xFF, 0xFF, 0xFF, 0xFF }, \
  { 0xFF, 0xFF, 0xFF, 0xFF }, \
  { 0xFF, 0xFF, 0xFF, 0xFF }, \
  { 0xFF, 0xFF, 0xFF, 0xFF }, \
  { 0xFF, 0xFF, 0xFF, 0xFF }, \
  { 0xFF, 0xFF, 0xFF, 0xFF }, \
  { 0xFF, 0xFF, 0xFF, 0xFF }, \
  { 0xFF, 0xFF, 0xFF, 0xFF }, \
  { 0xFF, 0xFF, 0xFF, 0xFF }, \
  { 0xFF, 0xFF, 0xFF, 0xFF }, \
  { 0xFF, 0xFF, 0xFF, 0xFF }, \
  { 0xFF, 0xFF, 0xFF, 0xFF }, \
  { 0xFF, 0xFF, 0xFF, 0xFF }, \
  { 0xFF, 0xFF, 0xFF, 0xFF }, \
  { 0xFF, 0xFF, 0xFF, 0xFF }, \
  { 0xFF, 0xFF, 0xFF, 0xFF }, \
  { 0xFF, 0xFF, 0xFF, 0xFF }, \
  { 0xFF, 0xFF, 0xFF, 0xFF }, \
  { 0xFF, 0xFF, 0xFF, 0xFF }, \
  { 0xFF, 0xFF, 0xFF, 0xFF }, \
  { 0xFF, 0xFF, 0xFF, 0xFF }, \
  { 0xFF, 0xFF, 0xFF, 0xFF }, \
  { 0xFF, 0xFF, 0xFF, 0xFF }, \
  { 0xFF, 0xFF, 0xFF, 0xFF }, \
  { 0xFF, 0xFF, 0xFF, 0xFF }, \
  { 0xFF, 0xFF, 0xFF, 0xFF }, \
  { 0xFF, 0xFF, 0xFF, 0xFF }, \
  { 0xFF, 0xFF, 0xFF, 0xFF }, \
  { 0xFF, 0xFF, 0xFF, 0xFF }, \
  { 0xFF, 0xFF, 0xFF, 0xFF }, \
  { 0xFF, 0xFF, 0xFF, 0xFF }, \
  { 0xFF, 0xFF, 0xFF, 0xFF }, \
  { 0xFF, 0xFF, 0xFF, 0xFF }, \
  { 0xFF, 0xFF, 0xFF, 0xFF }, \
  { 0xFF, 0xFF, 0xFF, 0xFF }, \
  { 0xFF, 0xFF, 0xFF, 0xFF }, \
  { 0xFF, 0xFF, 0xFF, 0xFF }, \
  { 0xFF, 0xFF, 0xFF, 0xFF }, \
  { 0xFF, 0xFF, 0xFF, 0xFF }, \
  { 0xFF, 0xFF, 0xFF, 0xFF }, \
  { 0xFF, 0xFF, 0xFF, 0xFF }, \
  { 0xFF, 0xFF, 0xFF, 0xFF }, \
  { 0xFF, 0xFF, 0xFF, 0xFF }, \
  { 0xFF, 0xFF, 0xFF, 0xFF }, \
  { 0xFF, 0xFF, 0xFF, 0xFF }, \
  { 0xFF, 0xFF, 0xFF, 0xFF }, \
  { 0xFF, 0xFF, 0xFF, 0xFF }, \
  { 0xFF, 0xFF, 0xFF, 0xFF }, \
  { 0xFF, 0xFF, 0xFF, 0xFF }, \
  { 0xFF, 0xFF, 0xFF, 0xFF }, \
  { 0xFF, 0xFF, 0xFF, 0xFF }, \
  { 0xFF, 0xFF, 0xFF, 0xFF }, \
  { 0xFF, 0xFF, 0xFF, 0xFF }, \
  { 0xFF, 0xFF, 0xFF, 0xFF }, \
  { 0xFF, 0xFF, 0xFF, 0xFF }, \
  { 0xFF, 0xFF, 0xFF, 0xFF }, \
  { 0xFF, 0xFF, 0xFF, 0xFF }, \
  { 0xFF, 0xFF, 0xFF, 0xFF }, \
  { 0xFF, 0xFF, 0xFF, 0xFF }, \
  { 0xFF, 0xFF, 0xFF, 0xFF }, \
  { 0xFF, 0xFF, 0xFF, 0xFF }, \
  { 0xFF, 0xFF, 0xFF, 0xFF }, \
  { 0xFF, 0xFF, 0xFF, 0xFF }, \
  { 0xFF, 0xFF, 0xFF, 0xFF }, \
  { 0xFF, 0xFF, 0xFF, 0xFF }, \
  { 0xFF, 0xFF, 0xFF, 0xFF }, \
  { 0xFF, 0xFF, 0xFF, 0xFF }, \
  { 0xFF, 0xFF, 0xFF, 0xFF }, \
  { 0xFF, 0xFF, 0xFF, 0xFF }, \
  { 0xFF, 0xFF, 0xFF, 0xFF }, \
  { 0xFF, 0xFF, 0xFF, 0xFF }, \
  { 0xFF, 0xFF, 0xFF, 0xFF }, \
  { 0xFF, 0xFF, 0xFF, 0xFF }, \
  { 0xFF, 0xFF, 0xFF, 0xFF }, \
  { 0xFF, 0xFF, 0xFF, 0xFF }, \
  { 0xFF, 0xFF, 0xFF, 0xFF }, \
  { 0xFF, 0xFF, 0xFF, 0xFF }, \
  { 0xFF, 0xFF, 0xFF, 0xFF }, \
  { 0xFF, 0xFF, 0xFF, 0xFF }, \
  { 0xFF, 0xFF, 0xFF, 0xFF }, \
  { 0xFF, 0xFF, 0xFF, 0xFF }, \
  { 0xFF, 0xFF, 0xFF, 0xFF }, \
  { 0xFF, 0xFF, 0xFF, 0xFF }, \
  { 0xFF, 0xFF, 0xFF, 0xFF }, \
  { 0xFF, 0xFF, 0xFF, 0xFF }, \
  { 0xFF, 0xFF, 0xFF, 0xFF }, \
  { 0xFF, 0xFF, 0xFF, 0xFF }, \
  { 0xFF, 0xFF, 0xFF, 0xFF }, \
  { 0xFF, 0xFF, 0xFF, 0xFF }, \
  { 0xFF, 0xFF, 0xFF, 0xFF }, \
  { 0xFF, 0xFF, 0xFF, 0xFF }, \
  { 0xFF, 0xFF, 0xFF, 0xFF }, \
  { 0xFF, 0xFF, 0xFF, 0xFF }, \
  { 0xFF, 0xFF, 0xFF, 0xFF }, \
  { 0xFF, 0xFF, 0xFF, 0xFF }, \
  { 0xFF, 0xFF, 0xFF, 0xFF }, \
  { 0xFF, 0xFF, 0xFF, 0xFF }, \
  { 0xFF, 0xFF, 0xFF, 0xFF }, \
  { 0xFF, 0xFF, 0xFF, 0xFF }, \
  { 0xFF, 0xFF, 0xFF, 0xFF }, \
  { 0xFF, 0xFF, 0xFF, 0xFF }, \
  { 0xFF, 0xFF, 0xFF, 0xFF }, \
  { 0xFF, 0xFF, 0xFF, 0xFF }, \
  { 0xFF, 0xFF, 0xFF, 0xFF }, \
  { 0xFF, 0xFF, 0xFF, 0xFF }, \
  { 0xFF, 0xFF, 0xFF, 0xFF }, \
  { 0xFF, 0xFF, 0xFF, 0xFF }, \
  { 0xFF, 0xFF, 0xFF, 0xFF }, \
  { 0xFF, 0xFF, 0xFF, 0xFF }, \
  { 0xFF, 0xFF, 0xFF, 0xFF }, \
  { 0xFF, 0xFF, 0xFF, 0xFF }, \
  { 0xFF, 0xFF, 0xFF, 0xFF }, \
  { 0xFF, 0xFF, 0xFF, 0xFF }, \
  { 0xFF, 0xFF, 0xFF, 0xFF }, \
  { 0xFF, 0xFF, 0xFF, 0xFF }, \
  { 0xFF, 0xFF, 0xFF, 0xFF }, \
  { 0xFF, 0xFF, 0xFF, 0xFF }, \
  { 0xFF, 0xFF, 0xFF, 0xFF }, \
  { 0xFF, 0xFF, 0xFF, 0xFF }, \
  { 0xFF, 0xFF, 0xFF, 0xFF }, \
  { 0xFF, 0xFF, 0xFF, 0xFF }, \
  { 0xFF, 0xFF, 0xFF, 0xFF }, \
  { 0xFF, 0xFF, 0xFF, 0xFF }, \
  { 0xFF, 0xFF, 0xFF, 0xFF }, \
  { 0xFF, 0xFF, 0xFF, 0xFF }, \
  { 0xFF, 0xFF, 0xFF, 0xFF }, \
  { 0xFF, 0xFF, 0xFF, 0xFF }, \
  { 0xFF, 0xFF, 0xFF, 0xFF }, \
  { 0xFF, 0xFF, 0xFF, 0xFF }, \
  { 0xFF, 0xFF, 0xFF, 0xFF }, \
  { 0xFF, 0xFF, 0xFF, 0xFF }, \
  { 0xFF, 0xFF, 0xFF, 0xFF }, \
  { 0xFF, 0xFF, 0xFF, 0xFF }, \
  { 0xFF, 0xFF, 0xFF, 0xFF }, \
  { 0xFF, 0xFF, 0xFF, 0xFF }, \
  { 0xFF, 0xFF, 0xFF, 0xFF }, \
  { 0xFF, 0xFF, 0xFF, 0xFF }, \
  { 0xFF, 0xFF, 0xFF, 0xFF }, \
  { 0xFF, 0xFF, 0xFF, 0xFF }, \
  { 0xFF, 0xFF, 0xFF, 0xFF }, \
  { 0xFF, 0xFF, 0xFF, 0xFF }, \
  { 0xFF, 0xFF, 0xFF, 0xFF }, \
  { 0xFF, 0xFF, 0xFF, 0xFF }, \
  { 0xFF, 0xFF, 0xFF, 0xFF }, \
  { 0xFF, 0xFF, 0xFF, 0xFF }, \
  { 0xFF, 0xFF, 0xFF, 0xFF }, \
  { 0xFF, 0xFF, 0xFF, 0xFF }, \
  { 0xFF, 0xFF, 0xFF, 0xFF }, \
  { 0xFF, 0xFF, 0xFF, 0xFF }, \
  { 0xFF, 0xFF, 0xFF, 0xFF }, \
  { 0xFF, 0xFF, 0xFF, 0xFF }, \
  { 0xFF, 0xFF, 0xFF, 0xFF }, \
  { 0xFF, 0xFF, 0xFF, 0xFF }, \
  { 0xFF, 0xFF, 0xFF, 0xFF }, \
  { 0xFF, 0xFF, 0xFF, 0xFF }, \
  { 0xFF, 0xFF, 0xFF, 0xFF }, \
  { 0xFF, 0xFF, 0xFF, 0xFF }, \
  { 0xFF, 0xFF, 0xFF, 0xFF }, \
  { 0xFF, 0xFF, 0xFF, 0xFF }, \
  { 0xFF, 0xFF, 0xFF, 0xFF }, \
  { 0xFF, 0xFF, 0xFF, 0xFF }, \
  { 0xFF, 0xFF, 0xFF, 0xFF }, \
  { 0xFF, 0xFF, 0xFF, 0xFF }, \
  { 0xFF, 0xFF, 0xFF, 0xFF }, \
  { 0xFF, 0xFF, 0xFF, 0xFF }, \
  { 0xFF, 0xFF, 0xFF, 0xFF }, \
  { 0xFF, 0xFF, 0xFF, 0xFF }, \
  { 0xFF, 0xFF, 0xFF, 0xFF }, \
  { 0xFF, 0xFF, 0xFF, 0xFF }, \
  { 0xFF, 0xFF, 0xFF, 0xFF }, \
  { 0xFF, 0xFF, 0xFF, 0xFF }, \
  { 0xFF, 0xFF, 0xFF, 0xFF }, \
  { 0xFF, 0xFF, 0xFF, 0xFF }, \
  { 0xFF, 0xFF, 0xFF, 0xFF }, \
  { 0xFF, 0xFF, 0xFF, 0xFF }, \
  { 0xFF, 0xFF, 0xFF, 0xFF }, \
  { 0xFF, 0xFF, 0xFF, 0xFF }, \
  { 0xFF, 0xFF, 0xFF, 0xFF }, \
  { 0xFF, 0xFF, 0xFF, 0xFF }, \
  { 0xFF, 0xFF, 0xFF, 0xFF }, \
  { 0xFF, 0xFF, 0xFF, 0xFF }, \
  { 0xFF, 0xFF, 0xFF, 0xFF }, \
  { 0xFF, 0xFF, 0xFF, 0xFF }, \
  { 0xFF, 0xFF, 0xFF, 0xFF }, \
  { 0xFF, 0xFF, 0xFF, 0xFF }, \
  { 0xFF, 0xFF, 0xFF, 0xFF }, \
  { 0xFF, 0xFF, 0xFF, 0xFF }, \
  { 0xFF, 0xFF, 0xFF, 0xFF }, \
  { 0xFF, 0xFF, 0xFF, 0xFF }, \
  { 0xFF, 0xFF, 0xFF, 0xFF }, \
  { 0xFF, 0xFF, 0xFF, 0xFF }, \
  { 0xFF, 0xFF, 0xFF, 0xFF }, \
  { 0xFF, 0xFF, 0xFF, 0xFF }, \
  { 0xFF, 0xFF, 0xFF, 0xFF }, \
  { 0xFF, 0xFF, 0xFF, 0xFF }, \
  { 0xFF, 0xFF, 0xFF, 0xFF }, \
  { 0xFF, 0xFF, 0xFF, 0xFF }, \
  { 0xFF, 0xFF, 0xFF, 0xFF }, \
  { 0xFF, 0xFF, 0xFF, 0xFF }, \
  { 0xFF, 0xFF, 0xFF, 0xFF }, \
  { 0xFF, 0xFF, 0xFF, 0xFF }, \
  { 0xFF, 0xFF, 0xFF, 0xFF }, \
  { 0xFF, 0xFF, 0xFF, 0xFF }, \
  { 0xFF, 0xFF, 0xFF, 0xFF }, \
  { 0xFF, 0xFF, 0xFF, 0xFF }, \
  { 0xFF, 0xFF, 0xFF, 0xFF }, \
  { 0xFF, 0xFF, 0xFF, 0xFF }, \
  { 0xFF, 0xFF, 0xFF, 0xFF }, \
  { 0xFF, 0xFF, 0xFF, 0xFF }, \
  { 0xFF, 0xFF, 0xFF, 0xFF }, \
  { 0xFF, 0xFF, 0xFF, 0xFF }, \
  { 0xFF, 0xFF, 0xFF, 0xFF }, \
  { 0xFF, 0xFF, 0xFF, 0xFF }, \
  { 0xFF, 0xFF, 0xFF, 0xFF }, \
  { 0xFF, 0xFF, 0xFF, 0xFF }, \
  { 0xFF, 0xFF, 0xFF, 0xFF }, \
  { 0xFF, 0xFF, 0xFF, 0xFF }, \
  { 0xFF, 0xFF, 0xFF, 0xFF }, \
  { 0xFF, 0xFF, 0xFF, 0xFF }, \
  { 0xFF, 0xFF, 0xFF, 0xFF }, \
  { 0xFF, 0xFF, 0xFF, 0xFF }, \
  { 0xFF, 0xFF, 0xFF, 0xFF }, \
  { 0xFF, 0xFF, 0xFF, 0xFF }, \
  { 0xFF, 0xFF, 0xFF, 0xFF }, \
  { 0xFF, 0xFF, 0xFF, 0xFF }, \
  { 0xFF, 0xFF, 0xFF, 0xFF }, \
  { 0xFF, 0xFF, 0xFF, 0xFF }, \
  { 0xFF, 0xFF, 0xFF, 0xFF }, \
  { 0xFF, 0xFF, 0xFF, 0xFF }, \
  { 0xFF, 0xFF, 0xFF, 0xFF }, \
  { 0xFF, 0xFF, 0xFF, 0xFF }, \
  { 0xFF, 0xFF, 0xFF, 0xFF }, \
  { 0xFF, 0xFF, 0xFF, 0xFF }, \
  { 0xFF, 0xFF, 0xFF, 0xFF }, \
  { 0xFF, 0xFF, 0xFF, 0xFF }, \
  { 0xFF, 0xFF, 0xFF, 0xFF }, \
  { 0xFF, 0xFF, 0xFF, 0xFF }, \
  { 0xFF, 0xFF, 0xFF, 0xFF }, \
  { 0xFF, 0xFF, 0xFF, 0xFF }, \
  { 0xFF, 0xFF, 0xFF, 0xFF }, \
  { 0xFF, 0xFF, 0xFF, 0xFF }, \
  { 0xFF, 0xFF, 0xFF, 0xFF }, \
  { 0xFF, 0xFF, 0xFF, 0xFF }, \
  { 0xFF, 0xFF, 0xFF, 0xFF }, \
  { 0xFF, 0xFF, 0xFF, 0xFF }, \
  { 0xFF, 0xFF, 0xFF, 0xFF }, \
  { 0xFF, 0xFF, 0xFF, 0xFF }, \
  { 0xFF, 0xFF, 0xFF, 0xFF }, \
  { 0xFF, 0xFF, 0xFF, 0xFF }, \
  { 0xFF, 0xFF, 0xFF, 0xFF }, \
  { 0xFF, 0xFF, 0xFF, 0xFF }, \
  { 0xFF, 0xFF, 0xFF, 0xFF }, \
  { 0xFF, 0xFF, 0xFF, 0xFF }, \
  { 0xFF, 0xFF, 0xFF, 0xFF }, \
  { 0xFF, 0xFF, 0xFF, 0xFF }, \
  { 0xFF, 0xFF, 0xFF, 0xFF }, \
  { 0xFF, 0xFF, 0xFF, 0xFF }, \
  { 0xFF, 0xFF, 0xFF, 0xFF }, \
  { 0xFF, 0xFF, 0xFF, 0xFF }, \
  { 0xFF, 0xFF, 0xFF, 0xFF }, \
  { 0xFF, 0xFF, 0xFF, 0xFF }, \
  { 0xFF, 0xFF, 0xFF, 0xFF }, \
  { 0xFF, 0xFF, 0xFF, 0xFF }, \
  { 0xFF, 0xFF, 0xFF, 0xFF }, \
  { 0xFF, 0xFF, 0xFF, 0xFF }, \
  { 0xFF, 0xFF, 0xFF, 0xFF }, \
  { 0xFF, 0xFF, 0xFF, 0xFF }, \
  { 0xFF, 0xFF, 0xFF, 0xFF }, \
  { 0xFF, 0xFF, 0xFF, 0xFF }, \
  { 0xFF, 0xFF, 0xFF, 0xFF }, \
  { 0xFF, 0xFF, 0xFF, 0xFF }, \
  { 0xFF, 0xFF, 0xFF, 0xFF }, \
  { 0xFF, 0xFF, 0xFF, 0xFF }, \
  { 0xFF, 0xFF, 0xFF, 0xFF }, \
  { 0xFF, 0xFF, 0xFF, 0xFF }, \
  { 0xFF, 0xFF, 0xFF, 0xFF }, \
  { 0xFF, 0xFF, 0xFF, 0xFF }, \
  { 0xFF, 0xFF, 0xFF, 0xFF }, \
  { 0xFF, 0xFF, 0xFF, 0xFF }, \
  { 0xFF, 0xFF, 0xFF, 0xFF }, \
  { 0xFF, 0xFF, 0xFF, 0xFF }, \
  { 0xFF, 0xFF, 0xFF, 0xFF }, \
  { 0xFF, 0xFF, 0xFF, 0xFF }, \
  { 0xFF, 0xFF, 0xFF, 0xFF }, \
  { 0xFF, 0xFF, 0xFF, 0xFF }, \
  { 0xFF, 0xFF, 0xFF, 0xFF }, \
  { 0xFF, 0xFF, 0xFF, 0xFF }, \
  { 0xFF, 0xFF, 0xFF, 0xFF }, \
  { 0xFF, 0xFF, 0xFF, 0xFF }, \
  { 0xFF, 0xFF, 0xFF, 0xFF }, \
  { 0xFF, 0xFF, 0xFF, 0xFF }, \
  { 0xFF, 0xFF, 0xFF, 0xFF }, \
  { 0xFF, 0xFF, 0xFF, 0xFF }, \
  { 0xFF, 0xFF, 0xFF, 0xFF }, \
  { 0xFF, 0xFF, 0xFF, 0xFF }, \
  { 0xFF, 0xFF, 0xFF, 0xFF }, \
  { 0xFF, 0xFF, 0xFF, 0xFF }, \
  { 0xFF, 0xFF, 0xFF, 0xFF }, \
  { 0xFF, 0xFF, 0xFF, 0xFF }, \
  { 0xFF, 0xFF, 0xFF, 0xFF }, \
  { 0xFF, 0xFF, 0xFF, 0xFF }, \
  { 0xFF, 0xFF, 0xFF, 0xFF }, \
  { 0xFF, 0xFF, 0xFF, 0xFF }, \
  { 0xFF, 0xFF, 0xFF, 0xFF }, \
  { 0xFF, 0xFF, 0xFF, 0xFF }, \
  { 0xFF, 0xFF, 0xFF, 0xFF }, \
  { 0xFF, 0xFF, 0xFF, 0xFF }, \
  { 0xFF, 0xFF, 0xFF, 0xFF }, \
  { 0xFF, 0xFF, 0xFF, 0xFF }, \
  { 0xFF, 0xFF, 0xFF, 0xFF }, \
  { 0xFF, 0xFF, 0xFF, 0xFF }, \
  { 0xFF, 0xFF, 0xFF, 0xFF }, \
  { 0xFF, 0xFF, 0xFF, 0xFF }, \
  { 0xFF, 0xFF, 0xFF, 0xFF }, \
  { 0xFF, 0xFF, 0xFF, 0xFF }, \
  { 0xFF, 0xFF, 0xFF, 0xFF }, \
  { 0xFF, 0xFF, 0xFF, 0xFF }, \
  { 0xFF, 0xFF, 0xFF, 0xFF }, \
  { 0xFF, 0xFF, 0xFF, 0xFF }, \
  { 0xFF, 0xFF, 0xFF, 0xFF }, \
  { 0xFF, 0xFF, 0xFF, 0xFF }, \
  { 0xFF, 0xFF, 0xFF, 0xFF }, \
  { 0xFF, 0xFF, 0xFF, 0xFF }, \
  { 0xFF, 0xFF, 0xFF, 0xFF }, \
  { 0xFF, 0xFF, 0xFF, 0xFF }, \
  { 0xFF, 0xFF, 0xFF, 0xFF }, \
  { 0xFF, 0xFF, 0xFF, 0xFF }, \
  { 0xFF, 0xFF, 0xFF, 0xFF }, \
  { 0xFF, 0xFF, 0xFF, 0xFF }, \
  { 0xFF, 0xFF, 0xFF, 0xFF }, \
  { 0xFF, 0xFF, 0xFF, 0xFF }, \
  { 0xFF, 0xFF, 0xFF, 0xFF }, \
  { 0xFF, 0xFF, 0xFF, 0xFF }, \
  { 0xFF, 0xFF, 0xFF, 0xFF }, \
  { 0xFF, 0xFF, 0xFF, 0xFF }, \
  { 0xFF, 0xFF, 0xFF, 0xFF }, \
  { 0xFF, 0xFF, 0xFF, 0xFF }, \
  { 0xFF, 0xFF, 0xFF, 0xFF }, \
  { 0xFF, 0xFF, 0xFF, 0xFF }, \
  { 0xFF, 0xFF, 0xFF, 0xFF }, \
  { 0xFF, 0xFF, 0xFF, 0xFF }, \
  { 0xFF, 0xFF, 0xFF, 0xFF }, \
  { 0xFF, 0xFF, 0xFF, 0xFF }, \
  { 0xFF, 0xFF, 0xFF, 0xFF }, \
  { 0xFF, 0xFF, 0xFF, 0xFF }, \
  { 0xFF, 0xFF, 0xFF, 0xFF }, \
  { 0xFF, 0xFF, 0xFF, 0xFF }, \
  { 0xFF, 0xFF, 0xFF, 0xFF }, \
  { 0xFF, 0xFF, 0xFF, 0xFF }, \
  { 0xFF, 0xFF, 0xFF, 0xFF }, \
  { 0xFF, 0xFF, 0xFF, 0xFF }, \
  { 0xFF, 0xFF, 0xFF, 0xFF }, \
  { 0xFF, 0xFF, 0xFF, 0xFF }, \
  { 0xFF, 0xFF, 0xFF, 0xFF }, \
  { 0xFF, 0xFF, 0xFF, 0xFF }, \
  { 0xFF, 0xFF, 0xFF, 0xFF }, \
  { 0xFF, 0xFF, 0xFF, 0xFF }, \
  { 0xFF, 0xFF, 0xFF, 0xFF }, \
  { 0xFF, 0xFF, 0xFF, 0xFF }, \
  { 0xFF, 0xFF, 0xFF, 0xFF }, \
  { 0xFF, 0xFF, 0xFF, 0xFF }, \
  { 0xFF, 0xFF, 0xFF, 0xFF }, \
  { 0xFF, 0xFF, 0xFF, 0xFF }, \
  { 0xFF, 0xFF, 0xFF, 0xFF }, \
  { 0xFF, 0xFF, 0xFF, 0xFF }, \
  { 0xFF, 0xFF, 0xFF, 0xFF }, \
  { 0xFF, 0xFF, 0xFF, 0xFF }, \
  { 0xFF, 0xFF, 0xFF, 0xFF }, \
  { 0xFF, 0xFF, 0xFF, 0xFF }, \
  { 0xFF, 0xFF, 0xFF, 0xFF }, \
  { 0xFF, 0xFF, 0xFF, 0xFF }, \
  { 0xFF, 0xFF, 0xFF, 0xFF }, \
  { 0xFF, 0xFF, 0xFF, 0xFF }, \
  { 0xFF, 0xFF, 0xFF, 0xFF }, \
  { 0xFF, 0xFF, 0xFF, 0xFF }, \
  { 0xFF, 0xFF, 0xFF, 0xFF }, \
  { 0xFF, 0xFF, 0xFF, 0xFF }, \
  { 0xFF, 0xFF, 0xFF, 0xFF }, \
  { 0xFF, 0xFF, 0xFF, 0xFF }, \
  { 0xFF, 0xFF, 0xFF, 0xFF }, \
  { 0xFF, 0xFF, 0xFF, 0xFF }, \
  { 0xFF, 0xFF, 0xFF, 0xFF }, \
  { 0xFF, 0xFF, 0xFF, 0xFF }, \
  { 0xFF, 0xFF, 0xFF, 0xFF }, \
  { 0xFF, 0xFF, 0xFF, 0xFF }, \
  { 0xFF, 0xFF, 0xFF, 0xFF }, \
  { 0xFF, 0xFF, 0xFF, 0xFF }, \
  { 0xFF, 0xFF, 0xFF, 0xFF }, \
  { 0xFF, 0xFF, 0xFF, 0xFF }, \
  { 0xFF, 0xFF, 0xFF, 0xFF }, \
  { 0xFF, 0xFF, 0xFF, 0xFF }, \
  { 0xFF, 0xFF, 0xFF, 0xFF }, \
  { 0xFF, 0xFF, 0xFF, 0xFF }, \
  { 0xFF, 0xFF, 0xFF, 0xFF }, \
  { 0xFF, 0xFF, 0xFF, 0xFF }, \
  { 0xFF, 0xFF, 0xFF, 0xFF }, \
  { 0xFF, 0xFF, 0xFF, 0xFF }, \
  { 0xFF, 0xFF, 0xFF, 0xFF }, \
  { 0xFF, 0xFF, 0xFF, 0xFF }, \
  { 0xFF, 0xFF, 0xFF, 0xFF }, \
  { 0xFF, 0xFF, 0xFF, 0xFF }, \
  { 0xFF, 0xFF, 0xFF, 0xFF }, \
  { 0xFF, 0xFF, 0xFF, 0xFF }, \
  { 0xFF, 0xFF, 0xFF, 0xFF }, \
  { 0xFF, 0xFF, 0xFF, 0xFF }, \
  { 0xFF, 0xFF, 0xFF, 0xFF }, \
  { 0xFF, 0xFF, 0xFF, 0xFF }, \
  { 0xFF, 0xFF, 0xFF, 0xFF }, \
  { 0xFF, 0xFF, 0xFF, 0xFF }, \
  { 0xFF, 0xFF, 0xFF, 0xFF }, \
  { 0xFF, 0xFF, 0xFF, 0xFF }, \
  { 0xFF, 0xFF, 0xFF, 0xFF }, \
  { 0xFF, 0xFF, 0xFF, 0xFF }, \
  { 0xFF, 0xFF, 0xFF, 0xFF }, \
  { 0xFF, 0xFF, 0xFF, 0xFF }, \
  { 0xFF, 0xFF, 0xFF, 0xFF }, \
  { 0xFF, 0xFF, 0xFF, 0xFF }, \
  { 0xFF, 0xFF, 0xFF, 0xFF }, \
  { 0xFF, 0xFF, 0xFF, 0xFF }, \
  { 0xFF, 0xFF, 0xFF, 0xFF }, \
  { 0xFF, 0xFF, 0xFF, 0xFF }, \
  { 0xFF, 0xFF, 0xFF, 0xFF }, \
  { 0xFF, 0xFF, 0xFF, 0xFF }, \
  { 0xFF, 0xFF, 0xFF, 0xFF }, \
  { 0xFF, 0xFF, 0xFF, 0xFF }, \
  { 0xFF, 0xFF, 0xFF, 0xFF }, \
  { 0xFF, 0xFF, 0xFF, 0xFF }, \
  { 0xFF, 0xFF, 0xFF, 0xFF }, \
  { 0xFF, 0xFF, 0xFF, 0xFF }, \
  { 0xFF, 0xFF, 0xFF, 0xFF }, \
  { 0xFF, 0xFF, 0xFF, 0xFF }, \
  { 0xFF, 0xFF, 0xFF, 0xFF }, \
  { 0xFF, 0xFF, 0xFF, 0xFF }, \
  { 0xFF, 0xFF, 0xFF, 0xFF }, \
  { 0xFF, 0xFF, 0xFF, 0xFF }, \
  { 0xFF, 0xFF, 0xFF, 0xFF }, \
  { 0xFF, 0xFF, 0xFF, 0xFF }, \
  { 0xFF, 0xFF, 0xFF, 0xFF }, \
  { 0xFF, 0xFF, 0xFF, 0xFF }, \
  { 0xFF, 0xFF, 0xFF, 0xFF }, \
  { 0xFF, 0xFF, 0xFF, 0xFF }, \
  { 0xFF, 0xFF, 0xFF, 0xFF }, \
  { 0xFF, 0xFF, 0xFF, 0xFF }, \
  { 0xFF, 0xFF, 0xFF, 0xFF }, \
  { 0xFF, 0xFF, 0xFF, 0xFF }, \
  { 0xFF, 0xFF, 0xFF, 0xFF }, \
  { 0xFF, 0xFF, 0xFF, 0xFF }, \
  { 0xFF, 0xFF, 0xFF, 0xFF }, \
  { 0xFF, 0xFF, 0xFF, 0xFF }, \
  { 0xFF, 0xFF, 0xFF, 0xFF }, \
  { 0xFF, 0xFF, 0xFF, 0xFF }, \
  { 0xFF, 0xFF, 0xFF, 0xFF }, \
  { 0xFF, 0xFF, 0xFF, 0xFF }, \
  { 0xFF, 0xFF, 0xFF, 0xFF }, \
  { 0xFF, 0xFF, 0xFF, 0xFF }, \
  { 0xFF, 0xFF, 0xFF, 0xFF }, \
  { 0xFF, 0xFF, 0xFF, 0xFF }, \
  { 0xFF, 0xFF, 0xFF, 0xFF }, \
  { 0xFF, 0xFF, 0xFF, 0xFF }, \
  { 0xFF, 0xFF, 0xFF, 0xFF }, \
  { 0xFF, 0xFF, 0xFF, 0xFF }, \
  { 0xFF, 0xFF, 0xFF, 0xFF }, \
  { 0xFF, 0xFF, 0xFF, 0xFF }, \
  { 0xFF, 0xFF, 0xFF, 0xFF }, \
  { 0xFF, 0xFF, 0xFF, 0xFF }, \
  { 0xFF, 0xFF, 0xFF, 0xFF }, \
  { 0xFF, 0xFF, 0xFF, 0xFF }, \
  { 0xFF, 0xFF, 0xFF, 0xFF }, \
  { 0xFF, 0xFF, 0xFF, 0xFF }, \
  { 0xFF, 0xFF, 0xFF, 0xFF }, \
  { 0xFF, 0xFF, 0xFF, 0xFF }, \
  { 0xFF, 0xFF, 0xFF, 0xFF }, \
  { 0xFF, 0xFF, 0xFF, 0xFF }, \
  { 0xFF, 0xFF, 0xFF, 0xFF }, \
  { 0xFF, 0xFF, 0xFF, 0xFF }, \
  { 0xFF, 0xFF, 0xFF, 0xFF }, \
  { 0xFF, 0xFF, 0xFF, 0xFF }, \
  { 0xFF, 0xFF, 0xFF, 0xFF }, \
  { 0xFF, 0xFF, 0xFF, 0xFF }, \
  { 0xFF, 0xFF, 0xFF, 0xFF }, \
  { 0xFF, 0xFF, 0xFF, 0xFF }, \
  { 0xFF, 0xFF, 0xFF, 0xFF }, \
  { 0xFF, 0xFF, 0xFF, 0xFF }, \
  { 0xFF, 0xFF, 0xFF, 0xFF }, \
  { 0xFF, 0xFF, 0xFF, 0xFF }, \
  { 0xFF, 0xFF, 0xFF, 0xFF }, \
  { 0xFF, 0xFF, 0xFF, 0xFF }, \
  { 0xFF, 0xFF, 0xFF, 0xFF }, \
  { 0xFF, 0xFF, 0xFF, 0xFF }, \
  { 0xFF, 0xFF, 0xFF, 0xFF }, \
  { 0xFF, 0xFF, 0xFF, 0xFF }, \
  { 0xFF, 0xFF, 0xFF, 0xFF }, \
  { 0xFF, 0xFF, 0xFF, 0xFF }, \
  { 0xFF, 0xFF, 0xFF, 0xFF }, \
  { 0xFF, 0xFF, 0xFF, 0xFF }, \
  { 0xFF, 0xFF, 0xFF, 0xFF }, \
  { 0xFF, 0xFF, 0xFF, 0xFF }, \
  { 0xFF, 0xFF, 0xFF, 0xFF }, \
  { 0xFF, 0xFF, 0xFF, 0xFF }, \
  { 0xFF, 0xFF, 0xFF, 0xFF }, \
  { 0xFF, 0xFF, 0xFF, 0xFF }, \
  { 0xFF, 0xFF, 0xFF, 0xFF }, \
  { 0xFF, 0xFF, 0xFF, 0xFF }, \
  { 0xFF, 0xFF, 0xFF, 0xFF }, \
  { 0xFF, 0xFF, 0xFF, 0xFF }, \
  { 0xFF, 0xFF, 0xFF, 0xFF }, \
  { 0xFF, 0xFF, 0xFF, 0xFF }, \
  { 0xFF, 0xFF, 0xFF, 0xFF }, \
  { 0xFF, 0xFF, 0xFF, 0xFF }, \
  { 0xFF, 0xFF, 0xFF, 0xFF }, \
  { 0xFF, 0xFF, 0xFF, 0xFF }, \
  { 0xFF, 0xFF, 0xFF, 0xFF }, \
  { 0xFF, 0xFF, 0xFF, 0xFF }, \
  { 0xFF, 0xFF, 0xFF, 0xFF }, \
  { 0xFF, 0xFF, 0xFF, 0xFF }, \
  { 0xFF, 0xFF, 0xFF, 0xFF }, \
  { 0xFF, 0xFF, 0xFF, 0xFF }, \
  { 0xFF, 0xFF, 0xFF, 0xFF }, \
  { 0xFF, 0xFF, 0xFF, 0xFF }, \
  { 0xFF, 0xFF, 0xFF, 0xFF }, \
  { 0xFF, 0xFF, 0xFF, 0xFF }, \
  { 0xFF, 0xFF, 0xFF, 0xFF }, \
  { 0xFF, 0xFF, 0xFF, 0xFF }, \
  { 0xFF, 0xFF, 0xFF, 0xFF }, \
  { 0xFF, 0xFF, 0xFF, 0xFF }, \
  { 0xFF, 0xFF, 0xFF, 0xFF }, \
  { 0xFF, 0xFF, 0xFF, 0xFF }, \
  { 0xFF, 0xFF, 0xFF, 0xFF }, \
  { 0xFF, 0xFF, 0xFF, 0xFF }, \
  { 0xFF, 0xFF, 0xFF, 0xFF }, \
  { 0xFF, 0xFF, 0xFF, 0xFF }, \
  { 0xFF, 0xFF, 0xFF, 0xFF }, \
  { 0xFF, 0xFF, 0xFF, 0xFF }, \
  { 0xFF, 0xFF, 0xFF, 0xFF }, \
  { 0xFF, 0xFF, 0xFF, 0xFF }, \
  { 0xFF, 0xFF, 0xFF, 0xFF }, \
  { 0xFF, 0xFF, 0xFF, 0xFF }, \
  { 0xFF, 0xFF, 0xFF, 0xFF }, \
  { 0xFF, 0xFF, 0xFF, 0xFF }, \
  { 0xFF, 0xFF, 0xFF, 0xFF }, \
  { 0xFF, 0xFF, 0xFF, 0xFF }, \
  { 0xFF, 0xFF, 0xFF, 0xFF }, \
  { 0xFF, 0xFF, 0xFF, 0xFF }, \
  { 0xFF, 0xFF, 0xFF, 0xFF }, \
  { 0xFF, 0xFF, 0xFF, 0xFF }, \
  { 0xFF, 0xFF, 0xFF, 0xFF }, \
  { 0xFF, 0xFF, 0xFF, 0xFF }, \
  { 0xFF, 0xFF, 0xFF, 0xFF }, \
  { 0xFF, 0xFF, 0xFF, 0xFF }, \
  { 0xFF, 0xFF, 0xFF, 0xFF }, \
  { 0xFF, 0xFF, 0xFF, 0xFF }, \
  { 0xFF, 0xFF, 0xFF, 0xFF }, \
  { 0xFF, 0xFF, 0xFF, 0xFF }, \
  { 0xFF, 0xFF, 0xFF, 0xFF }, \
  { 0xFF, 0xFF, 0xFF, 0xFF }, \
  { 0xFF, 0xFF, 0xFF, 0xFF }, \
  { 0xFF, 0xFF, 0xFF, 0xFF }, \
  { 0xFF, 0xFF, 0xFF, 0xFF }, \
  { 0xFF, 0xFF, 0xFF, 0xFF }, \
  { 0xFF, 0xFF, 0xFF, 0xFF }, \
  { 0xFF, 0xFF, 0xFF, 0xFF }, \
  { 0xFF, 0xFF, 0xFF, 0xFF }, \
  { 0xFF, 0xFF, 0xFF, 0xFF }, \
  { 0xFF, 0xFF, 0xFF, 0xFF }, \
  { 0xFF, 0xFF, 0xFF, 0xFF }, \
  { 0xFF, 0xFF, 0xFF, 0xFF }, \
  { 0xFF, 0xFF, 0xFF, 0xFF }, \
  { 0xFF, 0xFF, 0xFF, 0xFF }, \
  { 0xFF, 0xFF, 0xFF, 0xFF }, \
  { 0xFF, 0xFF, 0xFF, 0xFF }, \
  { 0xFF, 0xFF, 0xFF, 0xFF }, \
  { 0xFF, 0xFF, 0xFF, 0xFF }, \
  { 0xFF, 0xFF, 0xFF, 0xFF }, \
  { 0xFF, 0xFF, 0xFF, 0xFF }, \
  { 0xFF, 0xFF, 0xFF, 0xFF }, \
  { 0xFF, 0xFF, 0xFF, 0xFF }, \
  { 0xFF, 0xFF, 0xFF, 0xFF }, \
  { 0xFF, 0xFF, 0xFF, 0xFF }, \
  { 0xFF, 0xFF, 0xFF, 0xFF }, \
  { 0xFF, 0xFF, 0xFF, 0xFF }, \
  { 0xFF, 0xFF, 0xFF, 0xFF }, \
  { 0xFF, 0xFF, 0xFF, 0xFF }, \
  { 0xFF, 0xFF, 0xFF, 0xFF }, \
  { 0xFF, 0xFF, 0xFF, 0xFF }, \
  { 0xFF, 0xFF, 0xFF, 0xFF }, \
  { 0xFF, 0xFF, 0xFF, 0xFF }, \
  { 0xFF, 0xFF, 0xFF, 0xFF }, \
  { 0xFF, 0xFF, 0xFF, 0xFF }, \
  { 0xFF, 0xFF, 0xFF, 0xFF }, \
  { 0xFF, 0xFF, 0xFF, 0xFF }, \
  { 0xFF, 0xFF, 0xFF, 0xFF }, \
  { 0xFF, 0xFF, 0xFF, 0xFF }, \
  { 0xFF, 0xFF, 0xFF, 0xFF }, \
  { 0xFF, 0xFF, 0xFF, 0xFF }, \
  { 0xFF, 0xFF, 0xFF, 0xFF }, \
  { 0xFF, 0xFF, 0xFF, 0xFF }, \
  { 0xFF, 0xFF, 0xFF, 0xFF }, \
  { 0xFF, 0xFF, 0xFF, 0xFF }, \
  { 0xFF, 0xFF, 0xFF, 0xFF }, \
  { 0xFF, 0xFF, 0xFF, 0xFF }, \
  { 0xFF, 0xFF, 0xFF, 0xFF }, \
  { 0xFF, 0xFF, 0xFF, 0xFF }, \
  { 0xFF, 0xFF, 0xFF, 0xFF }, \
  { 0xFF, 0xFF, 0xFF, 0xFF }, \
  { 0xFF, 0xFF, 0xFF, 0xFF }, \
  { 0xFF, 0xFF, 0xFF, 0xFF }, \
  { 0xFF, 0xFF, 0xFF, 0xFF }, \
  { 0xFF, 0xFF, 0xFF, 0xFF }, \
  { 0xFF, 0xFF, 0xFF, 0xFF }, \
  { 0xFF, 0xFF, 0xFF, 0xFF }, \
  { 0xFF, 0xFF, 0xFF, 0xFF }, \
  { 0xFF, 0xFF, 0xFF, 0xFF }, \
  { 0xFF, 0xFF, 0xFF, 0xFF }, \
  { 0xFF, 0xFF, 0xFF, 0xFF }, \
  { 0xFF, 0xFF, 0xFF, 0xFF }, \
  { 0xFF, 0xFF, 0xFF, 0xFF }, \
  { 0xFF, 0xFF, 0xFF, 0xFF }, \
  { 0xFF, 0xFF, 0xFF, 0xFF }, \
  { 0xFF, 0xFF, 0xFF, 0xFF }, \
  { 0xFF, 0xFF, 0xFF, 0xFF }, \
  { 0xFF, 0xFF, 0xFF, 0xFF }, \
  { 0xFF, 0xFF, 0xFF, 0xFF }, \
  { 0xFF, 0xFF, 0xFF, 0xFF }, \
  { 0xFF, 0xFF, 0xFF, 0xFF }, \
  { 0xFF, 0xFF, 0xFF, 0xFF }, \
  { 0xFF, 0xFF, 0xFF, 0xFF }, \
  { 0xFF, 0xFF, 0xFF, 0xFF }, \
  { 0xFF, 0xFF, 0xFF, 0xFF }, \
  { 0xFF, 0xFF, 0xFF, 0xFF }, \
  { 0xFF, 0xFF, 0xFF, 0xFF }, \
  { 0xFF, 0xFF, 0xFF, 0xFF }, \
  { 0xFF, 0xFF, 0xFF, 0xFF }, \
  { 0xFF, 0xFF, 0xFF, 0xFF }, \
  { 0xFF, 0xFF, 0xFF, 0xFF }, \
  { 0xFF, 0xFF, 0xFF, 0xFF }, \
  { 0xFF, 0xFF, 0xFF, 0xFF }, \
  { 0xFF, 0xFF, 0xFF, 0xFF }, \
  { 0xFF, 0xFF, 0xFF, 0xFF }, \
  { 0xFF, 0xFF, 0xFF, 0xFF }, \
  { 0xFF, 0xFF, 0xFF, 0xFF }, \
  { 0xFF, 0xFF, 0xFF, 0xFF }, \
  { 0xFF, 0xFF, 0xFF, 0xFF }, \
  { 0xFF, 0xFF, 0xFF, 0xFF }, \
  { 0xFF, 0xFF, 0xFF, 0xFF }, \
  { 0xFF, 0xFF, 0xFF, 0xFF }, \
  { 0xFF, 0xFF, 0xFF, 0xFF }, \
  { 0xFF, 0xFF, 0xFF, 0xFF }, \
  { 0xFF, 0xFF, 0xFF, 0xFF }, \
  { 0xFF, 0xFF, 0xFF, 0xFF }, \
  { 0xFF, 0xFF, 0xFF, 0xFF }, \
  { 0xFF, 0xFF, 0xFF, 0xFF }, \
  { 0xFF, 0xFF, 0xFF, 0xFF }, \
  { 0xFF, 0xFF, 0xFF, 0xFF }, \
  { 0xFF, 0xFF, 0xFF, 0xFF }, \
  { 0xFF, 0xFF, 0xFF, 0xFF }, \
  { 0xFF, 0xFF, 0xFF, 0xFF }, \
  { 0xFF, 0xFF, 0xFF, 0xFF }, \
  { 0xFF, 0xFF, 0xFF, 0xFF }, \
  { 0xFF, 0xFF, 0xFF, 0xFF }, \
  { 0xFF, 0xFF, 0xFF, 0xFF }, \
  { 0xFF, 0xFF, 0xFF, 0xFF }, \
  { 0xFF, 0xFF, 0xFF, 0xFF }, \
  { 0xFF, 0xFF, 0xFF, 0xFF }, \
  { 0xFF, 0xFF, 0xFF, 0xFF }, \
  { 0xFF, 0xFF, 0xFF, 0xFF }, \
  { 0xFF, 0xFF, 0xFF, 0xFF }, \
  { 0xFF, 0xFF, 0xFF, 0xFF }, \
  { 0xFF, 0xFF, 0xFF, 0xFF }, \
  { 0xFF, 0xFF, 0xFF, 0xFF }, \
  { 0xFF, 0xFF, 0xFF, 0xFF }, \
  { 0xFF, 0xFF, 0xFF, 0xFF }, \
  { 0xFF, 0xFF, 0xFF, 0xFF }, \
  { 0xFF, 0xFF, 0xFF, 0xFF }, \
  { 0xFF, 0xFF, 0xFF, 0xFF }, \
  { 0xFF, 0xFF, 0xFF, 0xFF }, \
  { 0xFF, 0xFF, 0xFF, 0xFF }, \
  { 0xFF, 0xFF, 0xFF, 0xFF }, \
  { 0xFF, 0xFF, 0xFF, 0xFF }, \
  { 0xFF, 0xFF, 0xFF, 0xFF }, \
  { 0xFF, 0xFF, 0xFF, 0xFF }, \
  { 0xFF, 0xFF, 0xFF, 0xFF }, \
  { 0xFF, 0xFF, 0xFF, 0xFF }, \
  { 0xFF, 0xFF, 0xFF, 0xFF }, \
  { 0xFF, 0xFF, 0xFF, 0xFF }, \
  { 0xFF, 0xFF, 0xFF, 0xFF }, \
  { 0xFF, 0xFF, 0xFF, 0xFF }, \
  { 0xFF, 0xFF, 0xFF, 0xFF }, \
  { 0xFF, 0xFF, 0xFF, 0xFF }, \
  { 0xFF, 0xFF, 0xFF, 0xFF }, \
  { 0xFF, 0xFF, 0xFF, 0xFF }, \
  { 0xFF, 0xFF, 0xFF, 0xFF }, \
  { 0xFF, 0xFF, 0xFF, 0xFF }, \
  { 0xFF, 0xFF, 0xFF, 0xFF }, \
  { 0xFF, 0xFF, 0xFF, 0xFF }, \
  { 0xFF, 0xFF, 0xFF, 0xFF }, \
  { 0xFF, 0xFF, 0xFF, 0xFF }, \
  { 0xFF, 0xFF, 0xFF, 0xFF }, \
  { 0xFF, 0xFF, 0xFF, 0xFF }, \
  { 0xFF, 0xFF, 0xFF, 0xFF }, \
  { 0xFF, 0xFF, 0xFF, 0xFF }, \
  { 0xFF, 0xFF, 0xFF, 0xFF }, \
  { 0xFF, 0xFF, 0xFF, 0xFF }, \
  { 0xFF, 0xFF, 0xFF, 0xFF }, \
  { 0xFF, 0xFF, 0xFF, 0xFF }, \
  { 0xFF, 0xFF, 0xFF, 0xFF }, \
  { 0xFF, 0xFF, 0xFF, 0xFF }, \
  { 0xFF, 0xFF, 0xFF, 0xFF }, \
  { 0xFF, 0xFF, 0xFF, 0xFF }, \
  { 0xFF, 0xFF, 0xFF, 0xFF }, \
  { 0xFF, 0xFF, 0xFF, 0xFF }, \
  { 0xFF, 0xFF, 0xFF, 0xFF }, \
  { 0xFF, 0xFF, 0xFF, 0xFF }, \
  { 0xFF, 0xFF, 0xFF, 0xFF }, \
  { 0xFF, 0xFF, 0xFF, 0xFF }, \
  { 0xFF, 0xFF, 0xFF, 0xFF }, \
  { 0xFF, 0xFF, 0xFF, 0xFF }, \
  { 0xFF, 0xFF, 0xFF, 0xFF }, \
  { 0xFF, 0xFF, 0xFF, 0xFF }, \
  { 0xFF, 0xFF, 0xFF, 0xFF }, \
  { 0xFF, 0xFF, 0xFF, 0xFF }, \
  { 0xFF, 0xFF, 0xFF, 0xFF }, \
  { 0xFF, 0xFF, 0xFF, 0xFF }, \
  { 0xFF, 0xFF, 0xFF, 0xFF }, \
  { 0xFF, 0xFF, 0xFF, 0xFF }, \
  { 0xFF, 0xFF, 0xFF, 0xFF }, \
  { 0xFF, 0xFF, 0xFF, 0xFF }, \
  { 0xFF, 0xFF, 0xFF, 0xFF }, \
  { 0xFF, 0xFF, 0xFF, 0xFF }, \
  { 0xFF, 0xFF, 0xFF, 0xFF }, \
  { 0xFF, 0xFF, 0xFF, 0xFF }, \
  { 0xFF, 0xFF, 0xFF, 0xFF }, \
  { 0xFF, 0xFF, 0xFF, 0xFF }, \
  { 0xFF, 0xFF, 0xFF, 0xFF }, \
  { 0xFF, 0xFF, 0xFF, 0xFF }, \
  { 0xFF, 0xFF, 0xFF, 0xFF }, \
  { 0xFF, 0xFF, 0xFF, 0xFF }, \
  { 0xFF, 0xFF, 0xFF, 0xFF }, \
  { 0xFF, 0xFF, 0xFF, 0xFF }, \
  { 0xFF, 0xFF, 0xFF, 0xFF }, \
  { 0xFF, 0xFF, 0xFF, 0xFF }, \
  { 0xFF, 0xFF, 0xFF, 0xFF }, \
  { 0xFF, 0xFF, 0xFF, 0xFF }, \
  { 0xFF, 0xFF, 0xFF, 0xFF }, \
  { 0xFF, 0xFF, 0xFF, 0xFF }, \
  { 0xFF, 0xFF, 0xFF, 0xFF }, \
  { 0xFF, 0xFF, 0xFF, 0xFF }, \
  { 0xFF, 0xFF, 0xFF, 0xFF }, \
  { 0xFF, 0xFF, 0xFF, 0xFF }, \
  { 0xFF, 0xFF, 0xFF, 0xFF }, \
  { 0xFF, 0xFF, 0xFF, 0xFF }, \
  { 0xFF, 0xFF, 0xFF, 0xFF }, \
  { 0xFF, 0xFF, 0xFF, 0xFF }, \
  { 0xFF, 0xFF, 0xFF, 0xFF }, \
  { 0xFF, 0xFF, 0xFF, 0xFF }, \
  { 0xFF, 0xFF, 0xFF, 0xFF }, \
  { 0xFF, 0xFF, 0xFF, 0xFF }, \
  { 0xFF, 0xFF, 0xFF, 0xFF }, \
  { 0xFF, 0xFF, 0xFF, 0xFF }, \
  { 0xFF, 0xFF, 0xFF, 0xFF }, \
  { 0xFF, 0xFF, 0xFF, 0xFF }, \
  { 0xFF, 0xFF, 0xFF, 0xFF }, \
  { 0xFF, 0xFF, 0xFF, 0xFF }, \
  { 0xFF, 0xFF, 0xFF, 0xFF }, \
  { 0xFF, 0xFF, 0xFF, 0xFF }, \
  { 0xFF, 0xFF, 0xFF, 0xFF }, \
  { 0xFF, 0xFF, 0xFF, 0xFF }, \
  { 0xFF, 0xFF, 0xFF, 0xFF }, \
  { 0xFF, 0xFF, 0xFF, 0xFF }, \
  { 0xFF, 0xFF, 0xFF, 0xFF }, \
  { 0xFF, 0xFF, 0xFF, 0xFF }, \
  { 0xFF, 0xFF, 0xFF, 0xFF }, \
  { 0xFF, 0xFF, 0xFF, 0xFF }, \
  { 0xFF, 0xFF, 0xFF, 0xFF }, \
  { 0xFF, 0xFF, 0xFF, 0xFF }, \
  { 0xFF, 0xFF, 0xFF, 0xFF }, \
  { 0xFF, 0xFF, 0xFF, 0xFF }, \
  { 0xFF, 0xFF, 0xFF, 0xFF }, \
  { 0xFF, 0xFF, 0xFF, 0xFF }, \
  { 0xFF, 0xFF, 0xFF, 0xFF }, \
  { 0xFF, 0xFF, 0xFF, 0xFF }, \
  { 0xFF, 0xFF, 0xFF, 0xFF }, \
  { 0xFF, 0xFF, 0xFF, 0xFF }, \
  { 0xFF, 0xFF, 0xFF, 0xFF }, \
  { 0xFF, 0xFF, 0xFF, 0xFF }, \
  { 0xFF, 0xFF, 0xFF, 0xFF }, \
  { 0xFF, 0xFF, 0xFF, 0xFF }, \
  { 0xFF, 0xFF, 0xFF, 0xFF }, \
  { 0xFF, 0xFF, 0xFF, 0xFF }, \
  { 0xFF, 0xFF, 0xFF, 0xFF }, \
  { 0xFF, 0xFF, 0xFF, 0xFF }, \
  { 0xFF, 0xFF, 0xFF, 0xFF }, \
  { 0xFF, 0xFF, 0xFF, 0xFF }, \
  { 0xFF, 0xFF, 0xFF, 0xFF }, \
  { 0xFF, 0xFF, 0xFF, 0xFF }, \
  { 0xFF, 0xFF, 0xFF, 0xFF }, \
  { 0xFF, 0xFF, 0xFF, 0xFF }, \
  { 0xFF, 0xFF, 0xFF, 0xFF }, \
  { 0xFF, 0xFF, 0xFF, 0xFF }, \
  { 0xFF, 0xFF, 0xFF, 0xFF }, \
  { 0xFF, 0xFF, 0xFF, 0xFF }, \
  { 0xFF, 0xFF, 0xFF, 0xFF }, \
  { 0xFF, 0xFF, 0xFF, 0xFF }, \
  { 0xFF, 0xFF, 0xFF, 0xFF }, \
  { 0xFF, 0xFF, 0xFF, 0xFF }, \
  { 0xFF, 0xFF, 0xFF, 0xFF }, \
  { 0xFF, 0xFF, 0xFF, 0xFF }, \
  { 0xFF, 0xFF, 0xFF, 0xFF }, \
  { 0xFF, 0xFF, 0xFF, 0xFF }, \
  { 0xFF, 0xFF, 0xFF, 0xFF }, \
  { 0xFF, 0xFF, 0xFF, 0xFF }, \
  { 0xFF, 0xFF, 0xFF, 0xFF }, \
  { 0xFF, 0xFF, 0xFF, 0xFF }, \
  { 0xFF, 0xFF, 0xFF, 0xFF }, \
  { 0xFF, 0xFF, 0xFF, 0xFF }, \
  { 0xFF, 0xFF, 0xFF, 0xFF }, \
  { 0xFF, 0xFF, 0xFF, 0xFF }, \
  { 0xFF, 0xFF, 0xFF, 0xFF }, \
  { 0xFF, 0xFF, 0xFF, 0xFF }, \
  { 0xFF, 0xFF, 0xFF, 0xFF }, \
  { 0xFF, 0xFF, 0xFF, 0xFF }, \
  { 0xFF, 0xFF, 0xFF, 0xFF }, \
  { 0xFF, 0xFF, 0xFF, 0xFF }, \
  { 0xFF, 0xFF, 0xFF, 0xFF }, \
  { 0xFF, 0xFF, 0xFF, 0xFF }, \
  { 0xFF, 0xFF, 0xFF, 0xFF }, \
  { 0xFF, 0xFF, 0xFF, 0xFF }, \
  { 0xFF, 0xFF, 0xFF, 0xFF }, \
  { 0xFF, 0xFF, 0xFF, 0xFF }, \
  { 0xFF, 0xFF, 0xFF, 0xFF }, \
  { 0xFF, 0xFF, 0xFF, 0xFF }, \
  { 0xFF, 0xFF, 0xFF, 0xFF }, \
  { 0xFF, 0xFF, 0xFF, 0xFF }, \
  { 0xFF, 0xFF, 0xFF, 0xFF }, \
  { 0xFF, 0xFF, 0xFF, 0xFF }, \
  { 0xFF, 0xFF, 0xFF, 0xFF }, \
  { 0xFF, 0xFF, 0xFF, 0xFF }, \
  { 0xFF, 0xFF, 0xFF, 0xFF }, \
  { 0xFF, 0xFF, 0xFF, 0xFF }, \
  { 0xFF, 0xFF, 0xFF, 0xFF }, \
  { 0xFF, 0xFF, 0xFF, 0xFF }, \
  { 0xFF, 0xFF, 0xFF, 0xFF }, \
  { 0xFF, 0xFF, 0xFF, 0xFF }, \
  { 0xFF, 0xFF, 0xFF, 0xFF }, \
  { 0xFF, 0xFF, 0xFF, 0xFF }, \
  { 0xFF, 0xFF, 0xFF, 0xFF }, \
  { 0xFF, 0xFF, 0xFF, 0xFF }, \
  { 0xFF, 0xFF, 0xFF, 0xFF }, \
  { 0xFF, 0xFF, 0xFF, 0xFF }, \
  { 0xFF, 0xFF, 0xFF, 0xFF }, \
  { 0xFF, 0xFF, 0xFF, 0xFF }, \
  { 0xFF, 0xFF, 0xFF, 0xFF }, \
  { 0xFF, 0xFF, 0xFF, 0xFF }, \
  { 0xFF, 0xFF, 0xFF, 0xFF }, \
  { 0xFF, 0xFF, 0xFF, 0xFF }, \
  { 0xFF, 0xFF, 0xFF, 0xFF }, \
  { 0xFF, 0xFF, 0xFF, 0xFF }, \
  { 0xFF, 0xFF, 0xFF, 0xFF }, \
  { 0xFF, 0xFF, 0xFF, 0xFF }, \
  { 0xFF, 0xFF, 0xFF, 0xFF }, \
  { 0xFF, 0xFF, 0xFF, 0xFF }, \
  { 0xFF, 0xFF, 0xFF, 0xFF }, \
  { 0xFF, 0xFF, 0xFF, 0xFF }, \
  { 0xFF, 0xFF, 0xFF, 0xFF }, \
  { 0xFF, 0xFF, 0xFF, 0xFF }, \
  { 0xFF, 0xFF, 0xFF, 0xFF }, \
  { 0xFF, 0xFF, 0xFF, 0xFF }, \
  { 0xFF, 0xFF, 0xFF, 0xFF }, \
  { 0xFF, 0xFF, 0xFF, 0xFF }, \
  { 0xFF, 0xFF, 0xFF, 0xFF }, \
  { 0xFF, 0xFF, 0xFF, 0xFF }, \
  { 0xFF, 0xFF, 0xFF, 0xFF }, \
  { 0xFF, 0xFF, 0xFF, 0xFF }, \
  { 0xFF, 0xFF, 0xFF, 0xFF }, \
  { 0xFF, 0xFF, 0xFF, 0xFF }, \
  { 0xFF, 0xFF, 0xFF, 0xFF }, \
  { 0xFF, 0xFF, 0xFF, 0xFF }, \
  { 0xFF, 0xFF, 0xFF, 0xFF }, \
  { 0xFF, 0xFF, 0xFF, 0xFF }, \
  { 0xFF, 0xFF, 0xFF, 0xFF }, \
  { 0xFF, 0xFF, 0xFF, 0xFF }, \
  { 0xFF, 0xFF, 0xFF, 0xFF }, \
  { 0xFF, 0xFF, 0xFF, 0xFF }, \
  { 0xFF, 0xFF, 0xFF, 0xFF }, \
  { 0xFF, 0xFF, 0xFF, 0xFF }, \
  { 0xFF, 0xFF, 0xFF, 0xFF }, \
  { 0xFF, 0xFF, 0xFF, 0xFF }, \
  { 0xFF, 0xFF, 0xFF, 0xFF }, \
  { 0xFF, 0xFF, 0xFF, 0xFF }, \
  { 0xFF, 0xFF, 0xFF, 0xFF }, \
  { 0xFF, 0xFF, 0xFF, 0xFF }, \
  { 0xFF, 0xFF, 0xFF, 0xFF }, \
  { 0xFF, 0xFF, 0xFF, 0xFF }, \
  { 0xFF, 0xFF, 0xFF, 0xFF }, \
  { 0xFF, 0xFF, 0xFF, 0xFF }, \
  { 0xFF, 0xFF, 0xFF, 0xFF }, \
  { 0xFF, 0xFF, 0xFF, 0xFF }, \
  { 0xFF, 0xFF, 0xFF, 0xFF }, \
  { 0xFF, 0xFF, 0xFF, 0xFF }, \
  { 0xFF, 0xFF, 0xFF, 0xFF }, \
  { 0xFF, 0xFF, 0xFF, 0xFF }, \
  { 0xFF, 0xFF, 0xFF, 0xFF }, \
  { 0xFF, 0xFF, 0xFF, 0xFF }, \
  { 0xFF, 0xFF, 0xFF, 0xFF }, \
  { 0xFF, 0xFF, 0xFF, 0xFF }, \
  { 0xFF, 0xFF, 0xFF, 0xFF }, \
  { 0xFF, 0xFF, 0xFF, 0xFF }, \
  { 0xFF, 0xFF, 0xFF, 0xFF }, \
  { 0xFF, 0xFF, 0xFF, 0xFF }, \
  { 0xFF, 0xFF, 0xFF, 0xFF }, \
  { 0xFF, 0xFF, 0xFF, 0xFF }, \
  { 0xFF, 0xFF, 0xFF, 0xFF }, \
  { 0xFF, 0xFF, 0xFF, 0xFF }, \
  { 0xFF, 0xFF, 0xFF, 0xFF }, \
  { 0xFF, 0xFF, 0xFF, 0xFF }, \
  { 0xFF, 0xFF, 0xFF, 0xFF }, \
  { 0xFF, 0xFF, 0xFF, 0xFF }, \
  { 0xFF, 0xFF, 0xFF, 0xFF }, \
  { 0xFF, 0xFF, 0xFF, 0xFF }, \
  { 0xFF, 0xFF, 0xFF, 0xFF }, \
  { 0xFF, 0xFF, 0xFF, 0xFF }, \
  { 0xFF, 0xFF, 0xFF, 0xFF }, \
  { 0xFF, 0xFF, 0xFF, 0xFF }, \
  { 0xFF, 0xFF, 0xFF, 0xFF }, \
  { 0xFF, 0xFF, 0xFF, 0xFF }, \
  { 0xFF, 0xFF, 0xFF, 0xFF }, \
  { 0xFF, 0xFF, 0xFF, 0xFF }, \
  { 0xFF, 0xFF, 0xFF, 0xFF }, \
  { 0xFF, 0xFF, 0xFF, 0xFF }, \
  { 0xFF, 0xFF, 0xFF, 0xFF }, \
  { 0xFF, 0xFF, 0xFF, 0xFF }, \
  { 0xFF, 0xFF, 0xFF, 0xFF }, \
  { 0xFF, 0xFF, 0xFF, 0xFF }, \
  { 0xFF, 0xFF, 0xFF, 0xFF }, \
  { 0xFF, 0xFF, 0xFF, 0xFF }, \
  { 0xFF, 0xFF, 0xFF, 0xFF }, \
  { 0xFF, 0xFF, 0xFF, 0xFF }, \
  { 0xFF, 0xFF, 0xFF, 0xFF }, \
  { 0xFF, 0xFF, 0xFF, 0xFF }, \
  { 0xFF, 0xFF, 0xFF, 0xFF }, \
  { 0xFF, 0xFF, 0xFF, 0xFF }, \
  { 0xFF, 0xFF, 0xFF, 0xFF }, \
  { 0xFF, 0xFF, 0xFF, 0xFF }, \
  { 0xFF, 0xFF, 0xFF, 0xFF }, \
  { 0xFF, 0xFF, 0xFF, 0xFF }, \
  { 0xFF, 0xFF, 0xFF, 0xFF }, \
  { 0xFF, 0xFF, 0xFF, 0xFF }, \
  { 0xFF, 0xFF, 0xFF, 0xFF }, \
  { 0xFF, 0xFF, 0xFF, 0xFF }, \
  { 0xFF, 0xFF, 0xFF, 0xFF }, \
  { 0xFF, 0xFF, 0xFF, 0xFF }, \
  { 0xFF, 0xFF, 0xFF, 0xFF }, \
  { 0xFF, 0xFF, 0xFF, 0xFF }, \
  { 0xFF, 0xFF, 0xFF, 0xFF }, \
  { 0xFF, 0xFF, 0xFF, 0xFF }, \
  { 0xFF, 0xFF, 0xFF, 0xFF }, \
  { 0xFF, 0xFF, 0xFF, 0xFF }, \
  { 0xFF, 0xFF, 0xFF, 0xFF }, \
  { 0xFF, 0xFF, 0xFF, 0xFF }, \
  { 0xFF, 0xFF, 0xFF, 0xFF }, \
  { 0xFF, 0xFF, 0xFF, 0xFF }, \
  { 0xFF, 0xFF, 0xFF, 0xFF }, \
  { 0xFF, 0xFF, 0xFF, 0xFF }, \
  { 0xFF, 0xFF, 0xFF, 0xFF }, \
  { 0xFF, 0xFF, 0xFF, 0xFF }, \
  { 0xFF, 0xFF, 0xFF, 0xFF }, \
  { 0xFF, 0xFF, 0xFF, 0xFF }, \
  { 0xFF, 0xFF, 0xFF, 0xFF }, \
  { 0xFF, 0xFF, 0xFF, 0xFF }, \
  { 0xFF, 0xFF, 0xFF, 0xFF }, \
  { 0xFF, 0xFF, 0xFF, 0xFF }, \
  { 0xFF, 0xFF, 0xFF, 0xFF }, \
  { 0xFF, 0xFF, 0xFF, 0xFF }, \
  { 0xFF, 0xFF, 0xFF, 0xFF }, \
  { 0xFF, 0xFF, 0xFF, 0xFF }, \
  { 0xFF, 0xFF, 0xFF, 0xFF }, \
  { 0xFF, 0xFF, 0xFF, 0xFF }, \
  { 0xFF, 0xFF, 0xFF, 0xFF }, \
  { 0xFF, 0xFF, 0xFF, 0xFF }, \
  { 0xFF, 0xFF, 0xFF, 0xFF }, \
  { 0xFF, 0xFF, 0xFF, 0xFF }, \
  { 0xFF, 0xFF, 0xFF, 0xFF }, \
  { 0xFF, 0xFF, 0xFF, 0xFF }, \
  { 0xFF, 0xFF, 0xFF, 0xFF }, \
  { 0xFF, 0xFF, 0xFF, 0xFF }, \
  { 0xFF, 0xFF, 0xFF, 0xFF }, \
  { 0xFF, 0xFF, 0xFF, 0xFF }, \
  { 0xFF, 0xFF, 0xFF, 0xFF }, \
  { 0xFF, 0xFF, 0xFF, 0xFF }, \
  { 0xFF, 0xFF, 0xFF, 0xFF }, \
  { 0xFF, 0xFF, 0xFF, 0xFF }, \
  { 0xFF, 0xFF, 0xFF, 0xFF }, \
  { 0xFF, 0xFF, 0xFF, 0xFF }, \
  { 0xFF, 0xFF, 0xFF, 0xFF }, \
  { 0xFF, 0xFF, 0xFF, 0xFF }, \
  { 0xFF, 0xFF, 0xFF, 0xFF }, \
  { 0xFF, 0xFF, 0xFF, 0xFF }, \
  { 0xFF, 0xFF, 0xFF, 0xFF }, \
  { 0xFF, 0xFF, 0xFF, 0xFF }, \
  { 0xFF, 0xFF, 0xFF, 0xFF }, \
  { 0xFF, 0xFF, 0xFF, 0xFF }, \
  { 0xFF, 0xFF, 0xFF, 0xFF }, \
  { 0xFF, 0xFF, 0xFF, 0xFF }, \
  { 0xFF, 0xFF, 0xFF, 0xFF }, \
  { 0xFF, 0xFF, 0xFF, 0xFF }, \
  { 0xFF, 0xFF, 0xFF, 0xFF }, \
  { 0xFF, 0xFF, 0xFF, 0xFF }, \
  { 0xFF, 0xFF, 0xFF, 0xFF }, \
  { 0xFF, 0xFF, 0xFF, 0xFF }, \
  { 0xFF, 0xFF, 0xFF, 0xFF }, \
  { 0xFF, 0xFF, 0xFF, 0xFF }, \
  { 0xFF, 0xFF, 0xFF, 0xFF }, \
  { 0xFF, 0xFF, 0xFF, 0xFF }, \
  { 0xFF, 0xFF, 0xFF, 0xFF }, \
  { 0xFF, 0xFF, 0xFF, 0xFF }, \
  { 0xFF, 0xFF, 0xFF, 0xFF }, \
  { 0xFF, 0xFF, 0xFF, 0xFF }, \
  { 0xFF, 0xFF, 0xFF, 0xFF }, \
  { 0xFF, 0xFF, 0xFF, 0xFF }, \
  { 0xFF, 0xFF, 0xFF, 0xFF }, \
  { 0xFF, 0xFF, 0xFF, 0xFF }, \
  { 0xFF, 0xFF, 0xFF, 0xFF }, \
  { 0xFF, 0xFF, 0xFF, 0xFF }, \
  { 0xFF, 0xFF, 0xFF, 0xFF }, \
  { 0xFF, 0xFF, 0xFF, 0xFF }, \
  { 0xFF, 0xFF, 0xFF, 0xFF }, \
  { 0xFF, 0xFF, 0xFF, 0xFF }, \
  { 0xFF, 0xFF, 0xFF, 0xFF }, \
  { 0xFF, 0xFF, 0xFF, 0xFF }, \
  { 0xFF, 0xFF, 0xFF, 0xFF }, \
  { 0xFF, 0xFF, 0xFF, 0xFF }, \
  { 0xFF, 0xFF, 0xFF, 0xFF }, \
  { 0xFF, 0xFF, 0xFF, 0xFF }, \
  { 0xFF, 0xFF, 0xFF, 0xFF }, \
  { 0xFF, 0xFF, 0xFF, 0xFF }, \
  { 0xFF, 0xFF, 0xFF, 0xFF }, \
  { 0xFF, 0xFF, 0xFF, 0xFF }, \
  { 0xFF, 0xFF, 0xFF, 0xFF }, \
  { 0xFF, 0xFF, 0xFF, 0xFF }, \
  { 0xFF, 0xFF, 0xFF, 0xFF }, \
  { 0xFF, 0xFF, 0xFF, 0xFF }, \
  { 0xFF, 0xFF, 0xFF, 0xFF }, \
  { 0xFF, 0xFF, 0xFF, 0xFF }, \
  { 0xFF, 0xFF, 0xFF, 0xFF }, \
  { 0xFF, 0xFF, 0xFF, 0xFF }, \
  { 0xFF, 0xFF, 0xFF, 0xFF }, \
  { 0xFF, 0xFF, 0xFF, 0xFF }, \
  { 0xFF, 0xFF, 0xFF, 0xFF }, \
  { 0xFF, 0xFF, 0xFF, 0xFF }, \
  { 0xFF, 0xFF, 0xFF, 0xFF }, \
  { 0xFF, 0xFF, 0xFF, 0xFF }, \
  { 0xFF, 0xFF, 0xFF, 0xFF }, \
  { 0xFF, 0xFF, 0xFF, 0xFF }, \
  { 0xFF, 0xFF, 0xFF, 0xFF }, \
  { 0xFF, 0xFF, 0xFF, 0xFF }, \
  { 0xFF, 0xFF, 0xFF, 0xFF }, \
  { 0xFF, 0xFF, 0xFF, 0xFF }, \
  { 0xFF, 0xFF, 0xFF, 0xFF }, \
  { 0xFF, 0xFF, 0xFF, 0xFF }, \
  { 0xFF, 0xFF, 0xFF, 0xFF }, \
  { 0xFF, 0xFF, 0xFF, 0xFF }, \
  { 0xFF, 0xFF, 0xFF, 0xFF }, \
  { 0xFF, 0xFF, 0xFF, 0xFF }, \
  { 0xFF, 0xFF, 0xFF, 0xFF }, \
  { 0xFF, 0xFF, 0xFF, 0xFF }, \
  { 0xFF, 0xFF, 0xFF, 0xFF }, \
  { 0xFF, 0xFF, 0xFF, 0xFF }, \
  { 0xFF, 0xFF, 0xFF, 0xFF }, \
  { 0xFF, 0xFF, 0xFF, 0xFF }, \
  { 0xFF, 0xFF, 0xFF, 0xFF }, \
  { 0xFF, 0xFF, 0xFF, 0xFF }, \
  { 0xFF, 0xFF, 0xFF, 0xFF }, \
  { 0xFF, 0xFF, 0xFF, 0xFF }, \
  { 0xFF, 0xFF, 0xFF, 0xFF }, \
  { 0xFF, 0xFF, 0xFF, 0xFF }, \
  { 0xFF, 0xFF, 0xFF, 0xFF }, \
  { 0xFF, 0xFF, 0xFF, 0xFF }, \
  { 0xFF, 0xFF, 0xFF, 0xFF }, \
  { 0xFF, 0xFF, 0xFF, 0xFF }, \
  { 0xFF, 0xFF, 0xFF, 0xFF }, \
  { 0xFF, 0xFF, 0xFF, 0xFF }, \
  { 0xFF, 0xFF, 0xFF, 0xFF }, \
  { 0xFF, 0xFF, 0xFF, 0xFF }, \
  { 0xFF, 0xFF, 0xFF, 0xFF }, \
  { 0xFF, 0xFF, 0xFF, 0xFF }, \
  { 0xFF, 0xFF, 0xFF, 0xFF }, \
  { 0xFF, 0xFF, 0xFF, 0xFF }, \
  { 0xFF, 0xFF, 0xFF, 0xFF }, \
  { 0xFF, 0xFF, 0xFF, 0xFF }, \
  { 0xFF, 0xFF, 0xFF, 0xFF }, \
  { 0xFF, 0xFF, 0xFF, 0xFF }, \
  { 0xFF, 0xFF, 0xFF, 0xFF }, \
  { 0xFF, 0xFF, 0xFF, 0xFF }, \
  { 0xFF, 0xFF, 0xFF, 0xFF }, \
  { 0xFF, 0xFF, 0xFF, 0xFF }, \
  { 0xFF, 0xFF, 0xFF, 0xFF }, \
  { 0xFF, 0xFF, 0xFF, 0xFF }, \
  { 0xFF, 0xFF, 0xFF, 0xFF }, \
  { 0xFF, 0xFF, 0xFF, 0xFF }, \
  { 0xFF, 0xFF, 0xFF, 0xFF }, \
  { 0xFF, 0xFF, 0xFF, 0xFF }, \
  { 0xFF, 0xFF, 0xFF, 0xFF }, \
  { 0xFF, 0xFF, 0xFF, 0xFF }, \
  { 0xFF, 0xFF, 0xFF, 0xFF }, \
  { 0xFF, 0xFF, 0xFF, 0xFF }, \
  { 0xFF, 0xFF, 0xFF, 0xFF }, \
  { 0xFF, 0xFF, 0xFF, 0xFF }, \
  { 0xFF, 0xFF, 0xFF, 0xFF }, \
  { 0xFF, 0xFF, 0xFF, 0xFF }, \
  { 0xFF, 0xFF, 0xFF, 0xFF }, \
  { 0xFF, 0xFF, 0xFF, 0xFF }, \
  { 0xFF, 0xFF, 0xFF, 0xFF }, \
  { 0xFF, 0xFF, 0xFF, 0xFF }, \
  { 0xFF, 0xFF, 0xFF, 0xFF }, \
  { 0xFF, 0xFF, 0xFF, 0xFF }, \
  { 0xFF, 0xFF, 0xFF, 0xFF }, \
  { 0xFF, 0xFF, 0xFF, 0xFF }, \
  { 0xFF, 0xFF, 0xFF, 0xFF }, \
  { 0xFF, 0xFF, 0xFF, 0xFF }, \
  { 0xFF, 0xFF, 0xFF, 0xFF }, \
  { 0xFF, 0xFF, 0xFF, 0xFF }, \
  { 0xFF, 0xFF, 0xFF, 0xFF }, \
  { 0xFF, 0xFF, 0xFF, 0xFF }, \
  { 0xFF, 0xFF, 0xFF, 0xFF }, \
  { 0xFF, 0xFF, 0xFF, 0xFF }, \
  { 0xFF, 0xFF, 0xFF, 0xFF }, \
  { 0xFF, 0xFF, 0xFF, 0xFF }, \
  { 0xFF, 0xFF, 0xFF, 0xFF }, \
  { 0xFF, 0xFF, 0xFF, 0xFF }, \
  { 0xFF, 0xFF, 0xFF, 0xFF }, \
  { 0xFF, 0xFF, 0xFF, 0xFF }, \
  { 0xFF, 0xFF, 0xFF, 0xFF }, \
  { 0xFF, 0xFF, 0xFF, 0xFF }, \
  { 0xFF, 0xFF, 0xFF, 0xFF }, \
  { 0xFF, 0xFF, 0xFF, 0xFF }, \
  { 0xFF, 0xFF, 0xFF, 0xFF }, \
  { 0xFF, 0xFF, 0xFF, 0xFF }, \
  { 0xFF, 0xFF, 0xFF, 0xFF }, \
  { 0xFF, 0xFF, 0xFF, 0xFF }, \
  { 0xFF, 0xFF, 0xFF, 0xFF }, \
  { 0xFF, 0xFF, 0xFF, 0xFF }, \
  { 0xFF, 0xFF, 0xFF, 0xFF }, \
  { 0xFF, 0xFF, 0xFF, 0xFF }, \
  { 0xFF, 0xFF, 0xFF, 0xFF }, \
  { 0xFF, 0xFF, 0xFF, 0xFF }, \
  { 0xFF, 0xFF, 0xFF, 0xFF }, \
  { 0xFF, 0xFF, 0xFF, 0xFF }, \
  { 0xFF, 0xFF, 0xFF, 0xFF }, \
  { 0xFF, 0xFF, 0xFF, 0xFF }, \
  { 0xFF, 0xFF, 0xFF, 0xFF }, \
  { 0xFF, 0xFF, 0xFF, 0xFF }, \
  { 0xFF, 0xFF, 0xFF, 0xFF }, \
  { 0xFF, 0xFF, 0xFF, 0xFF }, \
  { 0xFF, 0xFF, 0xFF, 0xFF }, \
  { 0xFF, 0xFF, 0xFF, 0xFF }, \
  { 0xFF, 0xFF, 0xFF, 0xFF }, \
  { 0xFF, 0xFF, 0xFF, 0xFF }, \
  { 0xFF, 0xFF, 0xFF, 0xFF }, \
  { 0xFF, 0xFF, 0xFF, 0xFF }, \
  { 0xFF, 0xFF, 0xFF, 0xFF }, \
  { 0xFF, 0xFF, 0xFF, 0xFF }, \
  { 0xFF, 0xFF, 0xFF, 0xFF }, \
  { 0xFF, 0xFF, 0xFF, 0xFF }, \
  { 0xFF, 0xFF, 0xFF, 0xFF }, \
  { 0xFF, 0xFF, 0xFF, 0xFF }, \
  { 0xFF, 0xFF, 0xFF, 0xFF }, \
  { 0xFF, 0xFF, 0xFF, 0xFF }, \
  { 0xFF, 0xFF, 0xFF, 0xFF }, \
  { 0xFF, 0xFF, 0xFF, 0xFF }, \
  { 0xFF, 0xFF, 0xFF, 0xFF }, \
  { 0xFF, 0xFF, 0xFF, 0xFF }, \
  { 0xFF, 0xFF, 0xFF, 0xFF }, \
  { 0xFF, 0xFF, 0xFF, 0xFF }, \
  { 0xFF, 0xFF, 0xFF, 0xFF }, \
  { 0xFF, 0xFF, 0xFF, 0xFF }, \
  { 0xFF, 0xFF, 0xFF, 0xFF }, \
  { 0xFF, 0xFF, 0xFF, 0xFF }, \
  { 0xFF, 0xFF, 0xFF, 0xFF }, \
  { 0xFF, 0xFF, 0xFF, 0xFF }, \
  { 0xFF, 0xFF, 0xFF, 0xFF }, \
  { 0xFF, 0xFF, 0xFF, 0xFF }, \
  { 0xFF, 0xFF, 0xFF, 0xFF }, \
  { 0xFF, 0xFF, 0xFF, 0xFF }, \
  { 0xFF, 0xFF, 0xFF, 0xFF }, \
  { 0xFF, 0xFF, 0xFF, 0xFF }, \
  { 0xFF, 0xFF, 0xFF, 0xFF }, \
  { 0xFF, 0xFF, 0xFF, 0xFF }, \
  { 0xFF, 0xFF, 0xFF, 0xFF }, \
  { 0xFF, 0xFF, 0xFF, 0xFF }, \
  { 0xFF, 0xFF, 0xFF, 0xFF }, \
  { 0xFF, 0xFF, 0xFF, 0xFF }, \
  { 0xFF, 0xFF, 0xFF, 0xFF }, \
  { 0xFF, 0xFF, 0xFF, 0xFF }, \
  { 0xFF, 0xFF, 0xFF, 0xFF }, \
  { 0xFF, 0xFF, 0xFF, 0xFF }, \
  { 0xFF, 0xFF, 0xFF, 0xFF }, \
  { 0xFF, 0xFF, 0xFF, 0xFF }, \
  { 0xFF, 0xFF, 0xFF, 0xFF }, \
  { 0xFF, 0xFF, 0xFF, 0xFF }, \
  { 0xFF, 0xFF, 0xFF, 0xFF }, \
  { 0xFF, 0xFF, 0xFF, 0xFF }, \
  { 0xFF, 0xFF, 0xFF, 0xFF }, \
  { 0xFF, 0xFF, 0xFF, 0xFF }, \
  { 0xFF, 0xFF, 0xFF, 0xFF }, \
  { 0xFF, 0xFF, 0xFF, 0xFF }, \
  { 0xFF, 0xFF, 0xFF, 0xFF }, \
  { 0xFF, 0xFF, 0xFF, 0xFF }, \
  { 0xFF, 0xFF, 0xFF, 0xFF }, \
  { 0xFF, 0xFF, 0xFF, 0xFF }, \
  { 0xFF, 0xFF, 0xFF, 0xFF }, \
  { 0xFF, 0xFF, 0xFF, 0xFF }, \
  { 0xFF, 0xFF, 0xFF, 0xFF }, \
  { 0xFF, 0xFF, 0xFF, 0xFF }, \
  { 0xFF, 0xFF, 0xFF, 0xFF }, \
  { 0xFF, 0xFF, 0xFF, 0xFF }, \
  { 0xFF, 0xFF, 0xFF, 0xFF }, \
  { 0xFF, 0xFF, 0xFF, 0xFF }, \
  { 0xFF, 0xFF, 0xFF, 0xFF }, \
  { 0xFF, 0xFF, 0xFF, 0xFF }, \
  { 0xFF, 0xFF, 0xFF, 0xFF }, \
  { 0xFF, 0xFF, 0xFF, 0xFF }, \
  { 0xFF, 0xFF, 0xFF, 0xFF }, \
  { 0xFF, 0xFF, 0xFF, 0xFF }, \
  { 0xFF, 0xFF, 0xFF, 0xFF }, \
  { 0xFF, 0xFF, 0xFF, 0xFF }, \
  { 0xFF, 0xFF, 0xFF, 0xFF }, \
  { 0xFF, 0xFF, 0xFF, 0xFF }, \
  { 0xFF, 0xFF, 0xFF, 0xFF }, \
  { 0xFF, 0xFF, 0xFF, 0xFF }, \
  { 0xFF, 0xFF, 0xFF, 0xFF }, \
  { 0xFF, 0xFF, 0xFF, 0xFF }, \
  { 0xFF, 0xFF, 0xFF, 0xFF }, \
  { 0xFF, 0xFF, 0xFF, 0xFF }, \
  { 0xFF, 0xFF, 0xFF, 0xFF }, \
  { 0xFF, 0xFF, 0xFF, 0xFF }, \
  { 0xFF, 0xFF, 0xFF, 0xFF }, \
  { 0xFF, 0xFF, 0xFF, 0xFF }, \
  { 0xFF, 0xFF, 0xFF, 0xFF }, \
  { 0xFF, 0xFF, 0xFF, 0xFF }, \
  { 0xFF, 0xFF, 0xFF, 0xFF }, \
  { 0xFF, 0xFF, 0xFF, 0xFF }, \
  { 0xFF, 0xFF, 0xFF, 0xFF }, \
  { 0xFF, 0xFF, 0xFF, 0xFF }, \
  { 0xFF, 0xFF, 0xFF, 0xFF }, \
  { 0xFF, 0xFF, 0xFF, 0xFF }, \
  { 0xFF, 0xFF, 0xFF, 0xFF }, \
  { 0xFF, 0xFF, 0xFF, 0xFF }, \
  { 0xFF, 0xFF, 0xFF, 0xFF }, \
  { 0xFF, 0xFF, 0xFF, 0xFF }, \
  { 0xFF, 0xFF, 0xFF, 0xFF }, \
  { 0xFF, 0xFF, 0xFF, 0xFF }, \
  { 0xFF, 0xFF, 0xFF, 0xFF }, \
  { 0xFF, 0xFF, 0xFF, 0xFF }, \
  { 0xFF, 0xFF, 0xFF, 0xFF }, \
  { 0xFF, 0xFF, 0xFF, 0xFF }, \
  { 0xFF, 0xFF, 0xFF, 0xFF }, \
  { 0xFF, 0xFF, 0xFF, 0xFF }, \
  { 0xFF, 0xFF, 0xFF, 0xFF }, \
  { 0xFF, 0xFF, 0xFF, 0xFF }, \
  { 0xFF, 0xFF, 0xFF, 0xFF }, \
  { 0xFF, 0xFF, 0xFF, 0xFF }, \
  { 0xFF, 0xFF, 0xFF, 0xFF }, \
  { 0xFF, 0xFF, 0xFF, 0xFF }, \
  { 0xFF, 0xFF, 0xFF, 0xFF }, \
  { 0xFF, 0xFF, 0xFF, 0xFF }, \
  { 0xFF, 0xFF, 0xFF, 0xFF }, \
  { 0xFF, 0xFF, 0xFF, 0xFF }, \
  { 0xFF, 0xFF, 0xFF, 0xFF }, \
  { 0xFF, 0xFF, 0xFF, 0xFF }, \
  { 0xFF, 0xFF, 0xFF, 0xFF }, \
  { 0xFF, 0xFF, 0xFF, 0xFF }, \
  { 0xFF, 0xFF, 0xFF, 0xFF }, \
  { 0xFF, 0xFF, 0xFF, 0xFF }, \
  { 0xFF, 0xFF, 0xFF, 0xFF }, \
  { 0xFF, 0xFF, 0xFF, 0xFF }, \
  { 0xFF, 0xFF, 0xFF, 0xFF }, \
  { 0xFF, 0xFF, 0xFF, 0xFF }, \
  { 0xFF, 0xFF, 0xFF, 0xFF }, \
  { 0xFF, 0xFF, 0xFF, 0xFF }, \
  { 0xFF, 0xFF, 0xFF, 0xFF }, \
  { 0xFF, 0xFF, 0xFF, 0xFF }, \
  { 0xFF, 0xFF, 0xFF, 0xFF }, \
  { 0xFF, 0xFF, 0xFF, 0xFF }, \
  { 0xFF, 0xFF, 0xFF, 0xFF }, \
  { 0xFF, 0xFF, 0xFF, 0xFF }, \
  { 0xFF, 0xFF, 0xFF, 0xFF }, \
  { 0xFF, 0xFF, 0xFF, 0xFF }, \
  { 0xFF, 0xFF, 0xFF, 0xFF }, \
  { 0xFF, 0xFF, 0xFF, 0xFF }, \
  { 0xFF, 0xFF, 0xFF, 0xFF }, \
  { 0xFF, 0xFF, 0xFF, 0xFF }, \
  { 0xFF, 0xFF, 0xFF, 0xFF }, \
  { 0xFF, 0xFF, 0xFF, 0xFF }, \
  { 0xFF, 0xFF, 0xFF, 0xFF }, \
  { 0xFF, 0xFF, 0xFF, 0xFF }, \
  { 0xFF, 0xFF, 0xFF, 0xFF }, \
  { 0xFF, 0xFF, 0xFF, 0xFF }, \
  { 0xFF, 0xFF, 0xFF, 0xFF }, \
  { 0xFF, 0xFF, 0xFF, 0xFF }, \
  { 0xFF, 0xFF, 0xFF, 0xFF }, \
  { 0xFF, 0xFF, 0xFF, 0xFF }, \
  { 0xFF, 0xFF, 0xFF, 0xFF }, \
  { 0xFF, 0xFF, 0xFF, 0xFF }, \
  { 0xFF, 0xFF, 0xFF, 0xFF }, \
  { 0xFF, 0xFF, 0xFF, 0xFF }, \
  { 0xFF, 0xFF, 0xFF, 0xFF }, \
  { 0xFF, 0xFF, 0xFF, 0xFF }, \
  { 0xFF, 0xFF, 0xFF, 0xFF }, \
  { 0xFF, 0xFF, 0xFF, 0xFF }, \
  { 0xFF, 0xFF, 0xFF, 0xFF }, \
  { 0xFF, 0xFF, 0xFF, 0xFF }, \
  { 0xFF, 0xFF, 0xFF, 0xFF }, \
  { 0xFF, 0xFF, 0xFF, 0xFF }, \
  { 0xFF, 0xFF, 0xFF, 0xFF }, \
  { 0xFF, 0xFF, 0xFF, 0xFF }, \
  { 0xFF, 0xFF, 0xFF, 0xFF }, \
  { 0xFF, 0xFF, 0xFF, 0xFF }, \
  { 0xFF, 0xFF, 0xFF, 0xFF }, \
  { 0xFF, 0xFF, 0xFF, 0xFF }, \
  { 0xFF, 0xFF, 0xFF, 0xFF }, \
  { 0xFF, 0xFF, 0xFF, 0xFF }, \
  { 0xFF, 0xFF, 0xFF, 0xFF }, \
  { 0xFF, 0xFF, 0xFF, 0xFF }, \
  { 0xFF, 0xFF, 0xFF, 0xFF }, \
  { 0xFF, 0xFF, 0xFF, 0xFF }, \
  { 0xFF, 0xFF, 0xFF, 0xFF }, \
  { 0xFF, 0xFF, 0xFF, 0xFF }, \
  { 0xFF, 0xFF, 0xFF, 0xFF }, \
  { 0xFF, 0xFF, 0xFF, 0xFF }, \
  { 0xFF, 0xFF, 0xFF, 0xFF }, \
  { 0xFF, 0xFF, 0xFF, 0xFF }, \
  { 0xFF, 0xFF, 0xFF, 0xFF }, \
  { 0xFF, 0xFF, 0xFF, 0xFF }, \
  { 0xFF, 0xFF, 0xFF, 0xFF }, \
  { 0xFF, 0xFF, 0xFF, 0xFF }, \
  { 0xFF, 0xFF, 0xFF, 0xFF }, \
  { 0xFF, 0xFF, 0xFF, 0xFF }, \
  { 0xFF, 0xFF, 0xFF, 0xFF }, \
  { 0xFF, 0xFF, 0xFF, 0xFF }, \
  { 0xFF, 0xFF, 0xFF, 0xFF }, \
  { 0xFF, 0xFF, 0xFF, 0xFF }, \
  { 0xFF, 0xFF, 0xFF, 0xFF }, \
  { 0xFF, 0xFF, 0xFF, 0xFF }, \
  { 0xFF, 0xFF, 0xFF, 0xFF }, \
  { 0xFF, 0xFF, 0xFF, 0xFF }, \
  { 0xFF, 0xFF, 0xFF, 0xFF }, \
  { 0xFF, 0xFF, 0xFF, 0xFF }, \
  { 0xFF, 0xFF, 0xFF, 0xFF }, \
  { 0xFF, 0xFF, 0xFF, 0xFF }, \
  { 0xFF, 0xFF, 0xFF, 0xFF }, \
  { 0xFF, 0xFF, 0xFF, 0xFF }, \
  { 0xFF, 0xFF, 0xFF, 0xFF }, \
  { 0xFF, 0xFF, 0xFF, 0xFF }, \
  { 0xFF, 0xFF, 0xFF, 0xFF }, \
  { 0xFF, 0xFF, 0xFF, 0xFF }, \
  { 0xFF, 0xFF, 0xFF, 0xFF }, \
  { 0xFF, 0xFF, 0xFF, 0xFF }, \
  { 0xFF, 0xFF, 0xFF, 0xFF }, \
  { 0xFF, 0xFF, 0xFF, 0xFF }, \
  { 0xFF, 0xFF, 0xFF, 0xFF }, \
  { 0xFF, 0xFF, 0xFF, 0xFF }, \
  { 0xFF, 0xFF, 0xFF, 0xFF }, \
  { 0xFF, 0xFF, 0xFF, 0xFF }, \
  { 0xFF, 0xFF, 0xFF, 0xFF }, \
  { 0xFF, 0xFF, 0xFF, 0xFF }, \
  { 0xFF, 0xFF, 0xFF, 0xFF }, \
  { 0xFF, 0xFF, 0xFF, 0xFF }, \
  { 0xFF, 0xFF, 0xFF, 0xFF }, \
  { 0xFF, 0xFF, 0xFF, 0xFF }, \
  { 0xFF, 0xFF, 0xFF, 0xFF }, \
  { 0xFF, 0xFF, 0xFF, 0xFF }, \
  { 0xFF, 0xFF, 0xFF, 0xFF }, \
  { 0xFF, 0xFF, 0xFF, 0xFF }, \
  { 0xFF, 0xFF, 0xFF, 0xFF }, \
  { 0xFF, 0xFF, 0xFF, 0xFF }, \
  { 0xFF, 0xFF, 0xFF, 0xFF }, \
  { 0xFF, 0xFF, 0xFF, 0xFF }, \
  { 0xFF, 0xFF, 0xFF, 0xFF }, \
  { 0xFF, 0xFF, 0xFF, 0xFF }, \
  { 0xFF, 0xFF, 0xFF, 0xFF }, \
  { 0xFF, 0xFF, 0xFF, 0xFF }, \
  { 0xFF, 0xFF, 0xFF, 0xFF }, \
  { 0xFF, 0xFF, 0xFF, 0xFF }, \
  { 0xFF, 0xFF, 0xFF, 0xFF }, \
  { 0xFF, 0xFF, 0xFF, 0xFF }, \
  { 0xFF, 0xFF, 0xFF, 0xFF }, \
  { 0xFF, 0xFF, 0xFF, 0xFF }, \
  { 0xFF, 0xFF, 0xFF, 0xFF }, \
  { 0xFF, 0xFF, 0xFF, 0xFF }, \
  { 0xFF, 0xFF, 0xFF, 0xFF }, \
  { 0xFF, 0xFF, 0xFF, 0xFF }, \
  { 0xFF, 0xFF, 0xFF, 0xFF }, \
  { 0xFF, 0xFF, 0xFF, 0xFF }, \
  { 0xFF, 0xFF, 0xFF, 0xFF }, \
  { 0xFF, 0xFF, 0xFF, 0xFF }, \
  { 0xFF, 0xFF, 0xFF, 0xFF }, \
  { 0xFF, 0xFF, 0xFF, 0xFF }, \
  { 0xFF, 0xFF, 0xFF, 0xFF }, \
  { 0xFF, 0xFF, 0xFF, 0xFF }, \
  { 0xFF, 0xFF, 0xFF, 0xFF }, \
  { 0xFF, 0xFF, 0xFF, 0xFF }, \
  { 0xFF, 0xFF, 0xFF, 0xFF }, \
  { 0xFF, 0xFF, 0xFF, 0xFF }, \
  { 0xFF, 0xFF, 0xFF, 0xFF }, \
  { 0xFF, 0xFF, 0xFF, 0xFF }, \
  { 0xFF, 0xFF, 0xFF, 0xFF }, \
  { 0xFF, 0xFF, 0xFF, 0xFF }, \
  { 0xFF, 0xFF, 0xFF, 0xFF }, \
  { 0xFF, 0xFF, 0xFF, 0xFF }, \
  { 0xFF, 0xFF, 0xFF, 0xFF }, \
  { 0xFF, 0xFF, 0xFF, 0xFF }, \
  { 0xFF, 0xFF, 0xFF, 0xFF }, \
  { 0xFF, 0xFF, 0xFF, 0xFF }, \
  { 0xFF, 0xFF, 0xFF, 0xFF }, \
  { 0xFF, 0xFF, 0xFF, 0xFF }, \
  { 0xFF, 0xFF, 0xFF, 0xFF }, \
  { 0xFF, 0xFF, 0xFF, 0xFF }, \
  { 0xFF, 0xFF, 0xFF, 0xFF }, \
  { 0xFF, 0xFF, 0xFF, 0xFF }, \
  { 0xFF, 0xFF, 0xFF, 0xFF }, \
  { 0xFF, 0xFF, 0xFF, 0xFF }, \
  { 0xFF, 0xFF, 0xFF, 0xFF }, \
  { 0xFF, 0xFF, 0xFF, 0xFF }, \
  { 0xFF, 0xFF, 0xFF, 0xFF }, \
  { 0xFF, 0xFF, 0xFF, 0xFF }, \
  { 0xFF, 0xFF, 0xFF, 0xFF }, \
  { 0xFF, 0xFF, 0xFF, 0xFF }, \
  { 0xFF, 0xFF, 0xFF, 0xFF }, \
  { 0xFF, 0xFF, 0xFF, 0xFF }, \
  { 0xFF, 0xFF, 0xFF, 0xFF }, \
  { 0xFF, 0xFF, 0xFF, 0xFF }, \
  { 0xFF, 0xFF, 0xFF, 0xFF }, \
  { 0xFF, 0xFF, 0xFF, 0xFF }, \
  { 0xFF, 0xFF, 0xFF, 0xFF }, \
  { 0xFF, 0xFF, 0xFF, 0xFF }, \
  { 0xFF, 0xFF, 0xFF, 0xFF }, \
  { 0xFF, 0xFF, 0xFF, 0xFF }, \
  { 0xFF, 0xFF, 0xFF, 0xFF }, \
  { 0xFF, 0xFF, 0xFF, 0xFF }, \
  { 0xFF, 0xFF, 0xFF, 0xFF }, \
  { 0xFF, 0xFF, 0xFF, 0xFF }, \
  { 0xFF, 0xFF, 0xFF, 0xFF }, \
  { 0xFF, 0xFF, 0xFF, 0xFF }, \
  { 0xFF, 0xFF, 0xFF, 0xFF }, \
  { 0xFF, 0xFF, 0xFF, 0xFF }, \
  { 0xFF, 0xFF, 0xFF, 0xFF }, \
  { 0xFF, 0xFF, 0xFF, 0xFF }, \
  { 0xFF, 0xFF, 0xFF, 0xFF }, \
  { 0xFF, 0xFF, 0xFF, 0xFF }, \
  { 0xFF, 0xFF, 0xFF, 0xFF }, \
  { 0xFF, 0xFF, 0xFF, 0xFF }, \
  { 0xFF, 0xFF, 0xFF, 0xFF }, \
  { 0xFF, 0xFF, 0xFF, 0xFF }, \
  { 0xFF, 0xFF, 0xFF, 0xFF }, \
  { 0xFF, 0xFF, 0xFF, 0xFF }, \
  { 0xFF, 0xFF, 0xFF, 0xFF }, \
  { 0xFF, 0xFF, 0xFF, 0xFF }, \
  { 0xFF, 0xFF, 0xFF, 0xFF }, \
  { 0xFF, 0xFF, 0xFF, 0xFF }, \
  { 0xFF, 0xFF, 0xFF, 0xFF }, \
  { 0xFF, 0xFF, 0xFF, 0xFF }, \
  { 0xFF, 0xFF, 0xFF, 0xFF }, \
  { 0xFF, 0xFF, 0xFF, 0xFF }, \
  { 0xFF, 0xFF, 0xFF, 0xFF }, \
  { 0xFF, 0xFF, 0xFF, 0xFF }, \
  { 0xFF, 0xFF, 0xFF, 0xFF }, \
  { 0xFF, 0xFF, 0xFF, 0xFF }, \
  { 0xFF, 0xFF, 0xFF, 0xFF }, \
  { 0xFF, 0xFF, 0xFF, 0xFF }, \
  { 0xFF, 0xFF, 0xFF, 0xFF }, \
  { 0xFF, 0xFF, 0xFF, 0xFF }, \
  { 0xFF, 0xFF, 0xFF, 0xFF }, \
} \
